2025-10-14 00:17:32,050 [WARN] IP:2250 - DEVICE_SERIAL0_CUSTOM_HID_FS not found: check if there is a RefParameter without a condition.
2025-10-14 00:17:32,071 [WARN] IP:2250 - DEVICE_SERIAL1_CUSTOM_HID_FS not found: check if there is a RefParameter without a condition.
2025-10-14 00:17:32,072 [WARN] IP:2250 - DEVICE_SERIAL2_CUSTOM_HID_FS not found: check if there is a RefParameter without a condition.
2025-10-14 00:17:32,080 [WARN] IP:2250 - DEVICE_SERIAL0_CUSTOM_HID_FS not found: check if there is a RefParameter without a condition.
2025-10-14 00:17:32,080 [WARN] IP:2250 - DEVICE_SERIAL1_CUSTOM_HID_FS not found: check if there is a RefParameter without a condition.
2025-10-14 00:17:32,081 [WARN] IP:2250 - DEVICE_SERIAL2_CUSTOM_HID_FS not found: check if there is a RefParameter without a condition.
2025-10-14 00:17:32,161 [WARN] IP:2250 - DEVICE_SERIAL0_CUSTOM_HID_FS not found: check if there is a RefParameter without a condition.
2025-10-14 00:17:32,161 [WARN] IP:2250 - DEVICE_SERIAL1_CUSTOM_HID_FS not found: check if there is a RefParameter without a condition.
2025-10-14 00:17:32,161 [WARN] IP:2250 - DEVICE_SERIAL2_CUSTOM_HID_FS not found: check if there is a RefParameter without a condition.
2025-10-14 00:17:35,895 [INFO] UtilMem:75 - End SaveConfig() Used Memory: 319449368 Bytes (825229312)
2025-10-14 00:17:36,581 [INFO] UtilMem:75 - End SaveConfig() Used Memory: 341886192 Bytes (825229312)
2025-10-14 00:17:38,187 [INFO] UtilMem:75 - End SaveConfig() Used Memory: 408578816 Bytes (825229312)
2025-10-14 00:17:38,819 [INFO] BlockDiagram:2775 - set Specific Code input for plugin: USB_OTG_FS
2025-10-14 00:17:38,819 [INFO] BlockDiagram:2775 - set Specific Code input for plugin: NVIC
2025-10-14 00:17:38,820 [INFO] BlockDiagram:2775 - set Specific Code input for plugin: USB_DEVICE
2025-10-14 00:17:38,820 [INFO] BlockDiagram:2775 - set Specific Code input for plugin: SYS
2025-10-14 00:17:38,820 [INFO] BlockDiagram:2775 - set Specific Code input for plugin: GPIO
2025-10-14 00:17:38,821 [INFO] BlockDiagram:2775 - set Specific Code input for plugin: RCC
2025-10-14 00:17:38,821 [INFO] BlockDiagram:2775 - set Specific Code input for plugin: I2C
2025-10-14 00:17:38,824 [INFO] CodeGenerator:892 - code generatio: config db path: G:\ST\STM32CubeIDE_1.19.0\STM32CubeIDE\plugins\com.st.stm32cube.common.mx_6.15.0.202507011659\\db\
2025-10-14 00:17:38,827 [WARN] IP:2250 - I2C_Coeff_DF not found: check if there is a RefParameter without a condition.
2025-10-14 00:17:38,828 [WARN] IP:2250 - Analog_Filter not found: check if there is a RefParameter without a condition.
2025-10-14 00:17:38,865 [WARN] IP:2250 - DEVICE_SERIAL0_CUSTOM_HID_FS not found: check if there is a RefParameter without a condition.
2025-10-14 00:17:38,865 [WARN] IP:2250 - DEVICE_SERIAL1_CUSTOM_HID_FS not found: check if there is a RefParameter without a condition.
2025-10-14 00:17:38,865 [WARN] IP:2250 - DEVICE_SERIAL2_CUSTOM_HID_FS not found: check if there is a RefParameter without a condition.
2025-10-14 00:17:39,097 [INFO] CodeEngine:265 - oldGeneratedFile, G:\ST\workspace\try1\MXTmpFiles\license.tmp_save
2025-10-14 00:17:39,898 [INFO] CodeEngine:289 - Generated code: G:\ST\workspace\try1\MXTmpFiles\license.tmp
2025-10-14 00:17:39,978 [INFO] CodeEngine:265 - oldGeneratedFile, G:\ST\workspace\try1\MXTmpFiles\gpio.tmp_save
2025-10-14 00:17:40,302 [INFO] CodeEngine:289 - Generated code: G:\ST\workspace\try1\MXTmpFiles\gpio.tmp
2025-10-14 00:17:40,414 [WARN] IPConfigManager:3238 - Warning: the RefConfig PWREx_EnableUSBVoltageDetector is not available in your config.xml file
2025-10-14 00:17:40,432 [INFO] CodeEngine:265 - oldGeneratedFile, G:\ST\workspace\try1\MXTmpFiles\usb_otg_fs_vars.tmp_save
2025-10-14 00:17:40,643 [INFO] CodeEngine:289 - Generated code: G:\ST\workspace\try1\MXTmpFiles\usb_otg_fs_vars.tmp
2025-10-14 00:17:40,654 [INFO] CodeEngine:265 - oldGeneratedFile, G:\ST\workspace\try1\MXTmpFiles\usb_otg_fs_inc.tmp_save
2025-10-14 00:17:40,806 [INFO] CodeEngine:289 - Generated code: G:\ST\workspace\try1\MXTmpFiles\usb_otg_fs_inc.tmp
2025-10-14 00:17:40,817 [INFO] CodeEngine:265 - oldGeneratedFile, G:\ST\workspace\try1\MXTmpFiles\usb_otg_fs_HalInit.tmp_save
2025-10-14 00:17:41,001 [INFO] CodeEngine:289 - Generated code: G:\ST\workspace\try1\MXTmpFiles\usb_otg_fs_HalInit.tmp
2025-10-14 00:17:41,013 [INFO] CodeEngine:265 - oldGeneratedFile, G:\ST\workspace\try1\MXTmpFiles\usb_otg_fs_Msp.tmp_save
2025-10-14 00:17:41,231 [INFO] CodeEngine:289 - Generated code: G:\ST\workspace\try1\MXTmpFiles\usb_otg_fs_Msp.tmp
2025-10-14 00:17:41,433 [INFO] Middleware:1452 - No code input for Bsp Dependency
2025-10-14 00:17:41,477 [INFO] Middleware:1452 - No code input for Bsp Dependency
2025-10-14 00:17:41,497 [INFO] CodeEngine:265 - oldGeneratedFile, G:\ST\workspace\try1\USB_DEVICE\App\usb_device.c_save
2025-10-14 00:17:41,655 [INFO] CodeEngine:289 - Generated code: G:\ST\workspace\try1\USB_DEVICE\App\usb_device.c
2025-10-14 00:17:41,670 [INFO] CodeEngine:265 - oldGeneratedFile, G:\ST\workspace\try1\USB_DEVICE\App\usb_device.h_save
2025-10-14 00:17:41,820 [INFO] CodeEngine:289 - Generated code: G:\ST\workspace\try1\USB_DEVICE\App\usb_device.h
2025-10-14 00:17:41,837 [INFO] CodeEngine:265 - oldGeneratedFile, G:\ST\workspace\try1\USB_DEVICE\Target\usbd_conf.h_save
2025-10-14 00:17:41,995 [INFO] CodeEngine:289 - Generated code: G:\ST\workspace\try1\USB_DEVICE\Target\usbd_conf.h
2025-10-14 00:17:42,014 [INFO] CodeEngine:265 - oldGeneratedFile, G:\ST\workspace\try1\USB_DEVICE\Target\usbd_conf.c_save
2025-10-14 00:17:42,166 [INFO] CodeEngine:289 - Generated code: G:\ST\workspace\try1\USB_DEVICE\Target\usbd_conf.c
2025-10-14 00:17:42,179 [INFO] CodeEngine:265 - oldGeneratedFile, G:\ST\workspace\try1\USB_DEVICE\App\usbd_desc.h_save
2025-10-14 00:17:42,319 [INFO] CodeEngine:289 - Generated code: G:\ST\workspace\try1\USB_DEVICE\App\usbd_desc.h
2025-10-14 00:17:42,332 [INFO] CodeEngine:265 - oldGeneratedFile, G:\ST\workspace\try1\USB_DEVICE\App\usbd_desc.c_save
2025-10-14 00:17:42,448 [INFO] CodeEngine:289 - Generated code: G:\ST\workspace\try1\USB_DEVICE\App\usbd_desc.c
2025-10-14 00:17:42,459 [INFO] CodeEngine:265 - oldGeneratedFile, G:\ST\workspace\try1\USB_DEVICE\App\usbd_custom_hid_if.h_save
2025-10-14 00:17:42,556 [INFO] CodeEngine:289 - Generated code: G:\ST\workspace\try1\USB_DEVICE\App\usbd_custom_hid_if.h
2025-10-14 00:17:42,567 [INFO] CodeEngine:265 - oldGeneratedFile, G:\ST\workspace\try1\USB_DEVICE\App\usbd_custom_hid_if.c_save
2025-10-14 00:17:42,681 [INFO] CodeEngine:289 - Generated code: G:\ST\workspace\try1\USB_DEVICE\App\usbd_custom_hid_if.c
2025-10-14 00:17:42,707 [INFO] CodeEngine:265 - oldGeneratedFile, G:\ST\workspace\try1\Core\Src\stm32f4xx_it.c_save
2025-10-14 00:17:42,935 [INFO] CodeEngine:289 - Generated code: G:\ST\workspace\try1\Core\Src\stm32f4xx_it.c
2025-10-14 00:17:42,950 [INFO] CodeEngine:265 - oldGeneratedFile, G:\ST\workspace\try1\Core\Inc\stm32f4xx_it.h_save
2025-10-14 00:17:43,050 [INFO] CodeEngine:289 - Generated code: G:\ST\workspace\try1\Core\Inc\stm32f4xx_it.h
2025-10-14 00:17:43,074 [INFO] CodeEngine:265 - oldGeneratedFile, G:\ST\workspace\try1\Core\Src\stm32f4xx_hal_msp.c_save
2025-10-14 00:17:43,217 [INFO] CodeEngine:289 - Generated code: G:\ST\workspace\try1\Core\Src\stm32f4xx_hal_msp.c
2025-10-14 00:17:43,225 [INFO] CodeEngine:265 - oldGeneratedFile, G:\ST\workspace\try1\MXTmpFiles\system.tmp_save
2025-10-14 00:17:43,315 [INFO] CodeEngine:289 - Generated code: G:\ST\workspace\try1\MXTmpFiles\system.tmp
2025-10-14 00:17:43,334 [INFO] CodeEngine:321 - oldGeneratedFile, G:\ST\workspace\try1\Core\Inc\stm32f4xx_hal_conf.h_save
2025-10-14 00:17:43,443 [INFO] CodeEngine:345 - Generated code: G:\ST\workspace\try1\Core\Inc\stm32f4xx_hal_conf.h
2025-10-14 00:17:43,497 [INFO] CodeEngine:265 - oldGeneratedFile, G:\ST\workspace\try1\Core\Inc\main.h_save
2025-10-14 00:17:43,620 [INFO] CodeEngine:289 - Generated code: G:\ST\workspace\try1\Core\Inc\main.h
2025-10-14 00:17:43,629 [INFO] CodeEngine:265 - oldGeneratedFile, G:\ST\workspace\try1\Core\Src\main.c_save
2025-10-14 00:17:43,809 [INFO] CodeEngine:289 - Generated code: G:\ST\workspace\try1\Core\Src\main.c
2025-10-14 00:17:44,586 [INFO] ProjectBuilder:3606 - Time for Copy HAL[1] : 404mS.
2025-10-14 00:17:44,600 [INFO] ProjectBuilder:5216 - Project Generator version: 4.7.0-B52
2025-10-14 00:17:44,758 [INFO] ConfigFileManager:1595 - The Die is : DIE431
2025-10-14 00:17:46,286 [INFO] ProjectBuilder:5496 - Time for Generating toolchain IDE Files: 1686mS.
2025-10-14 00:17:46,287 [INFO] ProjectBuilder:3463 - Time for Copy CMSIS : 1mS.
2025-10-14 00:17:46,298 [INFO] ProjectBuilder:3463 - Time for Copy CMSIS : 0mS.
2025-10-14 00:18:14,312 [ERROR] AdobePublisher:162 - Exception while opening the connection: java.net.SocketTimeoutException: Connect timed out
2025-10-14 00:18:16,314 [ERROR] AdobePublisher:162 - Exception while opening the connection: java.net.SocketTimeoutException: Connect timed out
2025-10-14 00:18:18,316 [ERROR] AdobePublisher:162 - Exception while opening the connection: java.net.SocketTimeoutException: Connect timed out
2025-10-14 00:18:20,317 [ERROR] AdobePublisher:162 - Exception while opening the connection: java.net.SocketTimeoutException: Connect timed out
2025-10-14 00:18:22,319 [ERROR] AdobePublisher:162 - Exception while opening the connection: java.net.SocketTimeoutException: Connect timed out
2025-10-14 00:18:24,597 [ERROR] AdobePublisher:162 - Exception while opening the connection: java.net.SocketTimeoutException: Connect timed out
2025-10-14 00:18:26,599 [ERROR] AdobePublisher:162 - Exception while opening the connection: java.net.SocketTimeoutException: Connect timed out
2025-10-14 00:18:28,600 [ERROR] AdobePublisher:162 - Exception while opening the connection: java.net.SocketTimeoutException: Connect timed out
2025-10-14 00:18:29,746 [WARN] IP:2250 - DEVICE_SERIAL0_CUSTOM_HID_FS not found: check if there is a RefParameter without a condition.
2025-10-14 00:18:29,746 [WARN] IP:2250 - DEVICE_SERIAL1_CUSTOM_HID_FS not found: check if there is a RefParameter without a condition.
2025-10-14 00:18:29,746 [WARN] IP:2250 - DEVICE_SERIAL2_CUSTOM_HID_FS not found: check if there is a RefParameter without a condition.
2025-10-14 00:18:29,748 [WARN] IP:2250 - DEVICE_SERIAL0_CUSTOM_HID_FS not found: check if there is a RefParameter without a condition.
2025-10-14 00:18:29,748 [WARN] IP:2250 - DEVICE_SERIAL1_CUSTOM_HID_FS not found: check if there is a RefParameter without a condition.
2025-10-14 00:18:29,748 [WARN] IP:2250 - DEVICE_SERIAL2_CUSTOM_HID_FS not found: check if there is a RefParameter without a condition.
2025-10-14 00:18:29,776 [WARN] IP:2250 - DEVICE_SERIAL0_CUSTOM_HID_FS not found: check if there is a RefParameter without a condition.
2025-10-14 00:18:29,776 [WARN] IP:2250 - DEVICE_SERIAL1_CUSTOM_HID_FS not found: check if there is a RefParameter without a condition.
2025-10-14 00:18:29,776 [WARN] IP:2250 - DEVICE_SERIAL2_CUSTOM_HID_FS not found: check if there is a RefParameter without a condition.
2025-10-14 00:18:30,601 [ERROR] AdobePublisher:162 - Exception while opening the connection: java.net.SocketTimeoutException: Connect timed out
2025-10-14 00:18:31,191 [INFO] UtilMem:75 - End SaveConfig() Used Memory: 507619976 Bytes (825229312)
2025-10-14 00:18:31,958 [INFO] UtilMem:75 - End SaveConfig() Used Memory: 529049816 Bytes (825229312)
2025-10-14 00:18:32,602 [ERROR] AdobePublisher:162 - Exception while opening the connection: java.net.SocketTimeoutException: Connect timed out
2025-10-14 00:18:33,292 [INFO] UtilMem:75 - End SaveConfig() Used Memory: 601943736 Bytes (825229312)
2025-10-14 00:18:33,449 [INFO] BlockDiagram:2775 - set Specific Code input for plugin: USB_OTG_FS
2025-10-14 00:18:33,449 [INFO] BlockDiagram:2775 - set Specific Code input for plugin: NVIC
2025-10-14 00:18:33,449 [INFO] BlockDiagram:2775 - set Specific Code input for plugin: USB_DEVICE
2025-10-14 00:18:33,449 [INFO] BlockDiagram:2775 - set Specific Code input for plugin: SYS
2025-10-14 00:18:33,449 [INFO] BlockDiagram:2775 - set Specific Code input for plugin: GPIO
2025-10-14 00:18:33,449 [INFO] BlockDiagram:2775 - set Specific Code input for plugin: RCC
2025-10-14 00:18:33,449 [INFO] BlockDiagram:2775 - set Specific Code input for plugin: I2C
2025-10-14 00:18:33,451 [INFO] CodeGenerator:892 - code generatio: config db path: G:\ST\STM32CubeIDE_1.19.0\STM32CubeIDE\plugins\com.st.stm32cube.common.mx_6.15.0.202507011659\\db\
2025-10-14 00:18:33,453 [WARN] IP:2250 - I2C_Coeff_DF not found: check if there is a RefParameter without a condition.
2025-10-14 00:18:33,453 [WARN] IP:2250 - Analog_Filter not found: check if there is a RefParameter without a condition.
2025-10-14 00:18:33,468 [WARN] IP:2250 - DEVICE_SERIAL0_CUSTOM_HID_FS not found: check if there is a RefParameter without a condition.
2025-10-14 00:18:33,469 [WARN] IP:2250 - DEVICE_SERIAL1_CUSTOM_HID_FS not found: check if there is a RefParameter without a condition.
2025-10-14 00:18:33,469 [WARN] IP:2250 - DEVICE_SERIAL2_CUSTOM_HID_FS not found: check if there is a RefParameter without a condition.
2025-10-14 00:18:33,567 [INFO] CodeEngine:265 - oldGeneratedFile, G:\ST\workspace\try1\MXTmpFiles\license.tmp_save
2025-10-14 00:18:33,661 [INFO] CodeEngine:289 - Generated code: G:\ST\workspace\try1\MXTmpFiles\license.tmp
2025-10-14 00:18:33,686 [INFO] CodeEngine:265 - oldGeneratedFile, G:\ST\workspace\try1\MXTmpFiles\gpio.tmp_save
2025-10-14 00:18:33,783 [INFO] CodeEngine:289 - Generated code: G:\ST\workspace\try1\MXTmpFiles\gpio.tmp
2025-10-14 00:18:33,813 [WARN] IPConfigManager:3238 - Warning: the RefConfig PWREx_EnableUSBVoltageDetector is not available in your config.xml file
2025-10-14 00:18:33,824 [INFO] CodeEngine:265 - oldGeneratedFile, G:\ST\workspace\try1\MXTmpFiles\usb_otg_fs_vars.tmp_save
2025-10-14 00:18:33,913 [INFO] CodeEngine:289 - Generated code: G:\ST\workspace\try1\MXTmpFiles\usb_otg_fs_vars.tmp
2025-10-14 00:18:33,920 [INFO] CodeEngine:265 - oldGeneratedFile, G:\ST\workspace\try1\MXTmpFiles\usb_otg_fs_inc.tmp_save
2025-10-14 00:18:34,007 [INFO] CodeEngine:289 - Generated code: G:\ST\workspace\try1\MXTmpFiles\usb_otg_fs_inc.tmp
2025-10-14 00:18:34,013 [INFO] CodeEngine:265 - oldGeneratedFile, G:\ST\workspace\try1\MXTmpFiles\usb_otg_fs_HalInit.tmp_save
2025-10-14 00:18:34,112 [INFO] CodeEngine:289 - Generated code: G:\ST\workspace\try1\MXTmpFiles\usb_otg_fs_HalInit.tmp
2025-10-14 00:18:34,118 [INFO] CodeEngine:265 - oldGeneratedFile, G:\ST\workspace\try1\MXTmpFiles\usb_otg_fs_Msp.tmp_save
2025-10-14 00:18:34,226 [INFO] CodeEngine:289 - Generated code: G:\ST\workspace\try1\MXTmpFiles\usb_otg_fs_Msp.tmp
2025-10-14 00:18:34,342 [INFO] Middleware:1452 - No code input for Bsp Dependency
2025-10-14 00:18:34,368 [INFO] Middleware:1452 - No code input for Bsp Dependency
2025-10-14 00:18:34,380 [INFO] CodeEngine:265 - oldGeneratedFile, G:\ST\workspace\try1\USB_DEVICE\App\usb_device.c_save
2025-10-14 00:18:34,509 [INFO] CodeEngine:289 - Generated code: G:\ST\workspace\try1\USB_DEVICE\App\usb_device.c
2025-10-14 00:18:34,518 [INFO] CodeEngine:265 - oldGeneratedFile, G:\ST\workspace\try1\USB_DEVICE\App\usb_device.h_save
2025-10-14 00:18:34,619 [INFO] CodeEngine:289 - Generated code: G:\ST\workspace\try1\USB_DEVICE\App\usb_device.h
2025-10-14 00:18:34,628 [INFO] CodeEngine:265 - oldGeneratedFile, G:\ST\workspace\try1\USB_DEVICE\Target\usbd_conf.h_save
2025-10-14 00:18:34,735 [INFO] CodeEngine:289 - Generated code: G:\ST\workspace\try1\USB_DEVICE\Target\usbd_conf.h
2025-10-14 00:18:34,746 [INFO] CodeEngine:265 - oldGeneratedFile, G:\ST\workspace\try1\USB_DEVICE\Target\usbd_conf.c_save
2025-10-14 00:18:34,854 [INFO] CodeEngine:289 - Generated code: G:\ST\workspace\try1\USB_DEVICE\Target\usbd_conf.c
2025-10-14 00:18:34,863 [INFO] CodeEngine:265 - oldGeneratedFile, G:\ST\workspace\try1\USB_DEVICE\App\usbd_desc.h_save
2025-10-14 00:18:34,961 [INFO] CodeEngine:289 - Generated code: G:\ST\workspace\try1\USB_DEVICE\App\usbd_desc.h
2025-10-14 00:18:34,970 [INFO] CodeEngine:265 - oldGeneratedFile, G:\ST\workspace\try1\USB_DEVICE\App\usbd_desc.c_save
2025-10-14 00:18:35,072 [INFO] CodeEngine:289 - Generated code: G:\ST\workspace\try1\USB_DEVICE\App\usbd_desc.c
2025-10-14 00:18:35,082 [INFO] CodeEngine:265 - oldGeneratedFile, G:\ST\workspace\try1\USB_DEVICE\App\usbd_custom_hid_if.h_save
2025-10-14 00:18:35,175 [INFO] CodeEngine:289 - Generated code: G:\ST\workspace\try1\USB_DEVICE\App\usbd_custom_hid_if.h
2025-10-14 00:18:35,183 [INFO] CodeEngine:265 - oldGeneratedFile, G:\ST\workspace\try1\USB_DEVICE\App\usbd_custom_hid_if.c_save
2025-10-14 00:18:35,285 [INFO] CodeEngine:289 - Generated code: G:\ST\workspace\try1\USB_DEVICE\App\usbd_custom_hid_if.c
2025-10-14 00:18:35,303 [INFO] CodeEngine:265 - oldGeneratedFile, G:\ST\workspace\try1\Core\Src\stm32f4xx_it.c_save
2025-10-14 00:18:35,406 [INFO] CodeEngine:289 - Generated code: G:\ST\workspace\try1\Core\Src\stm32f4xx_it.c
2025-10-14 00:18:35,416 [INFO] CodeEngine:265 - oldGeneratedFile, G:\ST\workspace\try1\Core\Inc\stm32f4xx_it.h_save
2025-10-14 00:18:35,512 [INFO] CodeEngine:289 - Generated code: G:\ST\workspace\try1\Core\Inc\stm32f4xx_it.h
2025-10-14 00:18:35,537 [INFO] CodeEngine:265 - oldGeneratedFile, G:\ST\workspace\try1\Core\Src\stm32f4xx_hal_msp.c_save
2025-10-14 00:18:35,676 [INFO] CodeEngine:289 - Generated code: G:\ST\workspace\try1\Core\Src\stm32f4xx_hal_msp.c
2025-10-14 00:18:35,683 [INFO] CodeEngine:265 - oldGeneratedFile, G:\ST\workspace\try1\MXTmpFiles\system.tmp_save
2025-10-14 00:18:35,770 [INFO] CodeEngine:289 - Generated code: G:\ST\workspace\try1\MXTmpFiles\system.tmp
2025-10-14 00:18:35,786 [INFO] CodeEngine:321 - oldGeneratedFile, G:\ST\workspace\try1\Core\Inc\stm32f4xx_hal_conf.h_save
2025-10-14 00:18:35,890 [INFO] CodeEngine:345 - Generated code: G:\ST\workspace\try1\Core\Inc\stm32f4xx_hal_conf.h
2025-10-14 00:18:35,930 [INFO] CodeEngine:265 - oldGeneratedFile, G:\ST\workspace\try1\Core\Inc\main.h_save
2025-10-14 00:18:36,028 [INFO] CodeEngine:289 - Generated code: G:\ST\workspace\try1\Core\Inc\main.h
2025-10-14 00:18:36,038 [INFO] CodeEngine:265 - oldGeneratedFile, G:\ST\workspace\try1\Core\Src\main.c_save
2025-10-14 00:18:36,193 [INFO] CodeEngine:289 - Generated code: G:\ST\workspace\try1\Core\Src\main.c
2025-10-14 00:18:36,748 [INFO] ProjectBuilder:3606 - Time for Copy HAL[1] : 305mS.
2025-10-14 00:18:36,758 [INFO] ProjectBuilder:5216 - Project Generator version: 4.7.0-B52
2025-10-14 00:18:36,872 [INFO] ConfigFileManager:1595 - The Die is : DIE431
2025-10-14 00:18:37,945 [INFO] ProjectBuilder:5496 - Time for Generating toolchain IDE Files: 1187mS.
2025-10-14 00:18:37,946 [INFO] ProjectBuilder:3463 - Time for Copy CMSIS : 1mS.
2025-10-14 00:18:37,958 [INFO] ProjectBuilder:3463 - Time for Copy CMSIS : 1mS.
2025-10-14 00:18:55,579 [ERROR] AdobePublisher:162 - Exception while opening the connection: java.net.SocketTimeoutException: Connect timed out
2025-10-14 00:18:57,581 [ERROR] AdobePublisher:162 - Exception while opening the connection: java.net.SocketTimeoutException: Connect timed out
2025-10-14 00:18:59,582 [ERROR] AdobePublisher:162 - Exception while opening the connection: java.net.SocketTimeoutException: Connect timed out
2025-10-14 00:19:01,583 [ERROR] AdobePublisher:162 - Exception while opening the connection: java.net.SocketTimeoutException: Connect timed out
2025-10-14 00:19:03,585 [ERROR] AdobePublisher:162 - Exception while opening the connection: java.net.SocketTimeoutException: Connect timed out
2025-10-14 00:19:05,809 [ERROR] AdobePublisher:162 - Exception while opening the connection: java.net.SocketTimeoutException: Connect timed out
2025-10-14 00:19:07,810 [ERROR] AdobePublisher:162 - Exception while opening the connection: java.net.SocketTimeoutException: Connect timed out
2025-10-14 00:19:09,811 [ERROR] AdobePublisher:162 - Exception while opening the connection: java.net.SocketTimeoutException: Connect timed out
2025-10-14 00:19:11,813 [ERROR] AdobePublisher:162 - Exception while opening the connection: java.net.SocketTimeoutException: Connect timed out
2025-10-14 00:19:13,815 [ERROR] AdobePublisher:162 - Exception while opening the connection: java.net.SocketTimeoutException: Connect timed out
2025-10-14 00:20:06,681 [WARN] IP:2250 - DEVICE_SERIAL0_CUSTOM_HID_FS not found: check if there is a RefParameter without a condition.
2025-10-14 00:20:06,681 [WARN] IP:2250 - DEVICE_SERIAL1_CUSTOM_HID_FS not found: check if there is a RefParameter without a condition.
2025-10-14 00:20:06,681 [WARN] IP:2250 - DEVICE_SERIAL2_CUSTOM_HID_FS not found: check if there is a RefParameter without a condition.
2025-10-14 00:20:06,682 [WARN] IP:2250 - DEVICE_SERIAL0_CUSTOM_HID_FS not found: check if there is a RefParameter without a condition.
2025-10-14 00:20:06,682 [WARN] IP:2250 - DEVICE_SERIAL1_CUSTOM_HID_FS not found: check if there is a RefParameter without a condition.
2025-10-14 00:20:06,682 [WARN] IP:2250 - DEVICE_SERIAL2_CUSTOM_HID_FS not found: check if there is a RefParameter without a condition.
2025-10-14 00:20:06,702 [WARN] IP:2250 - DEVICE_SERIAL0_CUSTOM_HID_FS not found: check if there is a RefParameter without a condition.
2025-10-14 00:20:06,703 [WARN] IP:2250 - DEVICE_SERIAL1_CUSTOM_HID_FS not found: check if there is a RefParameter without a condition.
2025-10-14 00:20:06,703 [WARN] IP:2250 - DEVICE_SERIAL2_CUSTOM_HID_FS not found: check if there is a RefParameter without a condition.
2025-10-14 00:20:07,096 [INFO] UtilMem:75 - End SaveConfig() Used Memory: 557634632 Bytes (825229312)
2025-10-14 00:20:07,709 [INFO] UtilMem:75 - End SaveConfig() Used Memory: 580176968 Bytes (825229312)
2025-10-14 00:20:10,016 [INFO] UtilMem:75 - End SaveConfig() Used Memory: 676645960 Bytes (825229312)
2025-10-14 00:20:10,158 [INFO] BlockDiagram:2775 - set Specific Code input for plugin: USB_OTG_FS
2025-10-14 00:20:10,158 [INFO] BlockDiagram:2775 - set Specific Code input for plugin: NVIC
2025-10-14 00:20:10,158 [INFO] BlockDiagram:2775 - set Specific Code input for plugin: USB_DEVICE
2025-10-14 00:20:10,158 [INFO] BlockDiagram:2775 - set Specific Code input for plugin: SYS
2025-10-14 00:20:10,158 [INFO] BlockDiagram:2775 - set Specific Code input for plugin: GPIO
2025-10-14 00:20:10,158 [INFO] BlockDiagram:2775 - set Specific Code input for plugin: RCC
2025-10-14 00:20:10,158 [INFO] BlockDiagram:2775 - set Specific Code input for plugin: I2C
2025-10-14 00:20:10,159 [INFO] CodeGenerator:892 - code generatio: config db path: G:\ST\STM32CubeIDE_1.19.0\STM32CubeIDE\plugins\com.st.stm32cube.common.mx_6.15.0.202507011659\\db\
2025-10-14 00:20:10,161 [WARN] IP:2250 - I2C_Coeff_DF not found: check if there is a RefParameter without a condition.
2025-10-14 00:20:10,161 [WARN] IP:2250 - Analog_Filter not found: check if there is a RefParameter without a condition.
2025-10-14 00:20:10,170 [WARN] IP:2250 - DEVICE_SERIAL0_CUSTOM_HID_FS not found: check if there is a RefParameter without a condition.
2025-10-14 00:20:10,170 [WARN] IP:2250 - DEVICE_SERIAL1_CUSTOM_HID_FS not found: check if there is a RefParameter without a condition.
2025-10-14 00:20:10,170 [WARN] IP:2250 - DEVICE_SERIAL2_CUSTOM_HID_FS not found: check if there is a RefParameter without a condition.
2025-10-14 00:20:10,257 [INFO] CodeEngine:265 - oldGeneratedFile, G:\ST\workspace\try1\MXTmpFiles\license.tmp_save
2025-10-14 00:20:10,365 [INFO] CodeEngine:289 - Generated code: G:\ST\workspace\try1\MXTmpFiles\license.tmp
2025-10-14 00:20:10,388 [INFO] CodeEngine:265 - oldGeneratedFile, G:\ST\workspace\try1\MXTmpFiles\gpio.tmp_save
2025-10-14 00:20:10,484 [INFO] CodeEngine:289 - Generated code: G:\ST\workspace\try1\MXTmpFiles\gpio.tmp
2025-10-14 00:20:10,509 [WARN] IPConfigManager:3238 - Warning: the RefConfig PWREx_EnableUSBVoltageDetector is not available in your config.xml file
2025-10-14 00:20:10,520 [INFO] CodeEngine:265 - oldGeneratedFile, G:\ST\workspace\try1\MXTmpFiles\usb_otg_fs_vars.tmp_save
2025-10-14 00:20:10,605 [INFO] CodeEngine:289 - Generated code: G:\ST\workspace\try1\MXTmpFiles\usb_otg_fs_vars.tmp
2025-10-14 00:20:10,612 [INFO] CodeEngine:265 - oldGeneratedFile, G:\ST\workspace\try1\MXTmpFiles\usb_otg_fs_inc.tmp_save
2025-10-14 00:20:10,694 [INFO] CodeEngine:289 - Generated code: G:\ST\workspace\try1\MXTmpFiles\usb_otg_fs_inc.tmp
2025-10-14 00:20:10,699 [INFO] CodeEngine:265 - oldGeneratedFile, G:\ST\workspace\try1\MXTmpFiles\usb_otg_fs_HalInit.tmp_save
2025-10-14 00:20:10,798 [INFO] CodeEngine:289 - Generated code: G:\ST\workspace\try1\MXTmpFiles\usb_otg_fs_HalInit.tmp
2025-10-14 00:20:10,804 [INFO] CodeEngine:265 - oldGeneratedFile, G:\ST\workspace\try1\MXTmpFiles\usb_otg_fs_Msp.tmp_save
2025-10-14 00:20:10,908 [INFO] CodeEngine:289 - Generated code: G:\ST\workspace\try1\MXTmpFiles\usb_otg_fs_Msp.tmp
2025-10-14 00:20:10,976 [INFO] Middleware:1452 - No code input for Bsp Dependency
2025-10-14 00:20:10,998 [INFO] Middleware:1452 - No code input for Bsp Dependency
2025-10-14 00:20:11,008 [INFO] CodeEngine:265 - oldGeneratedFile, G:\ST\workspace\try1\USB_DEVICE\App\usb_device.c_save
2025-10-14 00:20:11,108 [INFO] CodeEngine:289 - Generated code: G:\ST\workspace\try1\USB_DEVICE\App\usb_device.c
2025-10-14 00:20:11,117 [INFO] CodeEngine:265 - oldGeneratedFile, G:\ST\workspace\try1\USB_DEVICE\App\usb_device.h_save
2025-10-14 00:20:11,210 [INFO] CodeEngine:289 - Generated code: G:\ST\workspace\try1\USB_DEVICE\App\usb_device.h
2025-10-14 00:20:11,217 [INFO] CodeEngine:265 - oldGeneratedFile, G:\ST\workspace\try1\USB_DEVICE\Target\usbd_conf.h_save
2025-10-14 00:20:11,313 [INFO] CodeEngine:289 - Generated code: G:\ST\workspace\try1\USB_DEVICE\Target\usbd_conf.h
2025-10-14 00:20:11,323 [INFO] CodeEngine:265 - oldGeneratedFile, G:\ST\workspace\try1\USB_DEVICE\Target\usbd_conf.c_save
2025-10-14 00:20:11,427 [INFO] CodeEngine:289 - Generated code: G:\ST\workspace\try1\USB_DEVICE\Target\usbd_conf.c
2025-10-14 00:20:11,435 [INFO] CodeEngine:265 - oldGeneratedFile, G:\ST\workspace\try1\USB_DEVICE\App\usbd_desc.h_save
2025-10-14 00:20:11,524 [INFO] CodeEngine:289 - Generated code: G:\ST\workspace\try1\USB_DEVICE\App\usbd_desc.h
2025-10-14 00:20:11,532 [INFO] CodeEngine:265 - oldGeneratedFile, G:\ST\workspace\try1\USB_DEVICE\App\usbd_desc.c_save
2025-10-14 00:20:11,630 [INFO] CodeEngine:289 - Generated code: G:\ST\workspace\try1\USB_DEVICE\App\usbd_desc.c
2025-10-14 00:20:11,638 [INFO] CodeEngine:265 - oldGeneratedFile, G:\ST\workspace\try1\USB_DEVICE\App\usbd_custom_hid_if.h_save
2025-10-14 00:20:11,731 [INFO] CodeEngine:289 - Generated code: G:\ST\workspace\try1\USB_DEVICE\App\usbd_custom_hid_if.h
2025-10-14 00:20:11,739 [INFO] CodeEngine:265 - oldGeneratedFile, G:\ST\workspace\try1\USB_DEVICE\App\usbd_custom_hid_if.c_save
2025-10-14 00:20:11,837 [INFO] CodeEngine:289 - Generated code: G:\ST\workspace\try1\USB_DEVICE\App\usbd_custom_hid_if.c
2025-10-14 00:20:11,858 [INFO] CodeEngine:265 - oldGeneratedFile, G:\ST\workspace\try1\Core\Src\stm32f4xx_it.c_save
2025-10-14 00:20:11,957 [INFO] CodeEngine:289 - Generated code: G:\ST\workspace\try1\Core\Src\stm32f4xx_it.c
2025-10-14 00:20:11,967 [INFO] CodeEngine:265 - oldGeneratedFile, G:\ST\workspace\try1\Core\Inc\stm32f4xx_it.h_save
2025-10-14 00:20:12,060 [INFO] CodeEngine:289 - Generated code: G:\ST\workspace\try1\Core\Inc\stm32f4xx_it.h
2025-10-14 00:20:12,079 [INFO] CodeEngine:265 - oldGeneratedFile, G:\ST\workspace\try1\Core\Src\stm32f4xx_hal_msp.c_save
2025-10-14 00:20:12,207 [INFO] CodeEngine:289 - Generated code: G:\ST\workspace\try1\Core\Src\stm32f4xx_hal_msp.c
2025-10-14 00:20:12,214 [INFO] CodeEngine:265 - oldGeneratedFile, G:\ST\workspace\try1\MXTmpFiles\system.tmp_save
2025-10-14 00:20:12,297 [INFO] CodeEngine:289 - Generated code: G:\ST\workspace\try1\MXTmpFiles\system.tmp
2025-10-14 00:20:12,311 [INFO] CodeEngine:321 - oldGeneratedFile, G:\ST\workspace\try1\Core\Inc\stm32f4xx_hal_conf.h_save
2025-10-14 00:20:12,410 [INFO] CodeEngine:345 - Generated code: G:\ST\workspace\try1\Core\Inc\stm32f4xx_hal_conf.h
2025-10-14 00:20:12,442 [INFO] CodeEngine:265 - oldGeneratedFile, G:\ST\workspace\try1\Core\Inc\main.h_save
2025-10-14 00:20:12,537 [INFO] CodeEngine:289 - Generated code: G:\ST\workspace\try1\Core\Inc\main.h
2025-10-14 00:20:12,544 [INFO] CodeEngine:265 - oldGeneratedFile, G:\ST\workspace\try1\Core\Src\main.c_save
2025-10-14 00:20:12,682 [INFO] CodeEngine:289 - Generated code: G:\ST\workspace\try1\Core\Src\main.c
2025-10-14 00:20:13,318 [INFO] ProjectBuilder:3606 - Time for Copy HAL[1] : 299mS.
2025-10-14 00:20:13,326 [INFO] ProjectBuilder:5216 - Project Generator version: 4.7.0-B52
2025-10-14 00:20:13,435 [INFO] ConfigFileManager:1595 - The Die is : DIE431
2025-10-14 00:20:14,334 [INFO] ProjectBuilder:5496 - Time for Generating toolchain IDE Files: 1008mS.
2025-10-14 00:20:14,335 [INFO] ProjectBuilder:3463 - Time for Copy CMSIS : 1mS.
2025-10-14 00:20:14,344 [INFO] ProjectBuilder:3463 - Time for Copy CMSIS : 0mS.
2025-10-14 00:20:36,434 [ERROR] AdobePublisher:162 - Exception while opening the connection: java.net.SocketTimeoutException: Connect timed out
2025-10-14 00:20:38,436 [ERROR] AdobePublisher:162 - Exception while opening the connection: java.net.SocketTimeoutException: Connect timed out
2025-10-14 00:20:40,438 [ERROR] AdobePublisher:162 - Exception while opening the connection: java.net.SocketTimeoutException: Connect timed out
2025-10-14 00:20:42,440 [ERROR] AdobePublisher:162 - Exception while opening the connection: java.net.SocketTimeoutException: Connect timed out
2025-10-14 00:20:44,441 [ERROR] AdobePublisher:162 - Exception while opening the connection: java.net.SocketTimeoutException: Connect timed out
2025-10-14 00:20:46,716 [ERROR] AdobePublisher:162 - Exception while opening the connection: java.net.SocketTimeoutException: Connect timed out
2025-10-14 00:20:48,718 [ERROR] AdobePublisher:162 - Exception while opening the connection: java.net.SocketTimeoutException: Connect timed out
2025-10-14 00:20:50,719 [ERROR] AdobePublisher:162 - Exception while opening the connection: java.net.SocketTimeoutException: Connect timed out
2025-10-14 00:20:52,721 [ERROR] AdobePublisher:162 - Exception while opening the connection: java.net.SocketTimeoutException: Connect timed out
2025-10-14 00:20:54,722 [ERROR] AdobePublisher:162 - Exception while opening the connection: java.net.SocketTimeoutException: Connect timed out
2025-10-14 00:28:12,207 [ERROR] AdobePublisher:162 - Exception while opening the connection: java.net.SocketTimeoutException: Connect timed out
2025-10-14 00:28:14,209 [ERROR] AdobePublisher:162 - Exception while opening the connection: java.net.SocketTimeoutException: Connect timed out
2025-10-14 00:28:16,210 [ERROR] AdobePublisher:162 - Exception while opening the connection: java.net.SocketTimeoutException: Connect timed out
2025-10-14 00:28:18,212 [ERROR] AdobePublisher:162 - Exception while opening the connection: java.net.SocketTimeoutException: Connect timed out
2025-10-14 00:28:20,214 [ERROR] AdobePublisher:162 - Exception while opening the connection: java.net.SocketTimeoutException: Connect timed out
2025-10-14 00:28:22,452 [ERROR] AdobePublisher:162 - Exception while opening the connection: java.net.SocketTimeoutException: Connect timed out
2025-10-14 00:28:24,454 [ERROR] AdobePublisher:162 - Exception while opening the connection: java.net.SocketTimeoutException: Connect timed out
2025-10-14 00:28:26,456 [ERROR] AdobePublisher:162 - Exception while opening the connection: java.net.SocketTimeoutException: Connect timed out
2025-10-14 00:28:28,458 [ERROR] AdobePublisher:162 - Exception while opening the connection: java.net.SocketTimeoutException: Connect timed out
2025-10-14 00:28:30,473 [ERROR] AdobePublisher:162 - Exception while opening the connection: java.net.SocketTimeoutException: Connect timed out
2025-10-14 08:53:28,148 [ERROR] AdobePublisher:162 - Exception while opening the connection: java.net.SocketTimeoutException: Connect timed out
2025-10-14 08:53:30,151 [ERROR] AdobePublisher:162 - Exception while opening the connection: java.net.SocketTimeoutException: Connect timed out
2025-10-14 08:53:32,153 [ERROR] AdobePublisher:162 - Exception while opening the connection: java.net.SocketTimeoutException: Connect timed out
2025-10-14 08:53:34,154 [ERROR] AdobePublisher:162 - Exception while opening the connection: java.net.SocketTimeoutException: Connect timed out
2025-10-14 08:53:36,155 [ERROR] AdobePublisher:162 - Exception while opening the connection: java.net.SocketTimeoutException: Connect timed out
2025-10-14 08:54:34,741 [ERROR] AdobePublisher:162 - Exception while opening the connection: java.net.SocketTimeoutException: Connect timed out
2025-10-14 08:54:36,743 [ERROR] AdobePublisher:162 - Exception while opening the connection: java.net.SocketTimeoutException: Connect timed out
2025-10-14 08:54:38,745 [ERROR] AdobePublisher:162 - Exception while opening the connection: java.net.SocketTimeoutException: Connect timed out
2025-10-14 08:54:40,747 [ERROR] AdobePublisher:162 - Exception while opening the connection: java.net.SocketTimeoutException: Connect timed out
2025-10-14 08:54:42,749 [ERROR] AdobePublisher:162 - Exception while opening the connection: java.net.SocketTimeoutException: Connect timed out
2025-10-14 09:12:41,404 [ERROR] AdobePublisher:162 - Exception while opening the connection: java.net.SocketTimeoutException: Connect timed out
2025-10-14 09:12:43,409 [ERROR] AdobePublisher:162 - Exception while opening the connection: java.net.SocketTimeoutException: Connect timed out
2025-10-14 09:12:45,412 [ERROR] AdobePublisher:162 - Exception while opening the connection: java.net.SocketTimeoutException: Connect timed out
2025-10-14 09:12:47,414 [ERROR] AdobePublisher:162 - Exception while opening the connection: java.net.SocketTimeoutException: Connect timed out
2025-10-14 09:12:49,427 [ERROR] AdobePublisher:162 - Exception while opening the connection: java.net.SocketTimeoutException: Connect timed out
2025-10-14 09:15:07,065 [ERROR] AdobePublisher:162 - Exception while opening the connection: java.net.SocketTimeoutException: Connect timed out
2025-10-14 09:15:09,067 [ERROR] AdobePublisher:162 - Exception while opening the connection: java.net.SocketTimeoutException: Connect timed out
2025-10-14 09:15:11,069 [ERROR] AdobePublisher:162 - Exception while opening the connection: java.net.SocketTimeoutException: Connect timed out
2025-10-14 09:15:13,070 [ERROR] AdobePublisher:162 - Exception while opening the connection: java.net.SocketTimeoutException: Connect timed out
2025-10-14 09:15:15,072 [ERROR] AdobePublisher:162 - Exception while opening the connection: java.net.SocketTimeoutException: Connect timed out
2025-10-14 09:15:17,279 [ERROR] AdobePublisher:162 - Exception while opening the connection: java.net.SocketTimeoutException: Connect timed out
2025-10-14 09:15:19,280 [ERROR] AdobePublisher:162 - Exception while opening the connection: java.net.SocketTimeoutException: Connect timed out
2025-10-14 09:15:21,282 [ERROR] AdobePublisher:162 - Exception while opening the connection: java.net.SocketTimeoutException: Connect timed out
2025-10-14 09:15:23,283 [ERROR] AdobePublisher:162 - Exception while opening the connection: java.net.SocketTimeoutException: Connect timed out
2025-10-14 09:15:25,285 [ERROR] AdobePublisher:162 - Exception while opening the connection: java.net.SocketTimeoutException: Connect timed out
2025-10-14 09:16:24,526 [ERROR] AdobePublisher:162 - Exception while opening the connection: java.net.SocketTimeoutException: Connect timed out
2025-10-14 09:16:26,535 [ERROR] AdobePublisher:162 - Exception while opening the connection: java.net.SocketTimeoutException: Connect timed out
2025-10-14 09:16:28,536 [ERROR] AdobePublisher:162 - Exception while opening the connection: java.net.SocketTimeoutException: Connect timed out
2025-10-14 09:16:30,538 [ERROR] AdobePublisher:162 - Exception while opening the connection: java.net.SocketTimeoutException: Connect timed out
2025-10-14 09:16:32,540 [ERROR] AdobePublisher:162 - Exception while opening the connection: java.net.SocketTimeoutException: Connect timed out
2025-10-14 09:16:34,696 [ERROR] AdobePublisher:162 - Exception while opening the connection: java.net.SocketTimeoutException: Connect timed out
2025-10-14 09:16:36,698 [ERROR] AdobePublisher:162 - Exception while opening the connection: java.net.SocketTimeoutException: Connect timed out
2025-10-14 09:16:38,700 [ERROR] AdobePublisher:162 - Exception while opening the connection: java.net.SocketTimeoutException: Connect timed out
2025-10-14 09:16:40,701 [ERROR] AdobePublisher:162 - Exception while opening the connection: java.net.SocketTimeoutException: Connect timed out
2025-10-14 09:16:42,703 [ERROR] AdobePublisher:162 - Exception while opening the connection: java.net.SocketTimeoutException: Connect timed out
2025-10-14 09:19:23,816 [ERROR] AdobePublisher:162 - Exception while opening the connection: java.net.SocketTimeoutException: Connect timed out
2025-10-14 09:19:25,818 [ERROR] AdobePublisher:162 - Exception while opening the connection: java.net.SocketTimeoutException: Connect timed out
2025-10-14 09:19:27,820 [ERROR] AdobePublisher:162 - Exception while opening the connection: java.net.SocketTimeoutException: Connect timed out
2025-10-14 09:19:29,821 [ERROR] AdobePublisher:162 - Exception while opening the connection: java.net.SocketTimeoutException: Connect timed out
2025-10-14 09:19:31,822 [ERROR] AdobePublisher:162 - Exception while opening the connection: java.net.SocketTimeoutException: Connect timed out
2025-10-14 09:19:33,984 [ERROR] AdobePublisher:162 - Exception while opening the connection: java.net.SocketTimeoutException: Connect timed out
2025-10-14 09:19:35,993 [ERROR] AdobePublisher:162 - Exception while opening the connection: java.net.SocketTimeoutException: Connect timed out
2025-10-14 09:19:38,004 [ERROR] AdobePublisher:162 - Exception while opening the connection: java.net.SocketTimeoutException: Connect timed out
2025-10-14 09:19:40,006 [ERROR] AdobePublisher:162 - Exception while opening the connection: java.net.SocketTimeoutException: Connect timed out
2025-10-14 09:19:42,007 [ERROR] AdobePublisher:162 - Exception while opening the connection: java.net.SocketTimeoutException: Connect timed out
2025-10-14 09:28:01,846 [ERROR] AdobePublisher:162 - Exception while opening the connection: java.net.SocketTimeoutException: Connect timed out
2025-10-14 09:28:03,848 [ERROR] AdobePublisher:162 - Exception while opening the connection: java.net.SocketTimeoutException: Connect timed out
2025-10-14 09:28:05,850 [ERROR] AdobePublisher:162 - Exception while opening the connection: java.net.SocketTimeoutException: Connect timed out
2025-10-14 09:28:07,851 [ERROR] AdobePublisher:162 - Exception while opening the connection: java.net.SocketTimeoutException: Connect timed out
2025-10-14 09:28:09,852 [ERROR] AdobePublisher:162 - Exception while opening the connection: java.net.SocketTimeoutException: Connect timed out
2025-10-14 09:28:11,977 [ERROR] AdobePublisher:162 - Exception while opening the connection: java.net.SocketTimeoutException: Connect timed out
2025-10-14 09:28:13,978 [ERROR] AdobePublisher:162 - Exception while opening the connection: java.net.SocketTimeoutException: Connect timed out
2025-10-14 09:28:15,980 [ERROR] AdobePublisher:162 - Exception while opening the connection: java.net.SocketTimeoutException: Connect timed out
2025-10-14 09:28:17,982 [ERROR] AdobePublisher:162 - Exception while opening the connection: java.net.SocketTimeoutException: Connect timed out
2025-10-14 09:28:19,983 [ERROR] AdobePublisher:162 - Exception while opening the connection: java.net.SocketTimeoutException: Connect timed out
2025-10-14 09:32:48,639 [ERROR] AdobePublisher:162 - Exception while opening the connection: java.net.SocketTimeoutException: Connect timed out
2025-10-14 09:32:50,641 [ERROR] AdobePublisher:162 - Exception while opening the connection: java.net.SocketTimeoutException: Connect timed out
2025-10-14 09:32:52,642 [ERROR] AdobePublisher:162 - Exception while opening the connection: java.net.SocketTimeoutException: Connect timed out
2025-10-14 09:32:54,644 [ERROR] AdobePublisher:162 - Exception while opening the connection: java.net.SocketTimeoutException: Connect timed out
2025-10-14 09:32:56,646 [ERROR] AdobePublisher:162 - Exception while opening the connection: java.net.SocketTimeoutException: Connect timed out
2025-10-14 09:32:58,774 [ERROR] AdobePublisher:162 - Exception while opening the connection: java.net.SocketTimeoutException: Connect timed out
2025-10-14 09:33:00,776 [ERROR] AdobePublisher:162 - Exception while opening the connection: java.net.SocketTimeoutException: Connect timed out
2025-10-14 09:33:02,777 [ERROR] AdobePublisher:162 - Exception while opening the connection: java.net.SocketTimeoutException: Connect timed out
2025-10-14 09:33:04,778 [ERROR] AdobePublisher:162 - Exception while opening the connection: java.net.SocketTimeoutException: Connect timed out
2025-10-14 09:33:06,779 [ERROR] AdobePublisher:162 - Exception while opening the connection: java.net.SocketTimeoutException: Connect timed out
2025-10-14 09:54:04,299 [ERROR] AdobePublisher:162 - Exception while opening the connection: java.net.SocketTimeoutException: Connect timed out
2025-10-14 09:54:06,301 [ERROR] AdobePublisher:162 - Exception while opening the connection: java.net.SocketTimeoutException: Connect timed out
2025-10-14 09:54:08,303 [ERROR] AdobePublisher:162 - Exception while opening the connection: java.net.SocketTimeoutException: Connect timed out
2025-10-14 09:54:10,304 [ERROR] AdobePublisher:162 - Exception while opening the connection: java.net.SocketTimeoutException: Connect timed out
2025-10-14 09:54:12,306 [ERROR] AdobePublisher:162 - Exception while opening the connection: java.net.SocketTimeoutException: Connect timed out
2025-10-14 09:54:14,509 [ERROR] AdobePublisher:162 - Exception while opening the connection: java.net.SocketTimeoutException: Connect timed out
2025-10-14 09:54:16,511 [ERROR] AdobePublisher:162 - Exception while opening the connection: java.net.SocketTimeoutException: Connect timed out
2025-10-14 09:54:18,513 [ERROR] AdobePublisher:162 - Exception while opening the connection: java.net.SocketTimeoutException: Connect timed out
2025-10-14 09:54:20,515 [ERROR] AdobePublisher:162 - Exception while opening the connection: java.net.SocketTimeoutException: Connect timed out
2025-10-14 09:54:22,516 [ERROR] AdobePublisher:162 - Exception while opening the connection: java.net.SocketTimeoutException: Connect timed out
2025-10-14 10:52:07,705 [ERROR] AdobePublisher:162 - Exception while opening the connection: java.net.SocketTimeoutException: Connect timed out
2025-10-14 10:52:09,707 [ERROR] AdobePublisher:162 - Exception while opening the connection: java.net.SocketTimeoutException: Connect timed out
2025-10-14 10:52:11,708 [ERROR] AdobePublisher:162 - Exception while opening the connection: java.net.SocketTimeoutException: Connect timed out
2025-10-14 10:52:13,710 [ERROR] AdobePublisher:162 - Exception while opening the connection: java.net.SocketTimeoutException: Connect timed out
2025-10-14 10:52:15,711 [ERROR] AdobePublisher:162 - Exception while opening the connection: java.net.SocketTimeoutException: Connect timed out
2025-10-14 10:54:27,018 [ERROR] AdobePublisher:162 - Exception while opening the connection: java.net.SocketTimeoutException: Connect timed out
2025-10-14 10:54:29,019 [ERROR] AdobePublisher:162 - Exception while opening the connection: java.net.SocketTimeoutException: Connect timed out
2025-10-14 10:54:31,020 [ERROR] AdobePublisher:162 - Exception while opening the connection: java.net.SocketTimeoutException: Connect timed out
2025-10-14 10:54:33,022 [ERROR] AdobePublisher:162 - Exception while opening the connection: java.net.SocketTimeoutException: Connect timed out
2025-10-14 10:54:35,023 [ERROR] AdobePublisher:162 - Exception while opening the connection: java.net.SocketTimeoutException: Connect timed out
2025-10-14 10:59:31,040 [ERROR] AdobePublisher:162 - Exception while opening the connection: java.net.SocketTimeoutException: Connect timed out
2025-10-14 10:59:33,043 [ERROR] AdobePublisher:162 - Exception while opening the connection: java.net.SocketTimeoutException: Connect timed out
2025-10-14 10:59:35,045 [ERROR] AdobePublisher:162 - Exception while opening the connection: java.net.SocketTimeoutException: Connect timed out
2025-10-14 10:59:37,046 [ERROR] AdobePublisher:162 - Exception while opening the connection: java.net.SocketTimeoutException: Connect timed out
2025-10-14 10:59:39,048 [ERROR] AdobePublisher:162 - Exception while opening the connection: java.net.SocketTimeoutException: Connect timed out
2025-10-14 10:59:41,265 [ERROR] AdobePublisher:162 - Exception while opening the connection: java.net.SocketTimeoutException: Connect timed out
2025-10-14 10:59:43,267 [ERROR] AdobePublisher:162 - Exception while opening the connection: java.net.SocketTimeoutException: Connect timed out
2025-10-14 10:59:45,268 [ERROR] AdobePublisher:162 - Exception while opening the connection: java.net.SocketTimeoutException: Connect timed out
2025-10-14 10:59:47,270 [ERROR] AdobePublisher:162 - Exception while opening the connection: java.net.SocketTimeoutException: Connect timed out
2025-10-14 10:59:49,272 [ERROR] AdobePublisher:162 - Exception while opening the connection: java.net.SocketTimeoutException: Connect timed out
2025-10-14 11:02:37,723 [ERROR] AdobePublisher:162 - Exception while opening the connection: java.net.SocketTimeoutException: Connect timed out
2025-10-14 11:02:39,725 [ERROR] AdobePublisher:162 - Exception while opening the connection: java.net.SocketTimeoutException: Connect timed out
2025-10-14 11:02:41,726 [ERROR] AdobePublisher:162 - Exception while opening the connection: java.net.SocketTimeoutException: Connect timed out
2025-10-14 11:02:43,727 [ERROR] AdobePublisher:162 - Exception while opening the connection: java.net.SocketTimeoutException: Connect timed out
2025-10-14 11:02:45,729 [ERROR] AdobePublisher:162 - Exception while opening the connection: java.net.SocketTimeoutException: Connect timed out
2025-10-14 11:02:48,008 [ERROR] AdobePublisher:162 - Exception while opening the connection: java.net.SocketTimeoutException: Connect timed out
2025-10-14 11:02:50,010 [ERROR] AdobePublisher:162 - Exception while opening the connection: java.net.SocketTimeoutException: Connect timed out
2025-10-14 11:02:52,012 [ERROR] AdobePublisher:162 - Exception while opening the connection: java.net.SocketTimeoutException: Connect timed out
2025-10-14 11:02:54,013 [ERROR] AdobePublisher:162 - Exception while opening the connection: java.net.SocketTimeoutException: Connect timed out
2025-10-14 11:02:56,014 [ERROR] AdobePublisher:162 - Exception while opening the connection: java.net.SocketTimeoutException: Connect timed out
2025-10-14 11:04:39,176 [ERROR] AdobePublisher:162 - Exception while opening the connection: java.net.SocketTimeoutException: Connect timed out
2025-10-14 11:04:41,178 [ERROR] AdobePublisher:162 - Exception while opening the connection: java.net.SocketTimeoutException: Connect timed out
2025-10-14 11:04:43,179 [ERROR] AdobePublisher:162 - Exception while opening the connection: java.net.SocketTimeoutException: Connect timed out
2025-10-14 11:04:45,180 [ERROR] AdobePublisher:162 - Exception while opening the connection: java.net.SocketTimeoutException: Connect timed out
2025-10-14 11:04:47,182 [ERROR] AdobePublisher:162 - Exception while opening the connection: java.net.SocketTimeoutException: Connect timed out
2025-10-14 11:04:49,379 [ERROR] AdobePublisher:162 - Exception while opening the connection: java.net.SocketTimeoutException: Connect timed out
2025-10-14 11:04:51,381 [ERROR] AdobePublisher:162 - Exception while opening the connection: java.net.SocketTimeoutException: Connect timed out
2025-10-14 11:04:53,383 [ERROR] AdobePublisher:162 - Exception while opening the connection: java.net.SocketTimeoutException: Connect timed out
2025-10-14 11:04:55,384 [ERROR] AdobePublisher:162 - Exception while opening the connection: java.net.SocketTimeoutException: Connect timed out
2025-10-14 11:04:57,385 [ERROR] AdobePublisher:162 - Exception while opening the connection: java.net.SocketTimeoutException: Connect timed out
2025-10-14 11:07:40,765 [ERROR] AdobePublisher:162 - Exception while opening the connection: java.net.SocketTimeoutException: Connect timed out
2025-10-14 11:07:42,766 [ERROR] AdobePublisher:162 - Exception while opening the connection: java.net.SocketTimeoutException: Connect timed out
2025-10-14 11:07:44,768 [ERROR] AdobePublisher:162 - Exception while opening the connection: java.net.SocketTimeoutException: Connect timed out
2025-10-14 11:07:46,770 [ERROR] AdobePublisher:162 - Exception while opening the connection: java.net.SocketTimeoutException: Connect timed out
2025-10-14 11:07:48,771 [ERROR] AdobePublisher:162 - Exception while opening the connection: java.net.SocketTimeoutException: Connect timed out
2025-10-14 11:07:50,975 [ERROR] AdobePublisher:162 - Exception while opening the connection: java.net.SocketTimeoutException: Connect timed out
2025-10-14 11:07:52,976 [ERROR] AdobePublisher:162 - Exception while opening the connection: java.net.SocketTimeoutException: Connect timed out
2025-10-14 11:07:54,978 [ERROR] AdobePublisher:162 - Exception while opening the connection: java.net.SocketTimeoutException: Connect timed out
2025-10-14 11:07:56,980 [ERROR] AdobePublisher:162 - Exception while opening the connection: java.net.SocketTimeoutException: Connect timed out
2025-10-14 11:07:58,982 [ERROR] AdobePublisher:162 - Exception while opening the connection: java.net.SocketTimeoutException: Connect timed out
2025-10-14 11:09:13,024 [ERROR] AdobePublisher:162 - Exception while opening the connection: java.net.SocketTimeoutException: Connect timed out
2025-10-14 11:09:15,026 [ERROR] AdobePublisher:162 - Exception while opening the connection: java.net.SocketTimeoutException: Connect timed out
2025-10-14 11:09:17,028 [ERROR] AdobePublisher:162 - Exception while opening the connection: java.net.SocketTimeoutException: Connect timed out
2025-10-14 11:09:19,029 [ERROR] AdobePublisher:162 - Exception while opening the connection: java.net.SocketTimeoutException: Connect timed out
2025-10-14 11:09:21,031 [ERROR] AdobePublisher:162 - Exception while opening the connection: java.net.SocketTimeoutException: Connect timed out
2025-10-14 11:09:23,242 [ERROR] AdobePublisher:162 - Exception while opening the connection: java.net.SocketTimeoutException: Connect timed out
2025-10-14 11:09:25,244 [ERROR] AdobePublisher:162 - Exception while opening the connection: java.net.SocketTimeoutException: Connect timed out
2025-10-14 11:09:27,245 [ERROR] AdobePublisher:162 - Exception while opening the connection: java.net.SocketTimeoutException: Connect timed out
2025-10-14 11:09:29,247 [ERROR] AdobePublisher:162 - Exception while opening the connection: java.net.SocketTimeoutException: Connect timed out
2025-10-14 11:09:31,249 [ERROR] AdobePublisher:162 - Exception while opening the connection: java.net.SocketTimeoutException: Connect timed out
2025-10-14 11:16:46,747 [ERROR] AdobePublisher:162 - Exception while opening the connection: java.net.SocketTimeoutException: Connect timed out
2025-10-14 11:16:48,750 [ERROR] AdobePublisher:162 - Exception while opening the connection: java.net.SocketTimeoutException: Connect timed out
2025-10-14 11:16:50,751 [ERROR] AdobePublisher:162 - Exception while opening the connection: java.net.SocketTimeoutException: Connect timed out
2025-10-14 11:16:52,752 [ERROR] AdobePublisher:162 - Exception while opening the connection: java.net.SocketTimeoutException: Connect timed out
2025-10-14 11:16:54,753 [ERROR] AdobePublisher:162 - Exception while opening the connection: java.net.SocketTimeoutException: Connect timed out
2025-10-14 11:16:56,881 [ERROR] AdobePublisher:162 - Exception while opening the connection: java.net.SocketTimeoutException: Connect timed out
2025-10-14 11:16:58,883 [ERROR] AdobePublisher:162 - Exception while opening the connection: java.net.SocketTimeoutException: Connect timed out
2025-10-14 11:17:00,884 [ERROR] AdobePublisher:162 - Exception while opening the connection: java.net.SocketTimeoutException: Connect timed out
2025-10-14 11:17:02,886 [ERROR] AdobePublisher:162 - Exception while opening the connection: java.net.SocketTimeoutException: Connect timed out
2025-10-14 11:17:04,888 [ERROR] AdobePublisher:162 - Exception while opening the connection: java.net.SocketTimeoutException: Connect timed out
2025-10-14 11:21:47,213 [ERROR] AdobePublisher:162 - Exception while opening the connection: java.net.SocketTimeoutException: Connect timed out
2025-10-14 11:21:49,214 [ERROR] AdobePublisher:162 - Exception while opening the connection: java.net.SocketTimeoutException: Connect timed out
2025-10-14 11:21:51,215 [ERROR] AdobePublisher:162 - Exception while opening the connection: java.net.SocketTimeoutException: Connect timed out
2025-10-14 11:21:53,216 [ERROR] AdobePublisher:162 - Exception while opening the connection: java.net.SocketTimeoutException: Connect timed out
2025-10-14 11:21:55,217 [ERROR] AdobePublisher:162 - Exception while opening the connection: java.net.SocketTimeoutException: Connect timed out
2025-10-14 11:21:57,489 [ERROR] AdobePublisher:162 - Exception while opening the connection: java.net.SocketTimeoutException: Connect timed out
2025-10-14 11:21:59,491 [ERROR] AdobePublisher:162 - Exception while opening the connection: java.net.SocketTimeoutException: Connect timed out
2025-10-14 11:22:01,493 [ERROR] AdobePublisher:162 - Exception while opening the connection: java.net.SocketTimeoutException: Connect timed out
2025-10-14 11:22:03,493 [ERROR] AdobePublisher:162 - Exception while opening the connection: java.net.SocketTimeoutException: Connect timed out
2025-10-14 11:22:05,495 [ERROR] AdobePublisher:162 - Exception while opening the connection: java.net.SocketTimeoutException: Connect timed out
2025-10-14 11:24:24,659 [ERROR] AdobePublisher:162 - Exception while opening the connection: java.net.SocketTimeoutException: Connect timed out
2025-10-14 11:24:26,660 [ERROR] AdobePublisher:162 - Exception while opening the connection: java.net.SocketTimeoutException: Connect timed out
2025-10-14 11:24:28,662 [ERROR] AdobePublisher:162 - Exception while opening the connection: java.net.SocketTimeoutException: Connect timed out
2025-10-14 11:24:30,663 [ERROR] AdobePublisher:162 - Exception while opening the connection: java.net.SocketTimeoutException: Connect timed out
2025-10-14 11:24:32,664 [ERROR] AdobePublisher:162 - Exception while opening the connection: java.net.SocketTimeoutException: Connect timed out
2025-10-14 11:24:34,883 [ERROR] AdobePublisher:162 - Exception while opening the connection: java.net.SocketTimeoutException: Connect timed out
2025-10-14 11:24:36,884 [ERROR] AdobePublisher:162 - Exception while opening the connection: java.net.SocketTimeoutException: Connect timed out
2025-10-14 11:24:38,885 [ERROR] AdobePublisher:162 - Exception while opening the connection: java.net.SocketTimeoutException: Connect timed out
2025-10-14 11:24:40,887 [ERROR] AdobePublisher:162 - Exception while opening the connection: java.net.SocketTimeoutException: Connect timed out
2025-10-14 11:24:42,889 [ERROR] AdobePublisher:162 - Exception while opening the connection: java.net.SocketTimeoutException: Connect timed out
2025-10-14 11:25:41,096 [ERROR] AdobePublisher:162 - Exception while opening the connection: java.net.SocketTimeoutException: Connect timed out
2025-10-14 11:25:43,099 [ERROR] AdobePublisher:162 - Exception while opening the connection: java.net.SocketTimeoutException: Connect timed out
2025-10-14 11:25:45,100 [ERROR] AdobePublisher:162 - Exception while opening the connection: java.net.SocketTimeoutException: Connect timed out
2025-10-14 11:25:47,102 [ERROR] AdobePublisher:162 - Exception while opening the connection: java.net.SocketTimeoutException: Connect timed out
2025-10-14 11:25:49,103 [ERROR] AdobePublisher:162 - Exception while opening the connection: java.net.SocketTimeoutException: Connect timed out
2025-10-14 11:25:51,274 [ERROR] AdobePublisher:162 - Exception while opening the connection: java.net.SocketTimeoutException: Connect timed out
2025-10-14 11:25:53,276 [ERROR] AdobePublisher:162 - Exception while opening the connection: java.net.SocketTimeoutException: Connect timed out
2025-10-14 11:25:55,279 [ERROR] AdobePublisher:162 - Exception while opening the connection: java.net.SocketTimeoutException: Connect timed out
2025-10-14 11:25:57,280 [ERROR] AdobePublisher:162 - Exception while opening the connection: java.net.SocketTimeoutException: Connect timed out
2025-10-14 11:25:59,282 [ERROR] AdobePublisher:162 - Exception while opening the connection: java.net.SocketTimeoutException: Connect timed out
2025-10-14 11:26:22,792 [ERROR] AdobePublisher:162 - Exception while opening the connection: java.net.SocketTimeoutException: Connect timed out
2025-10-14 11:26:24,794 [ERROR] AdobePublisher:162 - Exception while opening the connection: java.net.SocketTimeoutException: Connect timed out
2025-10-14 11:26:26,795 [ERROR] AdobePublisher:162 - Exception while opening the connection: java.net.SocketTimeoutException: Connect timed out
2025-10-14 11:26:28,796 [ERROR] AdobePublisher:162 - Exception while opening the connection: java.net.SocketTimeoutException: Connect timed out
2025-10-14 11:26:30,797 [ERROR] AdobePublisher:162 - Exception while opening the connection: java.net.SocketTimeoutException: Connect timed out
2025-10-14 11:26:32,911 [ERROR] AdobePublisher:162 - Exception while opening the connection: java.net.SocketTimeoutException: Connect timed out
2025-10-14 11:26:34,913 [ERROR] AdobePublisher:162 - Exception while opening the connection: java.net.SocketTimeoutException: Connect timed out
2025-10-14 11:26:36,914 [ERROR] AdobePublisher:162 - Exception while opening the connection: java.net.SocketTimeoutException: Connect timed out
2025-10-14 11:26:38,916 [ERROR] AdobePublisher:162 - Exception while opening the connection: java.net.SocketTimeoutException: Connect timed out
2025-10-14 11:26:40,917 [ERROR] AdobePublisher:162 - Exception while opening the connection: java.net.SocketTimeoutException: Connect timed out
2025-10-14 11:42:39,044 [ERROR] AdobePublisher:162 - Exception while opening the connection: java.net.SocketTimeoutException: Connect timed out
2025-10-14 11:42:41,046 [ERROR] AdobePublisher:162 - Exception while opening the connection: java.net.SocketTimeoutException: Connect timed out
2025-10-14 11:42:43,048 [ERROR] AdobePublisher:162 - Exception while opening the connection: java.net.SocketTimeoutException: Connect timed out
2025-10-14 11:42:45,051 [ERROR] AdobePublisher:162 - Exception while opening the connection: java.net.SocketTimeoutException: Connect timed out
2025-10-14 11:42:47,052 [ERROR] AdobePublisher:162 - Exception while opening the connection: java.net.SocketTimeoutException: Connect timed out
2025-10-14 11:42:49,369 [ERROR] AdobePublisher:162 - Exception while opening the connection: java.net.SocketTimeoutException: Connect timed out
2025-10-14 11:42:51,371 [ERROR] AdobePublisher:162 - Exception while opening the connection: java.net.SocketTimeoutException: Connect timed out
2025-10-14 11:42:53,372 [ERROR] AdobePublisher:162 - Exception while opening the connection: java.net.SocketTimeoutException: Connect timed out
2025-10-14 11:42:55,373 [ERROR] AdobePublisher:162 - Exception while opening the connection: java.net.SocketTimeoutException: Connect timed out
2025-10-14 11:42:57,375 [ERROR] AdobePublisher:162 - Exception while opening the connection: java.net.SocketTimeoutException: Connect timed out
2025-10-14 11:56:02,515 [ERROR] AdobePublisher:162 - Exception while opening the connection: java.net.SocketTimeoutException: Connect timed out
2025-10-14 11:56:04,517 [ERROR] AdobePublisher:162 - Exception while opening the connection: java.net.SocketTimeoutException: Connect timed out
2025-10-14 11:56:06,519 [ERROR] AdobePublisher:162 - Exception while opening the connection: java.net.SocketTimeoutException: Connect timed out
2025-10-14 11:56:08,520 [ERROR] AdobePublisher:162 - Exception while opening the connection: java.net.SocketTimeoutException: Connect timed out
2025-10-14 11:56:10,522 [ERROR] AdobePublisher:162 - Exception while opening the connection: java.net.SocketTimeoutException: Connect timed out
2025-10-14 11:56:12,639 [ERROR] AdobePublisher:162 - Exception while opening the connection: java.net.SocketTimeoutException: Connect timed out
2025-10-14 11:56:14,640 [ERROR] AdobePublisher:162 - Exception while opening the connection: java.net.SocketTimeoutException: Connect timed out
2025-10-14 11:56:16,642 [ERROR] AdobePublisher:162 - Exception while opening the connection: java.net.SocketTimeoutException: Connect timed out
2025-10-14 11:56:18,643 [ERROR] AdobePublisher:162 - Exception while opening the connection: java.net.SocketTimeoutException: Connect timed out
2025-10-14 11:56:20,644 [ERROR] AdobePublisher:162 - Exception while opening the connection: java.net.SocketTimeoutException: Connect timed out
2025-10-14 11:57:06,342 [ERROR] AdobePublisher:162 - Exception while opening the connection: java.net.SocketTimeoutException: Connect timed out
2025-10-14 11:57:08,343 [ERROR] AdobePublisher:162 - Exception while opening the connection: java.net.SocketTimeoutException: Connect timed out
2025-10-14 11:57:10,344 [ERROR] AdobePublisher:162 - Exception while opening the connection: java.net.SocketTimeoutException: Connect timed out
2025-10-14 11:57:12,346 [ERROR] AdobePublisher:162 - Exception while opening the connection: java.net.SocketTimeoutException: Connect timed out
2025-10-14 11:57:14,348 [ERROR] AdobePublisher:162 - Exception while opening the connection: java.net.SocketTimeoutException: Connect timed out
2025-10-14 11:57:16,638 [ERROR] AdobePublisher:162 - Exception while opening the connection: java.net.SocketTimeoutException: Connect timed out
2025-10-14 11:57:18,640 [ERROR] AdobePublisher:162 - Exception while opening the connection: java.net.SocketTimeoutException: Connect timed out
2025-10-14 11:57:20,642 [ERROR] AdobePublisher:162 - Exception while opening the connection: java.net.SocketTimeoutException: Connect timed out
2025-10-14 11:57:22,644 [ERROR] AdobePublisher:162 - Exception while opening the connection: java.net.SocketTimeoutException: Connect timed out
2025-10-14 11:57:24,645 [ERROR] AdobePublisher:162 - Exception while opening the connection: java.net.SocketTimeoutException: Connect timed out
2025-10-14 12:00:05,847 [ERROR] AdobePublisher:162 - Exception while opening the connection: java.net.SocketTimeoutException: Connect timed out
2025-10-14 12:00:07,849 [ERROR] AdobePublisher:162 - Exception while opening the connection: java.net.SocketTimeoutException: Connect timed out
2025-10-14 12:00:09,850 [ERROR] AdobePublisher:162 - Exception while opening the connection: java.net.SocketTimeoutException: Connect timed out
2025-10-14 12:00:11,852 [ERROR] AdobePublisher:162 - Exception while opening the connection: java.net.SocketTimeoutException: Connect timed out
2025-10-14 12:00:13,853 [ERROR] AdobePublisher:162 - Exception while opening the connection: java.net.SocketTimeoutException: Connect timed out
2025-10-14 12:00:18,194 [ERROR] AdobePublisher:162 - Exception while opening the connection: java.net.SocketTimeoutException: Connect timed out
2025-10-14 12:00:20,195 [ERROR] AdobePublisher:162 - Exception while opening the connection: java.net.SocketTimeoutException: Connect timed out
2025-10-14 12:00:22,197 [ERROR] AdobePublisher:162 - Exception while opening the connection: java.net.SocketTimeoutException: Connect timed out
2025-10-14 12:00:24,198 [ERROR] AdobePublisher:162 - Exception while opening the connection: java.net.SocketTimeoutException: Connect timed out
2025-10-14 12:00:26,200 [ERROR] AdobePublisher:162 - Exception while opening the connection: java.net.SocketTimeoutException: Connect timed out
2025-10-14 12:07:20,769 [ERROR] AdobePublisher:162 - Exception while opening the connection: java.net.SocketTimeoutException: Connect timed out
2025-10-14 12:07:22,772 [ERROR] AdobePublisher:162 - Exception while opening the connection: java.net.SocketTimeoutException: Connect timed out
2025-10-14 12:07:24,773 [ERROR] AdobePublisher:162 - Exception while opening the connection: java.net.SocketTimeoutException: Connect timed out
2025-10-14 12:07:26,774 [ERROR] AdobePublisher:162 - Exception while opening the connection: java.net.SocketTimeoutException: Connect timed out
2025-10-14 12:07:28,776 [ERROR] AdobePublisher:162 - Exception while opening the connection: java.net.SocketTimeoutException: Connect timed out
2025-10-14 12:07:30,904 [ERROR] AdobePublisher:162 - Exception while opening the connection: java.net.SocketTimeoutException: Connect timed out
2025-10-14 12:07:32,906 [ERROR] AdobePublisher:162 - Exception while opening the connection: java.net.SocketTimeoutException: Connect timed out
2025-10-14 12:07:34,908 [ERROR] AdobePublisher:162 - Exception while opening the connection: java.net.SocketTimeoutException: Connect timed out
2025-10-14 12:07:36,909 [ERROR] AdobePublisher:162 - Exception while opening the connection: java.net.SocketTimeoutException: Connect timed out
2025-10-14 12:07:38,911 [ERROR] AdobePublisher:162 - Exception while opening the connection: java.net.SocketTimeoutException: Connect timed out
2025-10-14 12:08:43,429 [ERROR] AdobePublisher:162 - Exception while opening the connection: java.net.SocketTimeoutException: Connect timed out
2025-10-14 12:08:45,432 [ERROR] AdobePublisher:162 - Exception while opening the connection: java.net.SocketTimeoutException: Connect timed out
2025-10-14 12:08:47,434 [ERROR] AdobePublisher:162 - Exception while opening the connection: java.net.SocketTimeoutException: Connect timed out
2025-10-14 12:08:49,435 [ERROR] AdobePublisher:162 - Exception while opening the connection: java.net.SocketTimeoutException: Connect timed out
2025-10-14 12:08:51,436 [ERROR] AdobePublisher:162 - Exception while opening the connection: java.net.SocketTimeoutException: Connect timed out
2025-10-14 12:08:53,633 [ERROR] AdobePublisher:162 - Exception while opening the connection: java.net.SocketTimeoutException: Connect timed out
2025-10-14 12:08:55,634 [ERROR] AdobePublisher:162 - Exception while opening the connection: java.net.SocketTimeoutException: Connect timed out
2025-10-14 12:08:57,636 [ERROR] AdobePublisher:162 - Exception while opening the connection: java.net.SocketTimeoutException: Connect timed out
2025-10-14 12:08:59,638 [ERROR] AdobePublisher:162 - Exception while opening the connection: java.net.SocketTimeoutException: Connect timed out
2025-10-14 12:09:01,639 [ERROR] AdobePublisher:162 - Exception while opening the connection: java.net.SocketTimeoutException: Connect timed out
2025-10-14 13:10:42,963 [ERROR] AdobePublisher:162 - Exception while opening the connection: java.net.SocketTimeoutException: Connect timed out
2025-10-14 13:10:44,964 [ERROR] AdobePublisher:162 - Exception while opening the connection: java.net.SocketTimeoutException: Connect timed out
2025-10-14 13:10:46,965 [ERROR] AdobePublisher:162 - Exception while opening the connection: java.net.SocketTimeoutException: Connect timed out
2025-10-14 13:10:48,968 [ERROR] AdobePublisher:162 - Exception while opening the connection: java.net.SocketTimeoutException: Connect timed out
2025-10-14 13:10:50,970 [ERROR] AdobePublisher:162 - Exception while opening the connection: java.net.SocketTimeoutException: Connect timed out
2025-10-14 13:10:53,165 [ERROR] AdobePublisher:162 - Exception while opening the connection: java.net.SocketTimeoutException: Connect timed out
2025-10-14 13:10:55,167 [ERROR] AdobePublisher:162 - Exception while opening the connection: java.net.SocketTimeoutException: Connect timed out
2025-10-14 13:10:57,168 [ERROR] AdobePublisher:162 - Exception while opening the connection: java.net.SocketTimeoutException: Connect timed out
2025-10-14 13:10:59,170 [ERROR] AdobePublisher:162 - Exception while opening the connection: java.net.SocketTimeoutException: Connect timed out
2025-10-14 13:11:01,171 [ERROR] AdobePublisher:162 - Exception while opening the connection: java.net.SocketTimeoutException: Connect timed out
2025-10-14 13:12:21,963 [ERROR] AdobePublisher:162 - Exception while opening the connection: java.net.SocketTimeoutException: Connect timed out
2025-10-14 13:12:23,965 [ERROR] AdobePublisher:162 - Exception while opening the connection: java.net.SocketTimeoutException: Connect timed out
2025-10-14 13:12:25,966 [ERROR] AdobePublisher:162 - Exception while opening the connection: java.net.SocketTimeoutException: Connect timed out
2025-10-14 13:12:27,967 [ERROR] AdobePublisher:162 - Exception while opening the connection: java.net.SocketTimeoutException: Connect timed out
2025-10-14 13:12:29,982 [ERROR] AdobePublisher:162 - Exception while opening the connection: java.net.SocketTimeoutException: Connect timed out
2025-10-14 13:12:32,269 [ERROR] AdobePublisher:162 - Exception while opening the connection: java.net.SocketTimeoutException: Connect timed out
2025-10-14 13:12:34,283 [ERROR] AdobePublisher:162 - Exception while opening the connection: java.net.SocketTimeoutException: Connect timed out
2025-10-14 13:12:36,284 [ERROR] AdobePublisher:162 - Exception while opening the connection: java.net.SocketTimeoutException: Connect timed out
2025-10-14 13:12:38,284 [ERROR] AdobePublisher:162 - Exception while opening the connection: java.net.SocketTimeoutException: Connect timed out
2025-10-14 13:12:40,285 [ERROR] AdobePublisher:162 - Exception while opening the connection: java.net.SocketTimeoutException: Connect timed out
2025-10-14 13:38:37,689 [WARN] IP:2250 - I2C_Coeff_DF not found: check if there is a RefParameter without a condition.
2025-10-14 13:38:37,689 [WARN] IP:2250 - Analog_Filter not found: check if there is a RefParameter without a condition.
2025-10-14 13:38:37,751 [WARN] IP:2250 - I2C_Coeff_DF not found: check if there is a RefParameter without a condition.
2025-10-14 13:38:37,751 [WARN] IP:2250 - Analog_Filter not found: check if there is a RefParameter without a condition.
2025-10-14 13:38:37,753 [WARN] IP:2250 - I2C_Coeff_DF not found: check if there is a RefParameter without a condition.
2025-10-14 13:38:37,753 [WARN] IP:2250 - Analog_Filter not found: check if there is a RefParameter without a condition.
2025-10-14 13:38:37,956 [WARN] IP:2250 - I2C_Coeff_DF not found: check if there is a RefParameter without a condition.
2025-10-14 13:38:37,956 [WARN] IP:2250 - Analog_Filter not found: check if there is a RefParameter without a condition.
2025-10-14 13:38:37,961 [WARN] IP:2250 - I2C_Coeff_DF not found: check if there is a RefParameter without a condition.
2025-10-14 13:38:37,961 [WARN] IP:2250 - Analog_Filter not found: check if there is a RefParameter without a condition.
2025-10-14 13:38:41,890 [WARN] IP:2250 - I2C_Coeff_DF not found: check if there is a RefParameter without a condition.
2025-10-14 13:38:41,890 [WARN] IP:2250 - Analog_Filter not found: check if there is a RefParameter without a condition.
2025-10-14 13:38:43,058 [WARN] IP:2250 - I2C_Coeff_DF not found: check if there is a RefParameter without a condition.
2025-10-14 13:38:43,058 [WARN] IP:2250 - Analog_Filter not found: check if there is a RefParameter without a condition.
2025-10-14 13:38:55,171 [INFO] UtilMem:75 - End SaveConfig() Used Memory: 347026032 Bytes (825229312)
2025-10-14 13:38:57,418 [INFO] UtilMem:75 - End SaveConfig() Used Memory: 370931448 Bytes (825229312)
2025-10-14 13:38:57,901 [ERROR] AdobePublisher:162 - Exception while opening the connection: java.net.ConnectException: Connection refused: getsockopt
2025-10-14 13:38:59,355 [INFO] UtilMem:75 - End SaveConfig() Used Memory: 448737904 Bytes (825229312)
2025-10-14 13:38:59,582 [INFO] BlockDiagram:2775 - set Specific Code input for plugin: USB_OTG_FS
2025-10-14 13:38:59,582 [INFO] BlockDiagram:2775 - set Specific Code input for plugin: NVIC
2025-10-14 13:38:59,582 [INFO] BlockDiagram:2775 - set Specific Code input for plugin: USB_DEVICE
2025-10-14 13:38:59,584 [INFO] BlockDiagram:2775 - set Specific Code input for plugin: SYS
2025-10-14 13:38:59,584 [INFO] BlockDiagram:2775 - set Specific Code input for plugin: GPIO
2025-10-14 13:38:59,584 [INFO] BlockDiagram:2775 - set Specific Code input for plugin: RCC
2025-10-14 13:38:59,584 [INFO] BlockDiagram:2775 - set Specific Code input for plugin: I2C
2025-10-14 13:38:59,584 [INFO] BlockDiagram:2775 - set Specific Code input for plugin: I2C
2025-10-14 13:38:59,586 [INFO] CodeGenerator:892 - code generatio: config db path: G:\ST\STM32CubeIDE_1.19.0\STM32CubeIDE\plugins\com.st.stm32cube.common.mx_6.15.0.202507011659\\db\
2025-10-14 13:38:59,589 [WARN] IP:2250 - I2C_Coeff_DF not found: check if there is a RefParameter without a condition.
2025-10-14 13:38:59,590 [WARN] IP:2250 - Analog_Filter not found: check if there is a RefParameter without a condition.
2025-10-14 13:38:59,591 [WARN] IP:2250 - I2C_Coeff_DF not found: check if there is a RefParameter without a condition.
2025-10-14 13:38:59,593 [WARN] IP:2250 - Analog_Filter not found: check if there is a RefParameter without a condition.
2025-10-14 13:38:59,610 [WARN] IP:2250 - DEVICE_SERIAL0_CUSTOM_HID_FS not found: check if there is a RefParameter without a condition.
2025-10-14 13:38:59,610 [WARN] IP:2250 - DEVICE_SERIAL1_CUSTOM_HID_FS not found: check if there is a RefParameter without a condition.
2025-10-14 13:38:59,611 [WARN] IP:2250 - DEVICE_SERIAL2_CUSTOM_HID_FS not found: check if there is a RefParameter without a condition.
2025-10-14 13:38:59,775 [INFO] CodeEngine:265 - oldGeneratedFile, G:\ST\workspace\try1\MXTmpFiles\license.tmp_save
2025-10-14 13:38:59,945 [ERROR] AdobePublisher:162 - Exception while opening the connection: java.net.ConnectException: Connection refused: getsockopt
2025-10-14 13:39:00,279 [INFO] CodeEngine:289 - Generated code: G:\ST\workspace\try1\MXTmpFiles\license.tmp
2025-10-14 13:39:00,336 [INFO] CodeEngine:265 - oldGeneratedFile, G:\ST\workspace\try1\MXTmpFiles\gpio.tmp_save
2025-10-14 13:39:00,569 [INFO] CodeEngine:289 - Generated code: G:\ST\workspace\try1\MXTmpFiles\gpio.tmp
2025-10-14 13:39:00,649 [WARN] IPConfigManager:3238 - Warning: the RefConfig PWREx_EnableUSBVoltageDetector is not available in your config.xml file
2025-10-14 13:39:00,663 [INFO] CodeEngine:265 - oldGeneratedFile, G:\ST\workspace\try1\MXTmpFiles\usb_otg_fs_vars.tmp_save
2025-10-14 13:39:00,859 [INFO] CodeEngine:289 - Generated code: G:\ST\workspace\try1\MXTmpFiles\usb_otg_fs_vars.tmp
2025-10-14 13:39:00,867 [INFO] CodeEngine:265 - oldGeneratedFile, G:\ST\workspace\try1\MXTmpFiles\usb_otg_fs_inc.tmp_save
2025-10-14 13:39:01,007 [INFO] CodeEngine:289 - Generated code: G:\ST\workspace\try1\MXTmpFiles\usb_otg_fs_inc.tmp
2025-10-14 13:39:01,016 [INFO] CodeEngine:265 - oldGeneratedFile, G:\ST\workspace\try1\MXTmpFiles\usb_otg_fs_HalInit.tmp_save
2025-10-14 13:39:01,172 [INFO] CodeEngine:289 - Generated code: G:\ST\workspace\try1\MXTmpFiles\usb_otg_fs_HalInit.tmp
2025-10-14 13:39:01,180 [INFO] CodeEngine:265 - oldGeneratedFile, G:\ST\workspace\try1\MXTmpFiles\usb_otg_fs_Msp.tmp_save
2025-10-14 13:39:01,331 [INFO] CodeEngine:289 - Generated code: G:\ST\workspace\try1\MXTmpFiles\usb_otg_fs_Msp.tmp
2025-10-14 13:39:01,497 [INFO] Middleware:1452 - No code input for Bsp Dependency
2025-10-14 13:39:01,532 [INFO] Middleware:1452 - No code input for Bsp Dependency
2025-10-14 13:39:01,547 [INFO] CodeEngine:265 - oldGeneratedFile, G:\ST\workspace\try1\USB_DEVICE\App\usb_device.c_save
2025-10-14 13:39:01,667 [INFO] CodeEngine:289 - Generated code: G:\ST\workspace\try1\USB_DEVICE\App\usb_device.c
2025-10-14 13:39:01,677 [INFO] CodeEngine:265 - oldGeneratedFile, G:\ST\workspace\try1\USB_DEVICE\App\usb_device.h_save
2025-10-14 13:39:01,791 [INFO] CodeEngine:289 - Generated code: G:\ST\workspace\try1\USB_DEVICE\App\usb_device.h
2025-10-14 13:39:01,802 [INFO] CodeEngine:265 - oldGeneratedFile, G:\ST\workspace\try1\USB_DEVICE\Target\usbd_conf.h_save
2025-10-14 13:39:01,919 [INFO] CodeEngine:289 - Generated code: G:\ST\workspace\try1\USB_DEVICE\Target\usbd_conf.h
2025-10-14 13:39:01,930 [INFO] CodeEngine:265 - oldGeneratedFile, G:\ST\workspace\try1\USB_DEVICE\Target\usbd_conf.c_save
2025-10-14 13:39:02,001 [ERROR] AdobePublisher:162 - Exception while opening the connection: java.net.ConnectException: Connection refused: getsockopt
2025-10-14 13:39:02,054 [INFO] CodeEngine:289 - Generated code: G:\ST\workspace\try1\USB_DEVICE\Target\usbd_conf.c
2025-10-14 13:39:02,067 [INFO] CodeEngine:265 - oldGeneratedFile, G:\ST\workspace\try1\USB_DEVICE\App\usbd_desc.h_save
2025-10-14 13:39:02,172 [INFO] CodeEngine:289 - Generated code: G:\ST\workspace\try1\USB_DEVICE\App\usbd_desc.h
2025-10-14 13:39:02,184 [INFO] CodeEngine:265 - oldGeneratedFile, G:\ST\workspace\try1\USB_DEVICE\App\usbd_desc.c_save
2025-10-14 13:39:02,301 [INFO] CodeEngine:289 - Generated code: G:\ST\workspace\try1\USB_DEVICE\App\usbd_desc.c
2025-10-14 13:39:02,312 [INFO] CodeEngine:265 - oldGeneratedFile, G:\ST\workspace\try1\USB_DEVICE\App\usbd_custom_hid_if.h_save
2025-10-14 13:39:02,418 [INFO] CodeEngine:289 - Generated code: G:\ST\workspace\try1\USB_DEVICE\App\usbd_custom_hid_if.h
2025-10-14 13:39:02,428 [INFO] CodeEngine:265 - oldGeneratedFile, G:\ST\workspace\try1\USB_DEVICE\App\usbd_custom_hid_if.c_save
2025-10-14 13:39:02,547 [INFO] CodeEngine:289 - Generated code: G:\ST\workspace\try1\USB_DEVICE\App\usbd_custom_hid_if.c
2025-10-14 13:39:02,568 [INFO] CodeEngine:265 - oldGeneratedFile, G:\ST\workspace\try1\Core\Src\stm32f4xx_it.c_save
2025-10-14 13:39:02,816 [INFO] CodeEngine:289 - Generated code: G:\ST\workspace\try1\Core\Src\stm32f4xx_it.c
2025-10-14 13:39:02,827 [INFO] CodeEngine:265 - oldGeneratedFile, G:\ST\workspace\try1\Core\Inc\stm32f4xx_it.h_save
2025-10-14 13:39:02,933 [INFO] CodeEngine:289 - Generated code: G:\ST\workspace\try1\Core\Inc\stm32f4xx_it.h
2025-10-14 13:39:02,958 [INFO] CodeEngine:265 - oldGeneratedFile, G:\ST\workspace\try1\Core\Src\stm32f4xx_hal_msp.c_save
2025-10-14 13:39:03,113 [INFO] CodeEngine:289 - Generated code: G:\ST\workspace\try1\Core\Src\stm32f4xx_hal_msp.c
2025-10-14 13:39:03,119 [INFO] CodeEngine:265 - oldGeneratedFile, G:\ST\workspace\try1\MXTmpFiles\system.tmp_save
2025-10-14 13:39:03,198 [INFO] CodeEngine:289 - Generated code: G:\ST\workspace\try1\MXTmpFiles\system.tmp
2025-10-14 13:39:03,227 [INFO] CodeEngine:321 - oldGeneratedFile, G:\ST\workspace\try1\Core\Inc\stm32f4xx_hal_conf.h_save
2025-10-14 13:39:03,324 [INFO] CodeEngine:345 - Generated code: G:\ST\workspace\try1\Core\Inc\stm32f4xx_hal_conf.h
2025-10-14 13:39:03,370 [INFO] ApiDbMcu:532 - Load IP Config File for I2C2
2025-10-14 13:39:03,386 [INFO] CodeEngine:265 - oldGeneratedFile, G:\ST\workspace\try1\Core\Inc\main.h_save
2025-10-14 13:39:03,493 [INFO] CodeEngine:289 - Generated code: G:\ST\workspace\try1\Core\Inc\main.h
2025-10-14 13:39:03,513 [INFO] CodeEngine:265 - oldGeneratedFile, G:\ST\workspace\try1\Core\Src\main.c_save
2025-10-14 13:39:03,652 [INFO] CodeEngine:289 - Generated code: G:\ST\workspace\try1\Core\Src\main.c
2025-10-14 13:39:04,043 [ERROR] AdobePublisher:162 - Exception while opening the connection: java.net.ConnectException: Connection refused: getsockopt
2025-10-14 13:39:04,298 [INFO] ProjectBuilder:3606 - Time for Copy HAL[1] : 375mS.
2025-10-14 13:39:04,307 [INFO] ProjectBuilder:5216 - Project Generator version: 4.7.0-B52
2025-10-14 13:39:04,425 [INFO] ConfigFileManager:1595 - The Die is : DIE431
2025-10-14 13:39:06,101 [ERROR] AdobePublisher:162 - Exception while opening the connection: java.net.ConnectException: Connection refused: getsockopt
2025-10-14 13:39:06,166 [INFO] ProjectBuilder:5496 - Time for Generating toolchain IDE Files: 1859mS.
2025-10-14 13:39:06,167 [INFO] ProjectBuilder:3463 - Time for Copy CMSIS : 1mS.
2025-10-14 13:39:06,178 [INFO] ProjectBuilder:3463 - Time for Copy CMSIS : 0mS.
2025-10-14 14:51:09,553 [ERROR] AdobePublisher:162 - Exception while opening the connection: java.net.SocketTimeoutException: Connect timed out
2025-10-14 14:51:11,556 [ERROR] AdobePublisher:162 - Exception while opening the connection: java.net.SocketTimeoutException: Connect timed out
2025-10-14 14:51:13,558 [ERROR] AdobePublisher:162 - Exception while opening the connection: java.net.SocketTimeoutException: Connect timed out
2025-10-14 14:51:15,560 [ERROR] AdobePublisher:162 - Exception while opening the connection: java.net.SocketTimeoutException: Connect timed out
2025-10-14 14:51:17,561 [ERROR] AdobePublisher:162 - Exception while opening the connection: java.net.SocketTimeoutException: Connect timed out
2025-10-14 14:51:19,903 [ERROR] AdobePublisher:162 - Exception while opening the connection: java.net.SocketTimeoutException: Connect timed out
2025-10-14 14:51:21,905 [ERROR] AdobePublisher:162 - Exception while opening the connection: java.net.SocketTimeoutException: Connect timed out
2025-10-14 14:51:23,906 [ERROR] AdobePublisher:162 - Exception while opening the connection: java.net.SocketTimeoutException: Connect timed out
2025-10-14 14:51:25,908 [ERROR] AdobePublisher:162 - Exception while opening the connection: java.net.SocketTimeoutException: Connect timed out
2025-10-14 14:51:27,910 [ERROR] AdobePublisher:162 - Exception while opening the connection: java.net.SocketTimeoutException: Connect timed out
2025-10-14 14:59:04,710 [ERROR] AdobePublisher:162 - Exception while opening the connection: java.net.SocketTimeoutException: Connect timed out
2025-10-14 14:59:06,712 [ERROR] AdobePublisher:162 - Exception while opening the connection: java.net.SocketTimeoutException: Connect timed out
2025-10-14 14:59:08,715 [ERROR] AdobePublisher:162 - Exception while opening the connection: java.net.SocketTimeoutException: Connect timed out
2025-10-14 14:59:10,717 [ERROR] AdobePublisher:162 - Exception while opening the connection: java.net.SocketTimeoutException: Connect timed out
2025-10-14 14:59:12,718 [ERROR] AdobePublisher:162 - Exception while opening the connection: java.net.SocketTimeoutException: Connect timed out
2025-10-14 14:59:14,892 [ERROR] AdobePublisher:162 - Exception while opening the connection: java.net.SocketTimeoutException: Connect timed out
2025-10-14 14:59:16,894 [ERROR] AdobePublisher:162 - Exception while opening the connection: java.net.SocketTimeoutException: Connect timed out
2025-10-14 14:59:18,896 [ERROR] AdobePublisher:162 - Exception while opening the connection: java.net.SocketTimeoutException: Connect timed out
2025-10-14 14:59:20,898 [ERROR] AdobePublisher:162 - Exception while opening the connection: java.net.SocketTimeoutException: Connect timed out
2025-10-14 14:59:22,900 [ERROR] AdobePublisher:162 - Exception while opening the connection: java.net.SocketTimeoutException: Connect timed out
2025-10-14 15:18:11,558 [ERROR] AdobePublisher:162 - Exception while opening the connection: java.net.SocketTimeoutException: Connect timed out
2025-10-14 15:18:13,560 [ERROR] AdobePublisher:162 - Exception while opening the connection: java.net.SocketTimeoutException: Connect timed out
2025-10-14 15:18:15,563 [ERROR] AdobePublisher:162 - Exception while opening the connection: java.net.SocketTimeoutException: Connect timed out
2025-10-14 15:18:17,565 [ERROR] AdobePublisher:162 - Exception while opening the connection: java.net.SocketTimeoutException: Connect timed out
2025-10-14 15:18:19,566 [ERROR] AdobePublisher:162 - Exception while opening the connection: java.net.SocketTimeoutException: Connect timed out
2025-10-14 16:04:42,630 [ERROR] AdobePublisher:162 - Exception while opening the connection: java.net.SocketTimeoutException: Connect timed out
2025-10-14 16:04:44,633 [ERROR] AdobePublisher:162 - Exception while opening the connection: java.net.SocketTimeoutException: Connect timed out
2025-10-14 16:04:46,635 [ERROR] AdobePublisher:162 - Exception while opening the connection: java.net.SocketTimeoutException: Connect timed out
2025-10-14 16:04:48,638 [ERROR] AdobePublisher:162 - Exception while opening the connection: java.net.SocketTimeoutException: Connect timed out
2025-10-14 16:04:50,638 [ERROR] AdobePublisher:162 - Exception while opening the connection: java.net.SocketTimeoutException: Connect timed out
2025-10-14 18:20:56,412 [ERROR] AdobePublisher:162 - Exception while opening the connection: java.net.SocketTimeoutException: Connect timed out
2025-10-14 18:20:58,415 [ERROR] AdobePublisher:162 - Exception while opening the connection: java.net.SocketTimeoutException: Connect timed out
2025-10-14 18:21:00,417 [ERROR] AdobePublisher:162 - Exception while opening the connection: java.net.SocketTimeoutException: Connect timed out
2025-10-14 18:21:02,418 [ERROR] AdobePublisher:162 - Exception while opening the connection: java.net.SocketTimeoutException: Connect timed out
2025-10-14 18:21:04,421 [ERROR] AdobePublisher:162 - Exception while opening the connection: java.net.SocketTimeoutException: Connect timed out
2025-10-14 18:21:37,375 [ERROR] AdobePublisher:162 - Exception while opening the connection: java.net.SocketTimeoutException: Connect timed out
2025-10-14 18:21:39,376 [ERROR] AdobePublisher:162 - Exception while opening the connection: java.net.SocketTimeoutException: Connect timed out
2025-10-14 18:21:41,387 [ERROR] AdobePublisher:162 - Exception while opening the connection: java.net.SocketTimeoutException: Connect timed out
2025-10-14 18:21:43,393 [ERROR] AdobePublisher:162 - Exception while opening the connection: java.net.SocketTimeoutException: Connect timed out
2025-10-14 18:21:45,395 [ERROR] AdobePublisher:162 - Exception while opening the connection: java.net.SocketTimeoutException: Connect timed out
2025-10-14 18:21:47,530 [ERROR] AdobePublisher:162 - Exception while opening the connection: java.net.SocketTimeoutException: Connect timed out
2025-10-14 18:21:49,533 [ERROR] AdobePublisher:162 - Exception while opening the connection: java.net.SocketTimeoutException: Connect timed out
2025-10-14 18:21:51,535 [ERROR] AdobePublisher:162 - Exception while opening the connection: java.net.SocketTimeoutException: Connect timed out
2025-10-14 18:21:53,536 [ERROR] AdobePublisher:162 - Exception while opening the connection: java.net.SocketTimeoutException: Connect timed out
2025-10-14 18:21:55,538 [ERROR] AdobePublisher:162 - Exception while opening the connection: java.net.SocketTimeoutException: Connect timed out
2025-10-14 18:23:14,333 [ERROR] AdobePublisher:162 - Exception while opening the connection: java.net.SocketTimeoutException: Connect timed out
2025-10-14 18:23:16,336 [ERROR] AdobePublisher:162 - Exception while opening the connection: java.net.SocketTimeoutException: Connect timed out
2025-10-14 18:23:18,339 [ERROR] AdobePublisher:162 - Exception while opening the connection: java.net.SocketTimeoutException: Connect timed out
2025-10-14 18:23:20,341 [ERROR] AdobePublisher:162 - Exception while opening the connection: java.net.SocketTimeoutException: Connect timed out
2025-10-14 18:23:22,342 [ERROR] AdobePublisher:162 - Exception while opening the connection: java.net.SocketTimeoutException: Connect timed out
2025-10-14 18:23:24,552 [ERROR] AdobePublisher:162 - Exception while opening the connection: java.net.SocketTimeoutException: Connect timed out
2025-10-14 18:23:26,555 [ERROR] AdobePublisher:162 - Exception while opening the connection: java.net.SocketTimeoutException: Connect timed out
2025-10-14 18:23:28,557 [ERROR] AdobePublisher:162 - Exception while opening the connection: java.net.SocketTimeoutException: Connect timed out
2025-10-14 18:23:30,559 [ERROR] AdobePublisher:162 - Exception while opening the connection: java.net.SocketTimeoutException: Connect timed out
2025-10-14 18:23:32,560 [ERROR] AdobePublisher:162 - Exception while opening the connection: java.net.SocketTimeoutException: Connect timed out
2025-10-14 18:25:50,908 [ERROR] AdobePublisher:162 - Exception while opening the connection: java.net.SocketTimeoutException: Connect timed out
2025-10-14 18:25:52,908 [ERROR] AdobePublisher:162 - Exception while opening the connection: java.net.SocketTimeoutException: Connect timed out
2025-10-14 18:25:54,909 [ERROR] AdobePublisher:162 - Exception while opening the connection: java.net.SocketTimeoutException: Connect timed out
2025-10-14 18:25:56,910 [ERROR] AdobePublisher:162 - Exception while opening the connection: java.net.SocketTimeoutException: Connect timed out
2025-10-14 18:25:58,911 [ERROR] AdobePublisher:162 - Exception while opening the connection: java.net.SocketTimeoutException: Connect timed out
2025-10-14 18:26:01,153 [ERROR] AdobePublisher:162 - Exception while opening the connection: java.net.SocketTimeoutException: Connect timed out
2025-10-14 18:26:03,155 [ERROR] AdobePublisher:162 - Exception while opening the connection: java.net.SocketTimeoutException: Connect timed out
2025-10-14 18:26:05,157 [ERROR] AdobePublisher:162 - Exception while opening the connection: java.net.SocketTimeoutException: Connect timed out
2025-10-14 18:26:07,159 [ERROR] AdobePublisher:162 - Exception while opening the connection: java.net.SocketTimeoutException: Connect timed out
2025-10-14 18:26:09,160 [ERROR] AdobePublisher:162 - Exception while opening the connection: java.net.SocketTimeoutException: Connect timed out
2025-10-14 18:32:53,718 [ERROR] AdobePublisher:162 - Exception while opening the connection: java.net.SocketTimeoutException: Connect timed out
2025-10-14 18:32:55,720 [ERROR] AdobePublisher:162 - Exception while opening the connection: java.net.SocketTimeoutException: Connect timed out
2025-10-14 18:32:57,721 [ERROR] AdobePublisher:162 - Exception while opening the connection: java.net.SocketTimeoutException: Connect timed out
2025-10-14 18:32:59,722 [ERROR] AdobePublisher:162 - Exception while opening the connection: java.net.SocketTimeoutException: Connect timed out
2025-10-14 18:33:01,724 [ERROR] AdobePublisher:162 - Exception while opening the connection: java.net.SocketTimeoutException: Connect timed out
2025-10-14 18:33:04,427 [ERROR] AdobePublisher:162 - Exception while opening the connection: java.net.SocketTimeoutException: Connect timed out
2025-10-14 18:33:06,429 [ERROR] AdobePublisher:162 - Exception while opening the connection: java.net.SocketTimeoutException: Connect timed out
2025-10-14 18:33:08,432 [ERROR] AdobePublisher:162 - Exception while opening the connection: java.net.SocketTimeoutException: Connect timed out
2025-10-14 18:33:10,434 [ERROR] AdobePublisher:162 - Exception while opening the connection: java.net.SocketTimeoutException: Connect timed out
2025-10-14 18:33:12,435 [ERROR] AdobePublisher:162 - Exception while opening the connection: java.net.SocketTimeoutException: Connect timed out
2025-10-14 18:34:03,591 [ERROR] AdobePublisher:162 - Exception while opening the connection: java.net.SocketTimeoutException: Connect timed out
2025-10-14 18:34:05,593 [ERROR] AdobePublisher:162 - Exception while opening the connection: java.net.SocketTimeoutException: Connect timed out
2025-10-14 18:34:07,595 [ERROR] AdobePublisher:162 - Exception while opening the connection: java.net.SocketTimeoutException: Connect timed out
2025-10-14 18:34:09,596 [ERROR] AdobePublisher:162 - Exception while opening the connection: java.net.SocketTimeoutException: Connect timed out
2025-10-14 18:34:11,597 [ERROR] AdobePublisher:162 - Exception while opening the connection: java.net.SocketTimeoutException: Connect timed out
2025-10-14 18:34:13,863 [ERROR] AdobePublisher:162 - Exception while opening the connection: java.net.SocketTimeoutException: Connect timed out
2025-10-14 18:34:15,865 [ERROR] AdobePublisher:162 - Exception while opening the connection: java.net.SocketTimeoutException: Connect timed out
2025-10-14 18:34:17,867 [ERROR] AdobePublisher:162 - Exception while opening the connection: java.net.SocketTimeoutException: Connect timed out
2025-10-14 18:34:19,869 [ERROR] AdobePublisher:162 - Exception while opening the connection: java.net.SocketTimeoutException: Connect timed out
2025-10-14 18:34:21,870 [ERROR] AdobePublisher:162 - Exception while opening the connection: java.net.SocketTimeoutException: Connect timed out
2025-10-14 18:34:36,850 [ERROR] AdobePublisher:162 - Exception while opening the connection: java.net.SocketTimeoutException: Connect timed out
2025-10-14 18:34:38,852 [ERROR] AdobePublisher:162 - Exception while opening the connection: java.net.SocketTimeoutException: Connect timed out
2025-10-14 18:34:40,853 [ERROR] AdobePublisher:162 - Exception while opening the connection: java.net.SocketTimeoutException: Connect timed out
2025-10-14 18:34:42,855 [ERROR] AdobePublisher:162 - Exception while opening the connection: java.net.SocketTimeoutException: Connect timed out
2025-10-14 18:34:44,857 [ERROR] AdobePublisher:162 - Exception while opening the connection: java.net.SocketTimeoutException: Connect timed out
2025-10-14 18:34:47,170 [ERROR] AdobePublisher:162 - Exception while opening the connection: java.net.SocketTimeoutException: Connect timed out
2025-10-14 18:34:49,172 [ERROR] AdobePublisher:162 - Exception while opening the connection: java.net.SocketTimeoutException: Connect timed out
2025-10-14 18:34:51,174 [ERROR] AdobePublisher:162 - Exception while opening the connection: java.net.SocketTimeoutException: Connect timed out
2025-10-14 18:34:53,175 [ERROR] AdobePublisher:162 - Exception while opening the connection: java.net.SocketTimeoutException: Connect timed out
2025-10-14 18:34:55,177 [ERROR] AdobePublisher:162 - Exception while opening the connection: java.net.SocketTimeoutException: Connect timed out
2025-10-14 18:35:26,758 [ERROR] AdobePublisher:162 - Exception while opening the connection: java.net.SocketTimeoutException: Connect timed out
2025-10-14 18:35:28,760 [ERROR] AdobePublisher:162 - Exception while opening the connection: java.net.SocketTimeoutException: Connect timed out
2025-10-14 18:35:30,761 [ERROR] AdobePublisher:162 - Exception while opening the connection: java.net.SocketTimeoutException: Connect timed out
2025-10-14 18:35:32,763 [ERROR] AdobePublisher:162 - Exception while opening the connection: java.net.SocketTimeoutException: Connect timed out
2025-10-14 18:35:34,764 [ERROR] AdobePublisher:162 - Exception while opening the connection: java.net.SocketTimeoutException: Connect timed out
2025-10-14 18:35:36,933 [ERROR] AdobePublisher:162 - Exception while opening the connection: java.net.SocketTimeoutException: Connect timed out
2025-10-14 18:35:38,934 [ERROR] AdobePublisher:162 - Exception while opening the connection: java.net.SocketTimeoutException: Connect timed out
2025-10-14 18:35:40,935 [ERROR] AdobePublisher:162 - Exception while opening the connection: java.net.SocketTimeoutException: Connect timed out
2025-10-14 18:35:42,936 [ERROR] AdobePublisher:162 - Exception while opening the connection: java.net.SocketTimeoutException: Connect timed out
2025-10-14 18:35:44,938 [ERROR] AdobePublisher:162 - Exception while opening the connection: java.net.SocketTimeoutException: Connect timed out
2025-10-14 18:39:42,837 [ERROR] AdobePublisher:162 - Exception while opening the connection: java.net.SocketTimeoutException: Connect timed out
2025-10-14 18:39:44,838 [ERROR] AdobePublisher:162 - Exception while opening the connection: java.net.SocketTimeoutException: Connect timed out
2025-10-14 18:39:46,840 [ERROR] AdobePublisher:162 - Exception while opening the connection: java.net.SocketTimeoutException: Connect timed out
2025-10-14 18:39:48,841 [ERROR] AdobePublisher:162 - Exception while opening the connection: java.net.SocketTimeoutException: Connect timed out
2025-10-14 18:39:50,842 [ERROR] AdobePublisher:162 - Exception while opening the connection: java.net.SocketTimeoutException: Connect timed out
2025-10-14 18:39:53,127 [ERROR] AdobePublisher:162 - Exception while opening the connection: java.net.SocketTimeoutException: Connect timed out
2025-10-14 18:39:55,129 [ERROR] AdobePublisher:162 - Exception while opening the connection: java.net.SocketTimeoutException: Connect timed out
2025-10-14 18:39:57,130 [ERROR] AdobePublisher:162 - Exception while opening the connection: java.net.SocketTimeoutException: Connect timed out
2025-10-14 18:39:59,131 [ERROR] AdobePublisher:162 - Exception while opening the connection: java.net.SocketTimeoutException: Connect timed out
2025-10-14 18:40:01,132 [ERROR] AdobePublisher:162 - Exception while opening the connection: java.net.SocketTimeoutException: Connect timed out
2025-10-14 18:42:36,956 [ERROR] AdobePublisher:162 - Exception while opening the connection: java.net.SocketTimeoutException: Connect timed out
2025-10-14 18:42:38,957 [ERROR] AdobePublisher:162 - Exception while opening the connection: java.net.SocketTimeoutException: Connect timed out
2025-10-14 18:42:40,958 [ERROR] AdobePublisher:162 - Exception while opening the connection: java.net.SocketTimeoutException: Connect timed out
2025-10-14 18:42:42,960 [ERROR] AdobePublisher:162 - Exception while opening the connection: java.net.SocketTimeoutException: Connect timed out
2025-10-14 18:42:44,961 [ERROR] AdobePublisher:162 - Exception while opening the connection: java.net.SocketTimeoutException: Connect timed out
2025-10-14 18:42:47,240 [ERROR] AdobePublisher:162 - Exception while opening the connection: java.net.SocketTimeoutException: Connect timed out
2025-10-14 18:42:49,242 [ERROR] AdobePublisher:162 - Exception while opening the connection: java.net.SocketTimeoutException: Connect timed out
2025-10-14 18:42:51,244 [ERROR] AdobePublisher:162 - Exception while opening the connection: java.net.SocketTimeoutException: Connect timed out
2025-10-14 18:42:53,245 [ERROR] AdobePublisher:162 - Exception while opening the connection: java.net.SocketTimeoutException: Connect timed out
2025-10-14 18:42:55,246 [ERROR] AdobePublisher:162 - Exception while opening the connection: java.net.SocketTimeoutException: Connect timed out
2025-10-14 18:43:05,253 [ERROR] AdobePublisher:162 - Exception while opening the connection: java.net.SocketTimeoutException: Connect timed out
2025-10-14 18:43:07,256 [ERROR] AdobePublisher:162 - Exception while opening the connection: java.net.SocketTimeoutException: Connect timed out
2025-10-14 18:43:09,257 [ERROR] AdobePublisher:162 - Exception while opening the connection: java.net.SocketTimeoutException: Connect timed out
2025-10-14 18:43:11,259 [ERROR] AdobePublisher:162 - Exception while opening the connection: java.net.SocketTimeoutException: Connect timed out
2025-10-14 18:43:13,260 [ERROR] AdobePublisher:162 - Exception while opening the connection: java.net.SocketTimeoutException: Connect timed out
2025-10-14 18:43:15,470 [ERROR] AdobePublisher:162 - Exception while opening the connection: java.net.SocketTimeoutException: Connect timed out
2025-10-14 18:43:17,472 [ERROR] AdobePublisher:162 - Exception while opening the connection: java.net.SocketTimeoutException: Connect timed out
2025-10-14 18:43:19,473 [ERROR] AdobePublisher:162 - Exception while opening the connection: java.net.SocketTimeoutException: Connect timed out
2025-10-14 18:43:21,474 [ERROR] AdobePublisher:162 - Exception while opening the connection: java.net.SocketTimeoutException: Connect timed out
2025-10-14 18:43:23,476 [ERROR] AdobePublisher:162 - Exception while opening the connection: java.net.SocketTimeoutException: Connect timed out
2025-10-14 18:43:53,317 [ERROR] AdobePublisher:162 - Exception while opening the connection: java.net.SocketTimeoutException: Connect timed out
2025-10-14 18:43:55,318 [ERROR] AdobePublisher:162 - Exception while opening the connection: java.net.SocketTimeoutException: Connect timed out
2025-10-14 18:43:57,320 [ERROR] AdobePublisher:162 - Exception while opening the connection: java.net.SocketTimeoutException: Connect timed out
2025-10-14 18:43:59,321 [ERROR] AdobePublisher:162 - Exception while opening the connection: java.net.SocketTimeoutException: Connect timed out
2025-10-14 18:44:01,322 [ERROR] AdobePublisher:162 - Exception while opening the connection: java.net.SocketTimeoutException: Connect timed out
2025-10-14 18:44:03,532 [ERROR] AdobePublisher:162 - Exception while opening the connection: java.net.SocketTimeoutException: Connect timed out
2025-10-14 18:44:05,534 [ERROR] AdobePublisher:162 - Exception while opening the connection: java.net.SocketTimeoutException: Connect timed out
2025-10-14 18:44:07,535 [ERROR] AdobePublisher:162 - Exception while opening the connection: java.net.SocketTimeoutException: Connect timed out
2025-10-14 18:44:09,537 [ERROR] AdobePublisher:162 - Exception while opening the connection: java.net.SocketTimeoutException: Connect timed out
2025-10-14 18:44:11,538 [ERROR] AdobePublisher:162 - Exception while opening the connection: java.net.SocketTimeoutException: Connect timed out
2025-10-14 19:22:14,155 [ERROR] AdobePublisher:162 - Exception while opening the connection: java.net.SocketTimeoutException: Connect timed out
2025-10-14 19:22:16,158 [ERROR] AdobePublisher:162 - Exception while opening the connection: java.net.SocketTimeoutException: Connect timed out
2025-10-14 19:22:18,160 [ERROR] AdobePublisher:162 - Exception while opening the connection: java.net.SocketTimeoutException: Connect timed out
2025-10-14 19:22:20,162 [ERROR] AdobePublisher:162 - Exception while opening the connection: java.net.SocketTimeoutException: Connect timed out
2025-10-14 19:22:22,164 [ERROR] AdobePublisher:162 - Exception while opening the connection: java.net.SocketTimeoutException: Connect timed out
2025-10-14 19:26:26,517 [ERROR] AdobePublisher:162 - Exception while opening the connection: java.net.SocketTimeoutException: Connect timed out
2025-10-14 19:26:28,519 [ERROR] AdobePublisher:162 - Exception while opening the connection: java.net.SocketTimeoutException: Connect timed out
2025-10-14 19:26:30,521 [ERROR] AdobePublisher:162 - Exception while opening the connection: java.net.SocketTimeoutException: Connect timed out
2025-10-14 19:26:32,522 [ERROR] AdobePublisher:162 - Exception while opening the connection: java.net.SocketTimeoutException: Connect timed out
2025-10-14 19:26:34,522 [ERROR] AdobePublisher:162 - Exception while opening the connection: java.net.SocketTimeoutException: Connect timed out
2025-10-14 19:26:37,238 [ERROR] LogOutputStream:75 - [STDERR_REDIRECT] 
2025-10-14 19:26:37,241 [ERROR] LogOutputStream:75 - [STDERR_REDIRECT] 
