2025-09-20 14:17:04,185 [INFO] Activator:176 - 


2025-09-20 14:17:04,191 [INFO] Activator:177 - !SESSION log4j initialized
2025-09-20 14:17:10,829 [INFO] LogOutputStream:77 - [STDOUT_REDIRECT] 
2025-09-20 14:17:13,069 [INFO] ApplicationProperties:184 - Using Application install path: G:\ST\STM32CubeIDE_1.19.0\STM32CubeIDE\plugins\com.st.stm32cube.common.mx_6.15.0.202507011659
2025-09-20 14:17:13,091 [INFO] DbMcusXml:78 - Set database path to: G:\ST\STM32CubeIDE_1.19.0\STM32CubeIDE\plugins\com.st.stm32cube.common.mx_6.15.0.202507011659\\db\/mcu/
2025-09-20 14:17:13,091 [INFO] ApiDb:274 - Set plugin database path to: G:\ST\STM32CubeIDE_1.19.0\STM32CubeIDE\plugins\com.st.stm32cube.common.mx_6.15.0.202507011659\\db\/plugins/boardmanager/
2025-09-20 14:17:13,092 [WARN] ApiDb:259 - Overriding images path with different value:  => G:\ST\STM32CubeIDE_1.19.0\STM32CubeIDE\plugins\com.st.stm32cube.common.mx_6.15.0.202507011659\\db\/plugins/mcufinder/images/
2025-09-20 14:17:13,103 [INFO] ApiDb:250 - Set database path to: C:\Users\leoar\.stmcufinder\plugins\mcufinder//mcu/
2025-09-20 14:17:13,105 [INFO] DbMcusAds:125 - Set database path to: C:\Users\leoar\.stmcufinder\plugins\mcufinder//mcu/
2025-09-20 14:17:13,107 [INFO] CrossReferenceDbSqlite:203 - Set database path to: C:\Users\leoar\.stmcufinder\plugins\mcufinder//mcu/cs/
2025-09-20 14:17:13,236 [INFO] RulesReader:64 - Compatibility file has been processed (317 Rules)
2025-09-20 14:17:13,351 [INFO] DbMcusXml:78 - Set database path to: G:\ST\STM32CubeIDE_1.19.0\STM32CubeIDE\plugins\com.st.stm32cube.common.mx_6.15.0.202507011659\\db\/mcu/
2025-09-20 14:17:13,351 [INFO] ApiDb:274 - Set plugin database path to: G:\ST\STM32CubeIDE_1.19.0\STM32CubeIDE\plugins\com.st.stm32cube.common.mx_6.15.0.202507011659\\db\/plugins/boardmanager/
2025-09-20 14:17:13,351 [INFO] ApiDb:261 - Set plugin images path to: G:\ST\STM32CubeIDE_1.19.0\STM32CubeIDE\plugins\com.st.stm32cube.common.mx_6.15.0.202507011659\\db\/plugins/mcufinder/images/
2025-09-20 14:17:13,352 [WARN] DbFile:41 - Overriding database path with different value: C:\Users\leoar\.stmcufinder\plugins\mcufinder/ => C:\Users\leoar\.stmcufinder\plugins\mcufinder
2025-09-20 14:17:13,352 [INFO] ApiDb:250 - Set database path to: C:\Users\leoar\.stmcufinder\plugins\mcufinder//mcu/
2025-09-20 14:17:13,352 [WARN] DbFile:41 - Overriding database path with different value: C:\Users\leoar\.stmcufinder\plugins\mcufinder/ => C:\Users\leoar\.stmcufinder\plugins\mcufinder
2025-09-20 14:17:13,352 [INFO] DbMcusAds:125 - Set database path to: C:\Users\leoar\.stmcufinder\plugins\mcufinder//mcu/
2025-09-20 14:17:13,352 [WARN] DbFile:41 - Overriding database path with different value: C:\Users\leoar\.stmcufinder\plugins\mcufinder/ => C:\Users\leoar\.stmcufinder\plugins\mcufinder
2025-09-20 14:17:13,352 [WARN] DbFile:41 - Overriding database path with different value: C:\Users\leoar\.stmcufinder\plugins\mcufinder/ => C:\Users\leoar\.stmcufinder\plugins\mcufinder
2025-09-20 14:17:13,352 [INFO] CrossReferenceDbSqlite:203 - Set database path to: C:\Users\leoar\.stmcufinder\plugins\mcufinder//mcu/cs/
2025-09-20 14:17:13,450 [INFO] MainPanel:274 - HeapMemory: 268435456
2025-09-20 14:17:13,570 [INFO] DbMcusXml:78 - Set database path to: G:\ST\STM32CubeIDE_1.19.0\STM32CubeIDE\plugins\com.st.stm32cube.common.mx_6.15.0.202507011659\\db\/mcu/
2025-09-20 14:17:13,570 [INFO] ApiDb:274 - Set plugin database path to: G:\ST\STM32CubeIDE_1.19.0\STM32CubeIDE\plugins\com.st.stm32cube.common.mx_6.15.0.202507011659\\db\/plugins/boardmanager/
2025-09-20 14:17:13,571 [INFO] ApiDb:261 - Set plugin images path to: G:\ST\STM32CubeIDE_1.19.0\STM32CubeIDE\plugins\com.st.stm32cube.common.mx_6.15.0.202507011659\\db\/plugins/mcufinder/images/
2025-09-20 14:17:13,571 [WARN] DbFile:41 - Overriding database path with different value: C:\Users\leoar\.stmcufinder\plugins\mcufinder/ => C:\Users\leoar\.stmcufinder\plugins\mcufinder
2025-09-20 14:17:13,571 [INFO] ApiDb:250 - Set database path to: C:\Users\leoar\.stmcufinder\plugins\mcufinder//mcu/
2025-09-20 14:17:13,571 [WARN] DbFile:41 - Overriding database path with different value: C:\Users\leoar\.stmcufinder\plugins\mcufinder/ => C:\Users\leoar\.stmcufinder\plugins\mcufinder
2025-09-20 14:17:13,571 [INFO] DbMcusAds:125 - Set database path to: C:\Users\leoar\.stmcufinder\plugins\mcufinder//mcu/
2025-09-20 14:17:13,571 [WARN] DbFile:41 - Overriding database path with different value: C:\Users\leoar\.stmcufinder\plugins\mcufinder/ => C:\Users\leoar\.stmcufinder\plugins\mcufinder
2025-09-20 14:17:13,571 [WARN] DbFile:41 - Overriding database path with different value: C:\Users\leoar\.stmcufinder\plugins\mcufinder/ => C:\Users\leoar\.stmcufinder\plugins\mcufinder
2025-09-20 14:17:13,572 [INFO] CrossReferenceDbSqlite:203 - Set database path to: C:\Users\leoar\.stmcufinder\plugins\mcufinder//mcu/cs/
2025-09-20 14:17:13,598 [INFO] ApplicationProperties:184 - Using Application install path: G:\ST\STM32CubeIDE_1.19.0\STM32CubeIDE\plugins\com.st.stm32cube.common.mx_6.15.0.202507011659
2025-09-20 14:17:13,601 [INFO] PluginManage:196 - Search for loadable plugins [exclusion list=, ]
2025-09-20 14:17:13,602 [INFO] PluginManage:310 - Check plugin analytics
2025-09-20 14:17:13,875 [INFO] AnalyticsPlugin:253 - Accepted Software Licenses: 
2025-09-20 14:17:13,875 [INFO] AnalyticsPlugin:255 - Accepted CMSIS Pack Licenses: 
2025-09-20 14:17:13,875 [INFO] AnalyticsPlugin:257 - Accepted Firmware Licenses: 
2025-09-20 14:17:13,882 [INFO] PluginManage:359 - Loaded plugin analytics (category:tool,tabindex:-1)
2025-09-20 14:17:13,882 [INFO] PluginManage:310 - Check plugin cadmodel
2025-09-20 14:17:13,893 [INFO] CADModel:105 - Init CAD model plugin
2025-09-20 14:17:13,893 [INFO] PluginManage:359 - Loaded plugin cadmodel (category:power,tabindex:5)
2025-09-20 14:17:13,894 [INFO] PluginManage:310 - Check plugin clock
2025-09-20 14:17:13,914 [INFO] PluginManage:359 - Loaded plugin clock (category:base,tabindex:2)
2025-09-20 14:17:13,914 [INFO] PluginManage:310 - Check plugin ddr
2025-09-20 14:17:13,919 [INFO] PluginManage:359 - Loaded plugin ddr (category:tool,tabindex:6)
2025-09-20 14:17:13,920 [INFO] PluginManage:310 - Check plugin filemanager
2025-09-20 14:17:14,171 [INFO] PluginManage:359 - Loaded plugin filemanager (category:base,tabindex:10)
2025-09-20 14:17:14,172 [INFO] PluginManage:310 - Check plugin ipmanager
2025-09-20 14:17:14,181 [INFO] PluginManage:359 - Loaded plugin ipmanager (category:base,tabindex:5)
2025-09-20 14:17:14,182 [INFO] PluginManage:310 - Check plugin lpbam
2025-09-20 14:17:14,194 [INFO] PluginManage:359 - Loaded plugin lpbam (category:base,tabindex:0)
2025-09-20 14:17:14,194 [INFO] PluginManage:310 - Check plugin memorymap
2025-09-20 14:17:14,217 [INFO] PluginManage:359 - Loaded plugin memorymap (category:base,tabindex:4)
2025-09-20 14:17:14,217 [INFO] PluginManage:310 - Check plugin pinoutandconfiguration
2025-09-20 14:17:14,232 [INFO] PluginManage:359 - Loaded plugin pinoutandconfiguration (category:base,tabindex:1)
2025-09-20 14:17:14,232 [INFO] PluginManage:310 - Check plugin pinoutconfig
2025-09-20 14:17:14,359 [WARN] SupportedApi:132 - Cannot load RTOS API schema: s4s-elt-must-match.1: The content of 'definitions' must match (annotation?, (simpleType | complexType)?, (unique | key | keyref)*)). A problem was found starting at: attribute.
2025-09-20 14:17:14,535 [INFO] PluginManage:359 - Loaded plugin pinoutconfig (category:base,tabindex:0)
2025-09-20 14:17:14,536 [INFO] PluginManage:310 - Check plugin power
2025-09-20 14:17:14,549 [INFO] PluginManage:359 - Loaded plugin power (category:power,tabindex:4)
2025-09-20 14:17:14,549 [INFO] PluginManage:310 - Check plugin projectmanager
2025-09-20 14:17:14,572 [INFO] PluginManage:359 - Loaded plugin projectmanager (category:projectmanager,tabindex:4)
2025-09-20 14:17:14,573 [INFO] PluginManage:310 - Check plugin rif
2025-09-20 14:17:14,589 [INFO] PluginManage:359 - Loaded plugin rif (category:base,tabindex:3)
2025-09-20 14:17:14,589 [INFO] PluginManage:310 - Check plugin thirdparty
2025-09-20 14:17:14,787 [WARN] IntegrityCheckThread:84 - waiting for thirdparty lock release [integrity check]
2025-09-20 14:17:14,788 [INFO] PluginManage:359 - Loaded plugin thirdparty (category:base,tabindex:-1)
2025-09-20 14:17:14,788 [INFO] IntegrityCheckThread:86 - entering critical section [integrity check]
2025-09-20 14:17:14,788 [INFO] PluginManage:310 - Check plugin tools
2025-09-20 14:17:14,789 [INFO] ThirdPartyUpdaterWithRetryManager:70 - Updater plugin not ready yet. [1/15]
2025-09-20 14:17:14,792 [INFO] PluginManage:359 - Loaded plugin tools (category:base,tabindex:7)
2025-09-20 14:17:14,792 [INFO] PluginManage:310 - Check plugin tutovideos
2025-09-20 14:17:15,079 [INFO] PluginManage:359 - Loaded plugin tutovideos (category:base,tabindex:-1)
2025-09-20 14:17:15,079 [INFO] PluginManage:310 - Check plugin updater
2025-09-20 14:17:15,109 [INFO] PluginManage:359 - Loaded plugin updater (category:base,tabindex:12)
2025-09-20 14:17:15,109 [INFO] PluginManage:310 - Check plugin userauth
2025-09-20 14:17:15,114 [INFO] UserAuth:118 - Init User Auth plugin
2025-09-20 14:17:15,115 [INFO] PluginManage:359 - Loaded plugin userauth (category:base,tabindex:14)
2025-09-20 14:17:15,116 [INFO] PluginManage:283 - PluginManage : Loaded plugins [18]
2025-09-20 14:17:15,399 [INFO] PinOutPanel:1589 - setPackage(No Configuration,No Configuration)
2025-09-20 14:17:15,516 [INFO] CADModel:165 - CPN selected for project level
2025-09-20 14:17:15,516 [INFO] CADModel:114 - Register for checkConnection events
2025-09-20 14:17:15,539 [INFO] IPUIPlugin:80 - create IPUIPlugin
2025-09-20 14:17:15,539 [INFO] PluginManager:220 - loadIPPluginJar : add adc
2025-09-20 14:17:15,543 [INFO] IPUIPlugin:80 - create IPUIPlugin
2025-09-20 14:17:15,543 [INFO] PluginManager:220 - loadIPPluginJar : add aes
2025-09-20 14:17:15,546 [INFO] IPUIPlugin:80 - create IPUIPlugin
2025-09-20 14:17:15,547 [INFO] PluginManager:220 - loadIPPluginJar : add can
2025-09-20 14:17:15,549 [INFO] IPUIPlugin:80 - create IPUIPlugin
2025-09-20 14:17:15,549 [INFO] PluginManager:220 - loadIPPluginJar : add comp
2025-09-20 14:17:15,551 [INFO] IPUIPlugin:80 - create IPUIPlugin
2025-09-20 14:17:15,551 [INFO] PluginManager:220 - loadIPPluginJar : add cryp
2025-09-20 14:17:15,556 [INFO] IPUIPlugin:80 - create IPUIPlugin
2025-09-20 14:17:15,556 [INFO] PluginManager:220 - loadIPPluginJar : add ddr_ctrl_phy
2025-09-20 14:17:15,559 [INFO] IPUIPlugin:80 - create IPUIPlugin
2025-09-20 14:17:15,559 [INFO] PluginManager:220 - loadIPPluginJar : add dfsdm
2025-09-20 14:17:15,566 [INFO] IPUIPlugin:80 - create IPUIPlugin
2025-09-20 14:17:15,566 [INFO] PluginManager:220 - loadIPPluginJar : add dma
2025-09-20 14:17:15,571 [INFO] IPUIPlugin:80 - create IPUIPlugin
2025-09-20 14:17:15,571 [INFO] PluginManager:220 - loadIPPluginJar : add dma3
2025-09-20 14:17:15,574 [INFO] IPUIPlugin:80 - create IPUIPlugin
2025-09-20 14:17:15,574 [INFO] PluginManager:220 - loadIPPluginJar : add extmemmanager
2025-09-20 14:17:15,576 [INFO] IPUIPlugin:80 - create IPUIPlugin
2025-09-20 14:17:15,576 [INFO] PluginManager:220 - loadIPPluginJar : add fatfs
2025-09-20 14:17:15,582 [INFO] IPUIPlugin:80 - create IPUIPlugin
2025-09-20 14:17:15,582 [INFO] PluginManager:220 - loadIPPluginJar : add fmc
2025-09-20 14:17:15,591 [INFO] IPUIPlugin:80 - create IPUIPlugin
2025-09-20 14:17:15,592 [INFO] PluginManager:220 - loadIPPluginJar : add freertos
2025-09-20 14:17:15,594 [INFO] IPUIPlugin:80 - create IPUIPlugin
2025-09-20 14:17:15,594 [INFO] PluginManager:220 - loadIPPluginJar : add genericplugin
2025-09-20 14:17:15,597 [INFO] IPUIPlugin:80 - create IPUIPlugin
2025-09-20 14:17:15,597 [INFO] PluginManager:220 - loadIPPluginJar : add gfxmmu
2025-09-20 14:17:15,603 [INFO] IPUIPlugin:80 - create IPUIPlugin
2025-09-20 14:17:15,603 [INFO] PluginManager:220 - loadIPPluginJar : add gic
2025-09-20 14:17:15,608 [INFO] IPUIPlugin:80 - create IPUIPlugin
2025-09-20 14:17:15,608 [INFO] PluginManager:220 - loadIPPluginJar : add gpio
2025-09-20 14:17:15,613 [INFO] IPUIPlugin:80 - create IPUIPlugin
2025-09-20 14:17:15,613 [INFO] PluginManager:220 - loadIPPluginJar : add gtzc
2025-09-20 14:17:15,616 [INFO] IPUIPlugin:80 - create IPUIPlugin
2025-09-20 14:17:15,616 [INFO] PluginManager:220 - loadIPPluginJar : add hash
2025-09-20 14:17:15,619 [INFO] IPUIPlugin:80 - create IPUIPlugin
2025-09-20 14:17:15,619 [INFO] PluginManager:220 - loadIPPluginJar : add i2c
2025-09-20 14:17:15,622 [INFO] IPUIPlugin:80 - create IPUIPlugin
2025-09-20 14:17:15,622 [INFO] PluginManager:220 - loadIPPluginJar : add i2s
2025-09-20 14:17:15,626 [INFO] IPUIPlugin:80 - create IPUIPlugin
2025-09-20 14:17:15,626 [INFO] PluginManager:220 - loadIPPluginJar : add i3c
2025-09-20 14:17:15,631 [INFO] IPUIPlugin:80 - create IPUIPlugin
2025-09-20 14:17:15,631 [INFO] PluginManager:220 - loadIPPluginJar : add ipddr
2025-09-20 14:17:15,639 [INFO] IPUIPlugin:80 - create IPUIPlugin
2025-09-20 14:17:15,639 [INFO] PluginManager:220 - loadIPPluginJar : add linkedlist
2025-09-20 14:17:15,643 [INFO] IPUIPlugin:80 - create IPUIPlugin
2025-09-20 14:17:15,643 [INFO] PluginManager:220 - loadIPPluginJar : add lorawan
2025-09-20 14:17:15,645 [INFO] IPUIPlugin:80 - create IPUIPlugin
2025-09-20 14:17:15,645 [INFO] PluginManager:220 - loadIPPluginJar : add ltdc
2025-09-20 14:17:15,652 [INFO] IPUIPlugin:80 - create IPUIPlugin
2025-09-20 14:17:15,652 [INFO] PluginManager:220 - loadIPPluginJar : add mdma
2025-09-20 14:17:15,657 [INFO] IPUIPlugin:80 - create IPUIPlugin
2025-09-20 14:17:15,657 [INFO] PluginManager:220 - loadIPPluginJar : add nvic
2025-09-20 14:17:15,662 [INFO] IPUIPlugin:80 - create IPUIPlugin
2025-09-20 14:17:15,662 [INFO] PluginManager:220 - loadIPPluginJar : add opamp
2025-09-20 14:17:15,665 [INFO] IPUIPlugin:80 - create IPUIPlugin
2025-09-20 14:17:15,666 [INFO] PluginManager:220 - loadIPPluginJar : add openamp
2025-09-20 14:17:15,669 [INFO] IPUIPlugin:80 - create IPUIPlugin
2025-09-20 14:17:15,669 [INFO] PluginManager:220 - loadIPPluginJar : add pdm2pcm
2025-09-20 14:17:15,678 [INFO] IPUIPlugin:80 - create IPUIPlugin
2025-09-20 14:17:15,681 [INFO] PluginManager:220 - loadIPPluginJar : add plateformsettings
2025-09-20 14:17:15,683 [INFO] IPUIPlugin:80 - create IPUIPlugin
2025-09-20 14:17:15,683 [INFO] PluginManager:220 - loadIPPluginJar : add quadspi
2025-09-20 14:17:15,685 [INFO] IPUIPlugin:80 - create IPUIPlugin
2025-09-20 14:17:15,687 [INFO] PluginManager:220 - loadIPPluginJar : add radio
2025-09-20 14:17:15,691 [INFO] IPUIPlugin:80 - create IPUIPlugin
2025-09-20 14:17:15,691 [INFO] PluginManager:220 - loadIPPluginJar : add resmgrutility
2025-09-20 14:17:15,694 [INFO] IPUIPlugin:80 - create IPUIPlugin
2025-09-20 14:17:15,694 [INFO] PluginManager:220 - loadIPPluginJar : add sai
2025-09-20 14:17:15,698 [INFO] IPUIPlugin:80 - create IPUIPlugin
2025-09-20 14:17:15,698 [INFO] PluginManager:220 - loadIPPluginJar : add spi
2025-09-20 14:17:15,704 [INFO] IPUIPlugin:80 - create IPUIPlugin
2025-09-20 14:17:15,704 [INFO] PluginManager:220 - loadIPPluginJar : add stm32_wpan
2025-09-20 14:17:15,706 [INFO] IPUIPlugin:80 - create IPUIPlugin
2025-09-20 14:17:15,706 [INFO] PluginManager:220 - loadIPPluginJar : add tim
2025-09-20 14:17:15,711 [INFO] IPUIPlugin:80 - create IPUIPlugin
2025-09-20 14:17:15,711 [INFO] PluginManager:220 - loadIPPluginJar : add touchsensing
2025-09-20 14:17:15,714 [INFO] IPUIPlugin:80 - create IPUIPlugin
2025-09-20 14:17:15,714 [INFO] PluginManager:220 - loadIPPluginJar : add tracer_emb
2025-09-20 14:17:15,717 [INFO] IPUIPlugin:80 - create IPUIPlugin
2025-09-20 14:17:15,717 [INFO] PluginManager:220 - loadIPPluginJar : add ts
2025-09-20 14:17:15,719 [INFO] IPUIPlugin:80 - create IPUIPlugin
2025-09-20 14:17:15,719 [INFO] PluginManager:220 - loadIPPluginJar : add tsc
2025-09-20 14:17:15,721 [INFO] IPUIPlugin:80 - create IPUIPlugin
2025-09-20 14:17:15,721 [INFO] PluginManager:220 - loadIPPluginJar : add ucpd
2025-09-20 14:17:15,725 [INFO] IPUIPlugin:80 - create IPUIPlugin
2025-09-20 14:17:15,725 [INFO] PluginManager:220 - loadIPPluginJar : add usart
2025-09-20 14:17:15,728 [INFO] IPUIPlugin:80 - create IPUIPlugin
2025-09-20 14:17:15,728 [INFO] PluginManager:220 - loadIPPluginJar : add usbx
2025-09-20 14:17:15,884 [FATAL] Updater:351 - Updater called before beeing initialized
2025-09-20 14:17:15,919 [INFO] RulesReader:64 - Compatibility file has been processed (317 Rules)
2025-09-20 14:17:15,939 [INFO] RulesReader:64 - Compatibility file has been processed (317 Rules)
2025-09-20 14:17:15,951 [INFO] CADModel:165 - CPN selected for project level
2025-09-20 14:17:15,951 [INFO] CADModel:114 - Register for checkConnection events
2025-09-20 14:17:15,951 [FATAL] Updater:351 - Updater called before beeing initialized
2025-09-20 14:17:15,951 [ERROR] CADModel:125 - Updater not yet initialized, retry later 
2025-09-20 14:17:16,183 [FATAL] Updater:351 - Updater called before beeing initialized
2025-09-20 14:17:16,186 [INFO] CADModel:165 - CPN selected for project level
2025-09-20 14:17:16,186 [INFO] CADModel:114 - Register for checkConnection events
2025-09-20 14:17:16,186 [FATAL] Updater:351 - Updater called before beeing initialized
2025-09-20 14:17:16,186 [ERROR] CADModel:125 - Updater not yet initialized, retry later 
2025-09-20 14:17:16,190 [FATAL] Updater:351 - Updater called before beeing initialized
2025-09-20 14:17:16,337 [FATAL] Updater:351 - Updater called before beeing initialized
2025-09-20 14:17:16,344 [INFO] DbMcusAds:53 - JSON generation date=Tue Jul 08 10:14:23 CEST 2025 (1751962463582)
2025-09-20 14:17:16,344 [FATAL] Updater:351 - Updater called before beeing initialized
2025-09-20 14:17:16,394 [WARN] DetailPanel:346 - Failed to get advertising image, set to default
2025-09-20 14:17:16,551 [FATAL] Updater:351 - Updater called before beeing initialized
2025-09-20 14:17:16,555 [FATAL] Updater:351 - Updater called before beeing initialized
2025-09-20 14:17:16,555 [FATAL] Updater:351 - Updater called before beeing initialized
2025-09-20 14:17:16,555 [WARN] DetailPanel:346 - Failed to get advertising image, set to default
2025-09-20 14:17:16,557 [FATAL] Updater:351 - Updater called before beeing initialized
2025-09-20 14:17:16,628 [ERROR] Updater:1198 - MainUpdater not yet initialized. External WinMGr cannot be set.
2025-09-20 14:17:16,629 [INFO] Updater:1134 - Updater Version found : 6.15.0
2025-09-20 14:17:16,652 [INFO] ApplicationProperties:184 - Using Application install path: G:\ST\STM32CubeIDE_1.19.0\STM32CubeIDE\plugins\com.st.stm32cube.common.mx_6.15.0.202507011659
2025-09-20 14:17:17,790 [INFO] ThirdPartyUpdaterWithRetryManager:70 - Updater plugin not ready yet. [2/15]
2025-09-20 14:17:18,235 [ERROR] LogOutputStream:75 - [STDERR_REDIRECT] Sep 20, 2025 2:17:18 PM java.util.prefs.WindowsPreferences <init>
2025-09-20 14:17:18,237 [ERROR] LogOutputStream:75 - [STDERR_REDIRECT] WARNING: Could not open/create prefs root node Software\JavaSoft\Prefs at root 0xffffffff80000002. Windows RegCreateKeyEx(...) returned error code 5.
2025-09-20 14:17:18,237 [ERROR] LogOutputStream:75 - [STDERR_REDIRECT] 
2025-09-20 14:17:18,565 [INFO] MainUpdater:2872 - connection check result : 10
2025-09-20 14:17:18,566 [INFO] MainUpdater:3604 - Updater definition file requires update
2025-09-20 14:17:18,567 [INFO] MainUpdater:289 - Updater Check For Update Now.
2025-09-20 14:17:18,567 [INFO] MicroXplorer:498 - Change Database Version : DB.6.0.150
2025-09-20 14:17:18,574 [INFO] McuFinderGlobals:63 - Set McuFinder mode to 2 (CubeIDE integrated)
2025-09-20 14:17:18,575 [INFO] UserAuth:487 - Internet connection configuration mode: 1
2025-09-20 14:17:18,598 [INFO] JxBrowserEngine:152 - Initiate JxBrowser Engine with user profile folder
2025-09-20 14:17:18,616 [INFO] ServerAccessManage:452 - Complete download http(s) 200
2025-09-20 14:17:18,617 [INFO] ServerAccessManage:509 - Download File updaters.zip
2025-09-20 14:17:18,704 [INFO] FileExtend:248 - Unzip File : updaters.zip
2025-09-20 14:17:18,705 [INFO] FileExtend:263 - Standard Zip Deflate
2025-09-20 14:17:19,207 [INFO] ServerAccessManage:452 - Complete download http(s) 200
2025-09-20 14:17:19,207 [INFO] ServerAccessManage:509 - Download File PacksControlFlags.xml
2025-09-20 14:17:19,284 [INFO] ServerAccessManage:452 - Complete download http(s) 200
2025-09-20 14:17:19,284 [INFO] ServerAccessManage:509 - Download File cubemx.pidx
2025-09-20 14:17:20,672 [INFO] WebApp:169 - Instantiating new browser for Auth
2025-09-20 14:17:20,791 [WARN] MainUpdater:1193 - Updater busy. Cannot search thirdparties
2025-09-20 14:17:20,792 [INFO] ThirdPartyUpdaterWithRetryManager:96 - Updater plugin is busy. [1/15]
2025-09-20 14:17:21,255 [INFO] LoadServerUpdatesThread:375 - End of LoadServerUpdate Thread
2025-09-20 14:17:21,439 [INFO] CheckServerUpdateThread:120 - End of CheckServer Thread
2025-09-20 14:17:21,909 [INFO] WebApp:463 - Apply proxy settings
2025-09-20 14:17:21,909 [INFO] WebApp:548 - Chromium requires no authentication
2025-09-20 14:17:21,920 [INFO] WebApp:491 - Direct internet connection detected
2025-09-20 14:17:21,948 [INFO] WebApp:900 - Register for checkConnection events
2025-09-20 14:17:21,948 [INFO] WebApp:463 - Apply proxy settings
2025-09-20 14:17:21,949 [INFO] WebApp:548 - Chromium requires no authentication
2025-09-20 14:17:21,949 [INFO] WebApp:491 - Direct internet connection detected
2025-09-20 14:17:22,085 [INFO] WebApp:191 - Connection restablished
2025-09-20 14:17:22,181 [INFO] WebApp:225 - Starting web application
2025-09-20 14:17:22,182 [INFO] WebApp:593 - Web application path used G:\ST\STM32CubeIDE_1.19.0\STM32CubeIDE\plugins\com.st.stm32cube.common.mx_6.15.0.202507011659\db\plugins\mcufinder\reactClient1\index.html
2025-09-20 14:17:22,376 [INFO] UserAuth:487 - Internet connection configuration mode: 1
2025-09-20 14:17:24,071 [WARN] PackLoader:240 - Cannot read IP mode file for STMicroelectronics.FP-SNS-MOTENVWB1.1.4.0
2025-09-20 14:17:24,079 [WARN] PackLoader:240 - Cannot read IP mode file for STMicroelectronics.FP-ATR-ASTRA1.2.0.2
2025-09-20 14:17:24,088 [WARN] PackLoader:240 - Cannot read IP mode file for STMicroelectronics.X-CUBE-SMBUS.2.1.0
2025-09-20 14:17:24,094 [WARN] PackLoader:240 - Cannot read IP mode file for STMicroelectronics.X-CUBE-ST60.1.0.0
2025-09-20 14:17:24,119 [WARN] PackLoader:240 - Cannot read IP mode file for STMicroelectronics.X-CUBE-AZRTOS-F7.1.1.0
2025-09-20 14:17:24,133 [WARN] PackLoader:240 - Cannot read IP mode file for WES.I-CUBE-Cesium.1.4.0
2025-09-20 14:17:24,155 [WARN] PackLoader:240 - Cannot read IP mode file for Infineon.AIROC-Wi-Fi-Bluetooth-STM32.1.7.1
2025-09-20 14:17:24,189 [WARN] PackLoader:240 - Cannot read IP mode file for STMicroelectronics.X-CUBE-AZRTOS-H7.3.4.0
2025-09-20 14:17:24,206 [WARN] PackLoader:240 - Cannot read IP mode file for STMicroelectronics.X-CUBE-DISPLAY.3.0.0
2025-09-20 14:17:24,221 [WARN] PackLoader:240 - Cannot read IP mode file for STMicroelectronics.X-CUBE-NFC10.1.0.0
2025-09-20 14:17:24,232 [WARN] PackLoader:240 - Cannot read IP mode file for emotas.I-CUBE-CANOPEN.1.3.0
2025-09-20 14:17:24,242 [WARN] PackLoader:240 - Cannot read IP mode file for STMicroelectronics.FP-SNS-STBOX1.2.1.0
2025-09-20 14:17:24,250 [WARN] PackLoader:240 - Cannot read IP mode file for STMicroelectronics.FP-SNS-SMARTAG2.1.2.0
2025-09-20 14:17:24,258 [WARN] PackLoader:240 - Cannot read IP mode file for STMicroelectronics.FP-SNS-FLIGHT1.5.1.0
2025-09-20 14:17:24,268 [INFO] LogOutputStream:77 - [STDOUT_REDIRECT] 1 : Invalid condition id : UX_CORESTACK_Condition cause : null
2025-09-20 14:17:24,268 [INFO] LogOutputStream:77 - [STDOUT_REDIRECT] 1 : Invalid condition id : UX_CORESTACK_Condition cause : null
2025-09-20 14:17:24,270 [INFO] LogOutputStream:77 - [STDOUT_REDIRECT] 1 : Invalid condition id : UX_CORESTACK_Condition cause : null
2025-09-20 14:17:24,271 [INFO] LogOutputStream:77 - [STDOUT_REDIRECT] 1 : Invalid condition id : UX_CORESTACK_Condition cause : null
2025-09-20 14:17:24,271 [INFO] LogOutputStream:77 - [STDOUT_REDIRECT] 1 : Invalid condition id : UX_CORESTACK_Condition cause : null
2025-09-20 14:17:24,274 [WARN] PackLoader:240 - Cannot read IP mode file for STMicroelectronics.X-CUBE-AZRTOS-WL.2.0.0
2025-09-20 14:17:24,282 [WARN] PackLoader:240 - Cannot read IP mode file for STMicroelectronics.FP-SNS-MOTENV1.5.0.0
2025-09-20 14:17:24,290 [WARN] PackLoader:240 - Cannot read IP mode file for STMicroelectronics.X-CUBE-BLE2.3.3.0
2025-09-20 14:17:24,297 [WARN] PackLoader:240 - Cannot read IP mode file for STMicroelectronics.X-CUBE-NFC9.1.0.0
2025-09-20 14:17:24,306 [WARN] PackLoader:240 - Cannot read IP mode file for wolfSSL.I-CUBE-wolfSSL.5.8.2
2025-09-20 14:17:24,313 [WARN] PackLoader:240 - Cannot read IP mode file for STMicroelectronics.X-CUBE-BLE1.7.1.0
2025-09-20 14:17:24,320 [WARN] PackLoader:240 - Cannot read IP mode file for wolfSSL.I-CUBE-wolfMQTT.1.19.2
2025-09-20 14:17:24,328 [WARN] PackLoader:240 - Cannot read IP mode file for STMicroelectronics.X-CUBE-EEPRMA1.5.2.0
2025-09-20 14:17:24,343 [WARN] PackLoader:240 - Cannot read IP mode file for STMicroelectronics.X-CUBE-AZRTOS-G0.1.1.0
2025-09-20 14:17:24,351 [WARN] PackLoader:240 - Cannot read IP mode file for STMicroelectronics.X-CUBE-SAFEA1.1.2.2
2025-09-20 14:17:24,359 [WARN] PackLoader:240 - Cannot read IP mode file for STMicroelectronics.X-CUBE-NFC4.3.0.0
2025-09-20 14:17:24,372 [WARN] PackLoader:240 - Cannot read IP mode file for EmbeddedOffice.I-CUBE-FS-RTOS.1.0.1
2025-09-20 14:17:24,380 [WARN] PackLoader:240 - Cannot read IP mode file for STMicroelectronics.X-CUBE-WB05N.2.0.0
2025-09-20 14:17:24,386 [WARN] PackLoader:240 - Cannot read IP mode file for wolfSSL.I-CUBE-wolfTPM.3.8.0
2025-09-20 14:17:24,393 [WARN] PackLoader:240 - Cannot read IP mode file for STMicroelectronics.X-CUBE-TCPP.4.2.0
2025-09-20 14:17:24,399 [WARN] PackLoader:240 - Cannot read IP mode file for RealThread.X-CUBE-RT-Thread_Nano.4.1.1
2025-09-20 14:17:24,405 [WARN] PackLoader:240 - Cannot read IP mode file for STMicroelectronics.FP-ATR-SIGFOX1.3.2.0
2025-09-20 14:17:24,414 [WARN] PackLoader:240 - Cannot read IP mode file for ITTIA_DB.I-CUBE-ITTIADB.8.9.0
2025-09-20 14:17:24,421 [WARN] PackLoader:240 - Cannot read IP mode file for STMicroelectronics.X-CUBE-ST67W61.1.0.0
2025-09-20 14:17:24,427 [WARN] PackLoader:240 - Cannot read IP mode file for STMicroelectronics.X-CUBE-AI.10.2.0
2025-09-20 14:17:24,449 [WARN] PackLoader:240 - Cannot read IP mode file for SEGGER.I-CUBE-embOS.1.3.1
2025-09-20 14:17:24,519 [WARN] PackLoader:240 - Cannot read IP mode file for STMicroelectronics.X-CUBE-ALGOBUILD.1.4.0
2025-09-20 14:17:24,587 [WARN] PackLoader:240 - Cannot read IP mode file for STMicroelectronics.X-CUBE-MEMS1.11.3.0
2025-09-20 14:17:24,712 [WARN] PackLoader:240 - Cannot read IP mode file for STMicroelectronics.X-CUBE-PM33A1.1.0.0
2025-09-20 14:17:24,729 [WARN] PackLoader:240 - Cannot read IP mode file for STMicroelectronics.X-CUBE-AZRTOS-F4.1.1.0
2025-09-20 14:17:24,738 [WARN] PackLoader:240 - Cannot read IP mode file for Avnet-IotConnect.X-CUBE-IoTC-DA16k-PMOD.1.0.0
2025-09-20 14:17:24,743 [WARN] PackLoader:240 - Cannot read IP mode file for STMicroelectronics.X-CUBE-ISPU.2.1.0
2025-09-20 14:17:24,751 [WARN] PackLoader:240 - Cannot read IP mode file for STMicroelectronics.X-CUBE-NFC12.1.0.0
2025-09-20 14:17:24,769 [WARN] PackLoader:240 - Cannot read IP mode file for STMicroelectronics.X-CUBE-AZRTOS-L5.2.0.0
2025-09-20 14:17:24,781 [WARN] PackLoader:240 - Cannot read IP mode file for STMicroelectronics.X-CUBE-NFC6.3.1.0
2025-09-20 14:17:24,792 [WARN] PackLoader:240 - Cannot read IP mode file for STMicroelectronics.X-CUBE-FREERTOS.1.3.1
2025-09-20 14:17:24,801 [WARN] PackLoader:240 - Cannot read IP mode file for STMicroelectronics.FP-SNS-STAIOTCFT.1.0.0
2025-09-20 14:17:24,808 [WARN] PackLoader:240 - Cannot read IP mode file for STMicroelectronics.X-CUBE-DPower.1.3.0
2025-09-20 14:17:24,827 [WARN] ConditionMgr:438 - getConditionDescription Invalid condition id : LAN8742 Phy interface Condition cause : null
2025-09-20 14:17:24,829 [WARN] PackLoader:240 - Cannot read IP mode file for STMicroelectronics.X-CUBE-AZRTOS-L4.2.0.0
2025-09-20 14:17:24,830 [WARN] ConditionMgr:1044 - genDependencies : Invalid condition id : LAN8742 Phy interface Condition cause : null
2025-09-20 14:17:24,831 [WARN] ConditionMgr:1044 - genDependencies : Invalid condition id : LAN8742 Phy interface Condition cause : null
2025-09-20 14:17:24,831 [WARN] ConditionMgr:1044 - genDependencies : Invalid condition id : LAN8742 Phy interface Condition cause : null
2025-09-20 14:17:24,841 [WARN] PackLoader:240 - Cannot read IP mode file for STMicroelectronics.X-CUBE-SFXS2LP1.4.0.0
2025-09-20 14:17:24,852 [WARN] PackLoader:240 - Cannot read IP mode file for STMicroelectronics.X-CUBE-BLEMGR.4.1.0
2025-09-20 14:17:24,868 [WARN] ConditionMgr:438 - getConditionDescription Invalid condition id : UX DEVICE CLASS RTOS Condition cause : null
2025-09-20 14:17:24,868 [WARN] ConditionMgr:438 - getConditionDescription Invalid condition id : UX DEVICE CLASS RTOS Condition cause : null
2025-09-20 14:17:24,871 [WARN] PackLoader:240 - Cannot read IP mode file for STMicroelectronics.X-CUBE-AZRTOS-WB.2.0.0
2025-09-20 14:17:24,872 [WARN] ConditionMgr:1044 - genDependencies : Invalid condition id : UX DEVICE CLASS RTOS Condition cause : null
2025-09-20 14:17:24,873 [WARN] ConditionMgr:1044 - genDependencies : Invalid condition id : UX DEVICE CLASS RTOS Condition cause : null
2025-09-20 14:17:24,873 [WARN] ConditionMgr:1044 - genDependencies : Invalid condition id : UX DEVICE CLASS RTOS Condition cause : null
2025-09-20 14:17:24,874 [WARN] ConditionMgr:1044 - genDependencies : Invalid condition id : UX DEVICE CLASS RTOS Condition cause : null
2025-09-20 14:17:24,874 [WARN] ConditionMgr:1044 - genDependencies : Invalid condition id : UX DEVICE CLASS RTOS Condition cause : null
2025-09-20 14:17:24,881 [WARN] PackLoader:240 - Cannot read IP mode file for STMicroelectronics.X-CUBE-GNSS1.7.0.1
2025-09-20 14:17:24,888 [WARN] PackLoader:240 - Cannot read IP mode file for STMicroelectronics.X-CUBE-TOUCHGFX.4.25.0
2025-09-20 14:17:24,896 [WARN] ConditionMgr:438 - getConditionDescription Invalid condition id : Cortex-A Device cause : null
2025-09-20 14:17:24,915 [WARN] ConditionMgr:1044 - genDependencies : Invalid condition id : Cortex-A Device cause : null
2025-09-20 14:17:24,915 [WARN] ConditionMgr:1044 - genDependencies : Invalid condition id : Cortex-A Device cause : null
2025-09-20 14:17:24,916 [WARN] ConditionMgr:1044 - genDependencies : Invalid condition id : Cortex-A Device cause : null
2025-09-20 14:17:24,927 [WARN] PackLoader:240 - Cannot read IP mode file for STMicroelectronics.X-CUBE-SUBG2.5.0.0
2025-09-20 14:17:24,960 [WARN] PackLoader:240 - Cannot read IP mode file for STMicroelectronics.X-CUBE-AZRTOS-H7RS.1.1.0
2025-09-20 14:17:24,969 [WARN] PackLoader:240 - Cannot read IP mode file for Cesanta.I-CUBE-Mongoose.7.13.0
2025-09-20 14:17:24,982 [WARN] PackLoader:240 - Cannot read IP mode file for STMicroelectronics.X-CUBE-AZRTOS-G4.2.0.0
2025-09-20 14:17:24,996 [WARN] PackLoader:240 - Cannot read IP mode file for wolfSSL.I-CUBE-wolfSSH.1.4.20
2025-09-20 14:17:25,002 [WARN] PackLoader:240 - Cannot read IP mode file for STMicroelectronics.X-CUBE-NFC7.2.0.0
2025-09-20 14:17:25,016 [WARN] PackLoader:240 - Cannot read IP mode file for STMicroelectronics.X-CUBE-IPS.3.1.0
2025-09-20 14:17:25,033 [WARN] PackLoader:240 - Cannot read IP mode file for STMicroelectronics.X-CUBE-ALS.1.0.2
2025-09-20 14:17:25,043 [WARN] PackLoader:240 - Cannot read IP mode file for STMicroelectronics.X-CUBE-STSE01.1.0.0
2025-09-20 14:17:25,055 [WARN] PackLoader:240 - Cannot read IP mode file for STMicroelectronics.X-CUBE-TOF1.3.4.3
2025-09-20 14:17:25,066 [INFO] ThirdParty:978 - Integrity check success = true
2025-09-20 14:17:25,066 [INFO] IntegrityCheckThread:100 - exiting critical section [integrity check]
2025-09-20 14:17:25,066 [INFO] IntegrityCheckThread:103 - End integrity checks thread
2025-09-20 14:22:44,693 [ERROR] AdobePublisher:162 - Exception while opening the connection: java.net.SocketTimeoutException: Connect timed out
2025-09-20 14:22:46,694 [ERROR] AdobePublisher:162 - Exception while opening the connection: java.net.SocketTimeoutException: Connect timed out
2025-09-20 14:22:48,696 [ERROR] AdobePublisher:162 - Exception while opening the connection: java.net.SocketTimeoutException: Connect timed out
2025-09-20 14:22:50,697 [ERROR] AdobePublisher:162 - Exception while opening the connection: java.net.SocketTimeoutException: Connect timed out
2025-09-20 14:22:52,699 [ERROR] AdobePublisher:162 - Exception while opening the connection: java.net.SocketTimeoutException: Connect timed out
2025-09-20 14:25:30,329 [ERROR] AdobePublisher:162 - Exception while opening the connection: java.net.SocketTimeoutException: Connect timed out
2025-09-20 14:25:32,330 [ERROR] AdobePublisher:162 - Exception while opening the connection: java.net.SocketTimeoutException: Connect timed out
2025-09-20 14:25:34,331 [ERROR] AdobePublisher:162 - Exception while opening the connection: java.net.SocketTimeoutException: Connect timed out
2025-09-20 14:25:36,333 [ERROR] AdobePublisher:162 - Exception while opening the connection: java.net.SocketTimeoutException: Connect timed out
2025-09-20 14:25:38,334 [ERROR] AdobePublisher:162 - Exception while opening the connection: java.net.SocketTimeoutException: Connect timed out
2025-09-20 14:26:30,047 [INFO] McuFinderGlobals:63 - Set McuFinder mode to 2 (CubeIDE integrated)
2025-09-20 14:26:30,053 [INFO] MainUpdater:2872 - connection check result : 10
2025-09-20 14:26:30,054 [INFO] MainUpdater:2872 - connection check result : 10
2025-09-20 14:26:30,091 [INFO] MicroXplorer:468 - Change Database Path : 
2025-09-20 14:26:30,091 [INFO] MicroXplorer:498 - Change Database Version : DB.6.0.150
2025-09-20 14:26:30,098 [WARN] ThirdParty:871 - waiting for thirdparty lock release [close project]
2025-09-20 14:26:30,098 [INFO] ThirdParty:873 - entering critical section [close project]
2025-09-20 14:26:30,099 [INFO] ThirdParty:883 - exiting critical section [close project]
2025-09-20 14:26:30,103 [INFO] PinOutPanel:1589 - setPackage(No Configuration,No Configuration)
2025-09-20 14:26:30,106 [INFO] UtilMem:75 - Begin LoadConfig() Used Memory: 654755376 Bytes (926941184)
2025-09-20 14:26:30,108 [INFO] MicroXplorer:468 - Change Database Path : 
2025-09-20 14:26:30,108 [INFO] MicroXplorer:498 - Change Database Version : DB.6.0.150
2025-09-20 14:26:30,108 [INFO] OpenFileManager:355 - Change cursor
2025-09-20 14:26:30,156 [INFO] Mcu:2029 - Initializing MCU STM32F411C(C-E)Ux STM32F411CEUx STM32F411CEU6
2025-09-20 14:26:31,448 [INFO] Context:786 - Trying to add GPIOservice into a context  which must be forbidden
2025-09-20 14:26:31,844 [INFO] ImportTextPane:234 - (OptionalMessage_ERROR) Pin4 (VP_RIF_VS_RIF1) cannot be retrieved for this MCU
2025-09-20 14:26:31,954 [INFO] RtosManager:558 - Registered RTOS mode: class=CMSIS, group=RTOS, mode=CMSIS_V1, owner=FREERTOS
2025-09-20 14:26:31,956 [INFO] RtosManager:558 - Registered RTOS mode: class=CMSIS, group=RTOS2, mode=CMSIS_V2, owner=FREERTOS
2025-09-20 14:26:31,956 [INFO] RtosManager:558 - Registered RTOS mode: class=RTOS, group=Core, mode=CMSIS_V1, owner=FREERTOS
2025-09-20 14:26:31,956 [INFO] RtosManager:558 - Registered RTOS mode: class=RTOS, group=Core, mode=CMSIS_V2, owner=FREERTOS
2025-09-20 14:26:31,956 [WARN] ModelIntegratedComponent:184 - Missing modes for component STMicroelectronics:FreeRTOS:0.0.1:STMicroelectronics:RTOS:FreeRTOS:Core:::10.2.0:
2025-09-20 14:26:31,969 [WARN] ModelIntegratedComponent:182 - Modes not found for component STMicroelectronics:USB_HOST:1.0.0:STMicroelectronics:USB::USB Host:Audio HS::1.0:USB_HOST_1_0_RESTRICTED_HS
2025-09-20 14:26:31,969 [WARN] ModelIntegratedComponent:188 - Modes not found for component STMicroelectronics:USB_HOST:1.0.0:STMicroelectronics:USB::USB Host:Audio HS::1.0:USB_HOST_1_0_RESTRICTED_HS
2025-09-20 14:26:31,969 [WARN] ModelIntegratedComponent:182 - Modes not found for component STMicroelectronics:USB_HOST:1.0.0:STMicroelectronics:USB::USB Host:CDC HS::1.0:USB_HOST_1_0_RESTRICTED_HS
2025-09-20 14:26:31,969 [WARN] ModelIntegratedComponent:188 - Modes not found for component STMicroelectronics:USB_HOST:1.0.0:STMicroelectronics:USB::USB Host:CDC HS::1.0:USB_HOST_1_0_RESTRICTED_HS
2025-09-20 14:26:31,971 [WARN] ModelIntegratedComponent:182 - Modes not found for component STMicroelectronics:USB_HOST:1.0.0:STMicroelectronics:USB::USB Host:MSC HS::1.0:USB_HOST_1_0_RESTRICTED_HS
2025-09-20 14:26:31,971 [WARN] ModelIntegratedComponent:188 - Modes not found for component STMicroelectronics:USB_HOST:1.0.0:STMicroelectronics:USB::USB Host:MSC HS::1.0:USB_HOST_1_0_RESTRICTED_HS
2025-09-20 14:26:31,971 [WARN] ModelIntegratedComponent:182 - Modes not found for component STMicroelectronics:USB_HOST:1.0.0:STMicroelectronics:USB::USB Host:HID HS::1.0:USB_HOST_1_0_RESTRICTED_HS
2025-09-20 14:26:31,971 [WARN] ModelIntegratedComponent:188 - Modes not found for component STMicroelectronics:USB_HOST:1.0.0:STMicroelectronics:USB::USB Host:HID HS::1.0:USB_HOST_1_0_RESTRICTED_HS
2025-09-20 14:26:31,971 [WARN] ModelIntegratedComponent:182 - Modes not found for component STMicroelectronics:USB_HOST:1.0.0:STMicroelectronics:USB::USB Host:MTP HS::1.0:USB_HOST_1_0_RESTRICTED_HS
2025-09-20 14:26:31,971 [WARN] ModelIntegratedComponent:188 - Modes not found for component STMicroelectronics:USB_HOST:1.0.0:STMicroelectronics:USB::USB Host:MTP HS::1.0:USB_HOST_1_0_RESTRICTED_HS
2025-09-20 14:26:31,985 [WARN] ModelIntegratedComponent:63 - No mode defined for component null
2025-09-20 14:26:31,985 [WARN] ModelIntegratedComponent:63 - No mode defined for component null
2025-09-20 14:26:31,986 [WARN] ModelIntegratedComponent:63 - No mode defined for component null
2025-09-20 14:26:31,986 [WARN] ModelIntegratedComponent:63 - No mode defined for component null
2025-09-20 14:26:31,986 [WARN] ModelIntegratedComponent:63 - No mode defined for component null
2025-09-20 14:26:31,986 [WARN] ModelIntegratedComponent:63 - No mode defined for component null
2025-09-20 14:26:31,986 [WARN] ModelIntegratedComponent:63 - No mode defined for component null
2025-09-20 14:26:31,986 [WARN] ModelIntegratedComponent:63 - No mode defined for component null
2025-09-20 14:26:31,986 [WARN] ModelIntegratedComponent:63 - No mode defined for component null
2025-09-20 14:26:31,986 [WARN] ModelIntegratedComponent:63 - No mode defined for component null
2025-09-20 14:26:31,986 [WARN] ModelIntegratedComponent:63 - No mode defined for component null
2025-09-20 14:26:31,986 [WARN] ModelIntegratedComponent:63 - No mode defined for component null
2025-09-20 14:26:31,986 [WARN] ModelIntegratedComponent:63 - No mode defined for component null
2025-09-20 14:26:31,986 [WARN] ModelIntegratedComponent:63 - No mode defined for component null
2025-09-20 14:26:31,986 [WARN] ModelIntegratedComponent:63 - No mode defined for component null
2025-09-20 14:26:31,986 [WARN] ModelIntegratedComponent:63 - No mode defined for component null
2025-09-20 14:26:31,986 [WARN] ModelIntegratedComponent:63 - No mode defined for component null
2025-09-20 14:26:31,987 [WARN] ModelIntegratedComponent:63 - No mode defined for component null
2025-09-20 14:26:31,987 [WARN] ModelIntegratedComponent:63 - No mode defined for component null
2025-09-20 14:26:31,987 [WARN] ModelIntegratedComponent:63 - No mode defined for component null
2025-09-20 14:26:31,987 [WARN] ModelIntegratedComponent:63 - No mode defined for component null
2025-09-20 14:26:31,987 [WARN] ModelIntegratedComponent:63 - No mode defined for component null
2025-09-20 14:26:31,987 [WARN] ModelIntegratedComponent:63 - No mode defined for component null
2025-09-20 14:26:31,987 [WARN] ModelIntegratedComponent:63 - No mode defined for component null
2025-09-20 14:26:31,987 [WARN] ModelIntegratedComponent:63 - No mode defined for component null
2025-09-20 14:26:31,987 [WARN] ModelIntegratedComponent:63 - No mode defined for component null
2025-09-20 14:26:31,987 [WARN] ModelIntegratedComponent:63 - No mode defined for component null
2025-09-20 14:26:31,987 [WARN] ModelIntegratedComponent:63 - No mode defined for component null
2025-09-20 14:26:31,987 [WARN] ModelIntegratedComponent:63 - No mode defined for component null
2025-09-20 14:26:31,987 [WARN] ModelIntegratedComponent:63 - No mode defined for component null
2025-09-20 14:26:31,988 [WARN] ModelIntegratedComponent:63 - No mode defined for component null
2025-09-20 14:26:31,988 [WARN] ModelIntegratedComponent:63 - No mode defined for component null
2025-09-20 14:26:31,988 [WARN] ModelIntegratedComponent:63 - No mode defined for component null
2025-09-20 14:26:31,988 [WARN] ModelIntegratedComponent:63 - No mode defined for component null
2025-09-20 14:26:31,988 [WARN] ModelIntegratedComponent:63 - No mode defined for component null
2025-09-20 14:26:31,988 [WARN] ModelPack:524 - Component already loaded: STMicroelectronics:HAL Drivers:0.0.0:STMicroelectronics:Device:STMicro_Driver:XSPI:HAL::0.0.1:HAL_XSPI
2025-09-20 14:26:32,057 [WARN] ModelIntegratedComponent:182 - Modes not found for component STMicroelectronics:USB_DEVICE:1.0.0:STMicroelectronics:USB::USB Device:Audio HS::1.0:USB_DEVICE_1_0_RESTRICTED_HS
2025-09-20 14:26:32,057 [WARN] ModelIntegratedComponent:188 - Modes not found for component STMicroelectronics:USB_DEVICE:1.0.0:STMicroelectronics:USB::USB Device:Audio HS::1.0:USB_DEVICE_1_0_RESTRICTED_HS
2025-09-20 14:26:32,057 [WARN] ModelIntegratedComponent:182 - Modes not found for component STMicroelectronics:USB_DEVICE:1.0.0:STMicroelectronics:USB::USB Device:CDC HS::1.0:USB_DEVICE_1_0_RESTRICTED_HS
2025-09-20 14:26:32,057 [WARN] ModelIntegratedComponent:188 - Modes not found for component STMicroelectronics:USB_DEVICE:1.0.0:STMicroelectronics:USB::USB Device:CDC HS::1.0:USB_DEVICE_1_0_RESTRICTED_HS
2025-09-20 14:26:32,057 [WARN] ModelIntegratedComponent:182 - Modes not found for component STMicroelectronics:USB_DEVICE:1.0.0:STMicroelectronics:USB::USB Device:DFU HS::1.0:USB_DEVICE_1_0_RESTRICTED_HS
2025-09-20 14:26:32,057 [WARN] ModelIntegratedComponent:188 - Modes not found for component STMicroelectronics:USB_DEVICE:1.0.0:STMicroelectronics:USB::USB Device:DFU HS::1.0:USB_DEVICE_1_0_RESTRICTED_HS
2025-09-20 14:26:32,057 [WARN] ModelIntegratedComponent:182 - Modes not found for component STMicroelectronics:USB_DEVICE:1.0.0:STMicroelectronics:USB::USB Device:HID HS::1.0:USB_DEVICE_1_0_RESTRICTED_HS
2025-09-20 14:26:32,057 [WARN] ModelIntegratedComponent:188 - Modes not found for component STMicroelectronics:USB_DEVICE:1.0.0:STMicroelectronics:USB::USB Device:HID HS::1.0:USB_DEVICE_1_0_RESTRICTED_HS
2025-09-20 14:26:32,057 [WARN] ModelIntegratedComponent:182 - Modes not found for component STMicroelectronics:USB_DEVICE:1.0.0:STMicroelectronics:USB::USB Device:Custom HID HS::1.0:USB_DEVICE_1_0_RESTRICTED_HS
2025-09-20 14:26:32,057 [WARN] ModelIntegratedComponent:188 - Modes not found for component STMicroelectronics:USB_DEVICE:1.0.0:STMicroelectronics:USB::USB Device:Custom HID HS::1.0:USB_DEVICE_1_0_RESTRICTED_HS
2025-09-20 14:26:32,058 [WARN] ModelIntegratedComponent:182 - Modes not found for component STMicroelectronics:USB_DEVICE:1.0.0:STMicroelectronics:USB::USB Device:MSC HS::1.0:USB_DEVICE_1_0_RESTRICTED_HS
2025-09-20 14:26:32,058 [WARN] ModelIntegratedComponent:188 - Modes not found for component STMicroelectronics:USB_DEVICE:1.0.0:STMicroelectronics:USB::USB Device:MSC HS::1.0:USB_DEVICE_1_0_RESTRICTED_HS
2025-09-20 14:26:32,078 [INFO] ThirdPartyModel:298 - Start build external matchings
2025-09-20 14:26:32,430 [INFO] ThirdPartyModel:316 - End build external matchings
2025-09-20 14:26:32,446 [WARN] IP:2250 - I2C_Coeff_DF not found: check if there is a RefParameter without a condition.
2025-09-20 14:26:32,446 [WARN] IP:2250 - Analog_Filter not found: check if there is a RefParameter without a condition.
2025-09-20 14:26:32,740 [INFO] ApiDb:581 - Connected to CubeFinder SQLite database (C:\Users\leoar\.stmcufinder\plugins\mcufinder\mcu\cube-finder-db.db)
2025-09-20 14:26:32,856 [INFO] ApiDb:668 - CubeFinder database Data Model version=2.1
2025-09-20 14:26:32,856 [INFO] ApiDb:669 - CubeFinder database Configuration version=3.0.39
2025-09-20 14:26:32,856 [INFO] ApiDb:670 - CubeFinder database generation date=2025-08-25 (1756130511)
2025-09-20 14:26:32,856 [INFO] ApiDb:671 - CubeFinder database FW Pack versions=[FP-ATR-ASTRA1_V2.0.0, FP-SNS-FLIGHT1_V5.1.0, FP-SNS-MOTENV1_V5.0.0, FP-SNS-MOTENVWB1_V1.4.0, FP-SNS-SMARTAG2_V1.2.0, FP-SNS-STBOX1_V2.1.0, STM32Cube_FW_C0_V1.4.0, STM32Cube_FW_F4_V1.28.3, STM32Cube_FW_F7_V1.17.4, STM32Cube_FW_G0_V1.6.2, STM32Cube_FW_G4_V1.6.1, STM32Cube_FW_H5_V1.5.0, STM32Cube_FW_H7RS_V1.2.0, STM32Cube_FW_H7_V1.12.1, STM32Cube_FW_L0_V1.12.2, STM32Cube_FW_L4_V1.18.1, STM32Cube_FW_L5_V1.5.1, STM32Cube_FW_N6_V1.2.0, STM32Cube_FW_U0_V1.3.0, STM32Cube_FW_U3_V1.2.0, STM32Cube_FW_U5_V1.8.0, STM32Cube_FW_WB0_V1.3.0, STM32Cube_FW_WBA_V1.7.0, STM32Cube_FW_WB_V1.23.0, STM32Cube_FW_WL3_V1.2.0, STM32Cube_FW_WL_V1.3.1, X-CUBE-ALGOBUILD_V1.4.0, X-CUBE-ALS_V1.0.2, X-CUBE-AZRTOS-F4_V1.1.0, X-CUBE-AZRTOS-F7_V1.1.0, X-CUBE-AZRTOS-G0_V1.1.0, X-CUBE-AZRTOS-G4_V2.0.0, X-CUBE-AZRTOS-H7RS_V1.1.0, X-CUBE-AZRTOS-H7_V3.4.0, X-CUBE-AZRTOS-L4_V2.0.0, X-CUBE-AZRTOS-L5_V2.0.0, X-CUBE-AZRTOS-WB_V2.0.0, X-CUBE-AZRTOS-WL_V2.0.0, X-CUBE-BLE1_V7.1.0, X-CUBE-BLE2_V3.3.0, X-CUBE-BLEMGR_V4.1.0, X-CUBE-EEPRMA1_V5.2.0, X-CUBE-FREERTOS_V1.3.1, X-CUBE-GNSS1_V6.0.0, X-CUBE-MEMS1_V11.3.0, X-CUBE-NFC4_V3.0.0, X-CUBE-NFC7_V2.0.0, X-CUBE-SFXS2LP1_V4.0.0, X-CUBE-ST67W61_V1.0.0, X-CUBE-SUBG2_V5.0.0, X-CUBE-TOF1_V3.4.3]
2025-09-20 14:26:33,000 [INFO] DbBoardsSqlite:226 - include board P-NUCLEO-WB55-NUCLEO as a kit item of type 'Nucleo-64'
2025-09-20 14:26:33,001 [INFO] DbBoardsSqlite:226 - include board P-NUCLEO-WB55-USBDONGLE as a kit item of type 'Nucleo USB Dongle'
2025-09-20 14:26:33,003 [INFO] DbBoardsSqlite:226 - include board STEVAL-IDP005V1 as a kit item of type 'Evaluation Board'
2025-09-20 14:26:33,004 [INFO] DbBoardsSqlite:226 - include board STEVAL-IDP005V2 as a kit item of type 'Evaluation Board'
2025-09-20 14:26:33,508 [INFO] ApiDb:240 - Found 880 in-development CPN: [B-G473E-ZEST1S, B-WB1M-WPAN1, B-WBA5M-WPAN, B-WL5M-SUBG1, NUCLEO-C031C6, NUCLEO-C051C8, NUCLEO-C071RB, NUCLEO-C092RC, NUCLEO-H503RB, NUCLEO-H533RE, NUCLEO-H563ZI, NUCLEO-H7S3L8, NUCLEO-N657X0-Q, NUCLEO-U031R8, NUCLEO-U083RC, NUCLEO-U385RG-Q, NUCLEO-U545RE-Q, NUCLEO-U5A5ZJ-Q, NUCLEO-WB05KZ, NUCLEO-WB07CC, NUCLEO-WB09KE, NUCLEO-WBA52CG, NUCLEO-WBA55CG, NUCLEO-WL33CC1, NUCLEO-WL33CC2, STEVAL-PROTEUS1, STEVAL-SMARTAG2, STEVAL-STWINBX1, STM320518-EVAL, STM32C0116-DK, STM32C011D6Y3TR, STM32C011D6Y6TR, STM32C011F4P3, STM32C011F4P6, STM32C011F4U3, STM32C011F4U6TR, STM32C011F6P3, STM32C011F6P6, STM32C011F6U3, STM32C011F6U6TR, STM32C011J4M3, STM32C011J4M6, STM32C011J6M3, STM32C011J6M6, STM32C0316-DK, STM32C031C4T3, STM32C031C4T6, STM32C031C4U3, STM32C031C4U6, STM32C031C6T3, STM32C031C6T6, STM32C031C6U3, STM32C031C6U6, STM32C031F4P3, STM32C031F4P6, STM32C031F6P3, STM32C031F6P6, STM32C031G4U3, STM32C031G4U6, STM32C031G6U3, STM32C031G6U6, STM32C031K4T3, STM32C031K4T6, STM32C031K4U3, STM32C031K4U6, STM32C031K6T3, STM32C031K6T6, STM32C031K6U3, STM32C031K6U6, STM32C051C6T6, STM32C051C6U6, STM32C051C8T6, STM32C051C8U6, STM32C051D8Y6TR, STM32C051F6P6, STM32C051F8P6, STM32C051G6U6, STM32C051G8U6, STM32C051K6T6, STM32C051K6U6, STM32C051K8T6, STM32C071C8T6, STM32C071C8T6N, STM32C071C8U6, STM32C071C8U6N, STM32C071CBT6, STM32C071CBT6N, STM32C071CBU6, STM32C071CBU6N, STM32C071F8P6, STM32C071F8P6N, STM32C071FBP6, STM32C071FBP6N, STM32C071FBY6TR, STM32C071G8U6, STM32C071G8U6N, STM32C071GBU6, STM32C071GBU6N, STM32C071K8T6, STM32C071K8T6N, STM32C071K8U6, STM32C071K8U6N, STM32C071KBT6, STM32C071KBT6N, STM32C071KBU6, STM32C071KBU6N, STM32C071R8T6, STM32C071R8T6N, STM32C071RBI6N, STM32C071RBT6, STM32C071RBT6N, STM32C091CBT6, STM32C091CBU6, STM32C091CCT6, STM32C091CCU6, STM32C091ECY6TR, STM32C091FBP6, STM32C091FCP6, STM32C091GBU6, STM32C091GCU6, STM32C091KBT6, STM32C091KBU6, STM32C091KCT6, STM32C091KCU6, STM32C091RBT6, STM32C091RCI6, STM32C091RCT6, STM32C092CBT6, STM32C092CBU6, STM32C092CCT6, STM32C092CCU6, STM32C092ECY6TR, STM32C092FBP6, STM32C092FCP6, STM32C092GBU6, STM32C092GCU6, STM32C092KBT6, STM32C092KBU6, STM32C092KCT6, STM32C092KCU6, STM32C092RBT6, STM32C092RCI6, STM32C092RCT6, STM32G071K8TXN, STM32G071K8UXN, STM32G081GBU6N, STM32G081KBT6N, STM32G081KBUXN, STM32G0B1CCT6N, STM32G0B1KCT6, STM32G0B1NEY6TR, STM32G0B1RCT6N, STM32G0C1CCT6, STM32G0C1CCT6N, STM32G0C1CCU6N, STM32G0C1CET6N, STM32G0C1CEU6N, STM32G0C1KCT6, STM32G0C1NEY6TR, STM32G0C1RCI6N, STM32G0C1RCT6N, STM32G0C1REI6N, STM32G0C1RET6N, STM32G0C1VCI6, STM32G0C1VEI6, STM32G411C6T3, STM32G411C6T6, STM32G411C6U3, STM32G411C6U6, STM32G411C8T3, STM32G411C8T6, STM32G411C8U3, STM32G411C8U6, STM32G411CBT3, STM32G411CBT6, STM32G411CBU3, STM32G411CBU6, STM32G411K6T3, STM32G411K6T6, STM32G411K6U3, STM32G411K6U6, STM32G411K8T3, STM32G411K8T6, STM32G411K8U3, STM32G411K8U6, STM32G411KBT3, STM32G411KBT6, STM32G411KBU3, STM32G411KBU6, STM32G411M6T3, STM32G411M6T6, STM32G411M8T3, STM32G411M8T6, STM32G411MBT3, STM32G411MBT6, STM32G411R6T3, STM32G411R6T6, STM32G411R8T3, STM32G411R8T6, STM32G411RBT3, STM32G411RBT6, STM32G414CBT3, STM32G414CBT6, STM32G414CBU3, STM32G414CBU6, STM32G414CCT3, STM32G414CCT6, STM32G414CCU3, STM32G414CCU6, STM32G414MBT3, STM32G414MBT6, STM32G414MCT3, STM32G414MCT6, STM32G414RBT3, STM32G414RBT6, STM32G414RCT3, STM32G414RCT6, STM32G414VBT3, STM32G414VBT6, STM32G414VCT3, STM32G414VCT6, STM32G431CBT3Z, STM32G431RBT3Z, STM32G471CCT6, STM32G471CCU6, STM32G471CET3, STM32G471CET6, STM32G471CEU3, STM32G471CEU6, STM32G471MCT6, STM32G471MET3, STM32G471MET6, STM32G471MEY6TR, STM32G471QCT6, STM32G471QET3, STM32G471RCT6, STM32G471RET3, STM32G471RET6, STM32G471VCH6, STM32G471VCI6, STM32G471VCT6, STM32G471VEH3, STM32G471VEH6, STM32G471VEI3, STM32G471VEI6, STM32G471VET3, STM32G471VET6, STM32G473QET3Z, STM32G473RET3Z, STM32G474CCT6, STM32G491RET3Z, STM32H503CBT6, STM32H503CBU6, STM32H503EBY6TR, STM32H503KBU6, STM32H503RBT6, STM32H523CCT6, STM32H523CCU6, STM32H523CET6, STM32H523CEU6, STM32H523HEY6TR, STM32H523RCT6, STM32H523RET6, STM32H523VCI6, STM32H523VCT6, STM32H523VEI6, STM32H523VET6, STM32H523ZCJ6, STM32H523ZCT6, STM32H523ZEJ6, STM32H523ZET6, STM32H533CET6, STM32H533CEU6, STM32H533HEY6TR, STM32H533RET6, STM32H533VEI6, STM32H533VET6, STM32H533ZEJ6, STM32H533ZET6, STM32H562AGI6, STM32H562AII6, STM32H562IGK6, STM32H562IGT6, STM32H562IIK6, STM32H562IIT6, STM32H562RGT6, STM32H562RGV6, STM32H562RIT6, STM32H562RIV6, STM32H562VGT6, STM32H562VIT6, STM32H562ZGT6, STM32H562ZIT6, STM32H563AGI6, STM32H563AII3Q, STM32H563AII6, STM32H563IGK6, STM32H563IGT6, STM32H563IIK3Q, STM32H563IIK6, STM32H563IIT3Q, STM32H563IIT6, STM32H563MIY3QTR, STM32H563RGT6, STM32H563RGV6, STM32H563RIT6, STM32H563RIV6, STM32H563VGT6, STM32H563VIT3Q, STM32H563VIT6, STM32H563ZGT6, STM32H563ZIT3Q, STM32H563ZIT6, STM32H573AII3Q, STM32H573AII6, STM32H573I-DK, STM32H573IIK3Q, STM32H573IIK6, STM32H573IIT3Q, STM32H573IIT6, STM32H573MIY3QTR, STM32H573RIT6, STM32H573RIV6, STM32H573VIT3Q, STM32H573VIT6, STM32H573ZIT3Q, STM32H573ZIT6, STM32H7R3A8I6, STM32H7R3I8K6, STM32H7R3I8T6, STM32H7R3L8H6, STM32H7R3L8H6H, STM32H7R3R8V6, STM32H7R3V8H6, STM32H7R3V8T6, STM32H7R3V8Y6TR, STM32H7R3Z8J6, STM32H7R3Z8T6, STM32H7R7A8I6, STM32H7R7I8K6, STM32H7R7I8T6, STM32H7R7L8H6, STM32H7R7L8H6H, STM32H7R7Z8J6, STM32H7S3A8I6, STM32H7S3I8K6, STM32H7S3I8T6, STM32H7S3L8H6, STM32H7S3L8H6H, STM32H7S3R8V6, STM32H7S3V8H6, STM32H7S3V8T6, STM32H7S3V8Y6TR, STM32H7S3Z8J6, STM32H7S3Z8T6, STM32H7S78-DK, STM32H7S7A8I6, STM32H7S7I8K6, STM32H7S7I8T6, STM32H7S7L8H6, STM32H7S7L8H6H, STM32H7S7Z8J6, STM32L4R5QGI6STR, STM32MP131AAE3, STM32MP131AAF3, STM32MP131AAG3, STM32MP131CAE3, STM32MP131CAF3, STM32MP131CAG3, STM32MP131DAE7, STM32MP131DAF7, STM32MP131DAG7, STM32MP131FAE7, STM32MP131FAF7, STM32MP131FAG7, STM32MP133AAE3, STM32MP133AAF3, STM32MP133AAG3, STM32MP133CAE3, STM32MP133CAF3, STM32MP133CAG3, STM32MP133DAE7, STM32MP133DAF7, STM32MP133DAG7, STM32MP133FAE7, STM32MP133FAF7, STM32MP133FAG7, STM32MP135AAE3, STM32MP135AAF3, STM32MP135AAG3, STM32MP135CAE3, STM32MP135CAF3, STM32MP135CAG3, STM32MP135DAE7, STM32MP135DAF7, STM32MP135DAG7, STM32MP135F-DK, STM32MP135FAE7, STM32MP135FAF7, STM32MP135FAF7T, STM32MP135FAF7U, STM32MP135FAG7, STM32MP211AAL3, STM32MP211AAM3, STM32MP211AAN3, STM32MP211AAO3, STM32MP211CAL3, STM32MP211CAM3, STM32MP211CAN3, STM32MP211CAO3, STM32MP211DAL3, STM32MP211DAM3, STM32MP211DAN3, STM32MP211DAO3, STM32MP211FAL3, STM32MP211FAM3, STM32MP211FAN3, STM32MP211FAO3, STM32MP213AAL3, STM32MP213AAM3, STM32MP213AAN3, STM32MP213AAO3, STM32MP213CAL3, STM32MP213CAM3, STM32MP213CAN3, STM32MP213CAO3, STM32MP213DAL3, STM32MP213DAM3, STM32MP213DAN3, STM32MP213DAO3, STM32MP213FAL3, STM32MP213FAM3, STM32MP213FAN3, STM32MP213FAO3, STM32MP215AAL3, STM32MP215AAM3, STM32MP215AAN3, STM32MP215AAO3, STM32MP215CAL3, STM32MP215CAM3, STM32MP215CAN3, STM32MP215CAO3, STM32MP215DAL3, STM32MP215DAM3, STM32MP215DAN3, STM32MP215DAO3, STM32MP215F-DK, STM32MP215FAL3, STM32MP215FAM3, STM32MP215FAN3, STM32MP215FAO3, STM32MP231AAJ3, STM32MP231AAK3, STM32MP231AAL3, STM32MP231CAJ3, STM32MP231CAK3, STM32MP231CAL3, STM32MP231DAJ3, STM32MP231DAK3, STM32MP231DAL3, STM32MP231FAJ3, STM32MP231FAK3, STM32MP231FAL3, STM32MP233AAJ3, STM32MP233AAK3, STM32MP233AAL3, STM32MP233CAJ3, STM32MP233CAK3, STM32MP233CAL3, STM32MP233DAJ3, STM32MP233DAK3, STM32MP233DAL3, STM32MP233FAJ3, STM32MP233FAK3, STM32MP233FAL3, STM32MP235AAJ3, STM32MP235AAK3, STM32MP235AAL3, STM32MP235CAJ3, STM32MP235CAK3, STM32MP235CAL3, STM32MP235DAJ3, STM32MP235DAK3, STM32MP235DAL3, STM32MP235FAJ3, STM32MP235FAK3, STM32MP235FAL3, STM32MP251AAI3, STM32MP251AAK3, STM32MP251AAL3, STM32MP251CAI3, STM32MP251CAK3, STM32MP251CAL3, STM32MP251DAI3, STM32MP251DAK3, STM32MP251DAL3, STM32MP251FAI3, STM32MP251FAK3, STM32MP251FAL3, STM32MP253AAI3, STM32MP253AAK3, STM32MP253AAL3, STM32MP253CAI3, STM32MP253CAK3, STM32MP253CAL3, STM32MP253DAI3, STM32MP253DAK3, STM32MP253DAL3, STM32MP253FAI3, STM32MP253FAK3, STM32MP253FAL3, STM32MP255AAI3, STM32MP255AAK3, STM32MP255AAL3, STM32MP255CAI3, STM32MP255CAK3, STM32MP255CAL3, STM32MP255DAI3, STM32MP255DAK3, STM32MP255DAL3, STM32MP255FAI3, STM32MP255FAK3, STM32MP255FAL3, STM32MP257AAI3, STM32MP257AAK3, STM32MP257AAL3, STM32MP257CAI3, STM32MP257CAK3, STM32MP257CAL3, STM32MP257DAI3, STM32MP257DAK3, STM32MP257DAL3, STM32MP257F-DK, STM32MP257F-EV1, STM32MP257FAI3, STM32MP257FAK3, STM32MP257FAL3, STM32N645A0H3Q, STM32N645B0H3Q, STM32N645I0H3Q, STM32N645L0H3Q, STM32N645X0H3Q, STM32N645Z0H3Q, STM32N647A0H3Q, STM32N647B0H3Q, STM32N647I0H3Q, STM32N647L0H3Q, STM32N647X0H3Q, STM32N647Z0H3Q, STM32N655A0H3Q, STM32N655B0H3Q, STM32N655I0H3Q, STM32N655L0H3Q, STM32N655X0H3Q, STM32N655Z0H3Q, STM32N6570-DK, STM32N657A0H3Q, STM32N657B0H3Q, STM32N657I0H3Q, STM32N657L0H3Q, STM32N657X0H3Q, STM32N657Z0H3Q, STM32U031C6T6, STM32U031C6U6, STM32U031C8T6, STM32U031C8U6, STM32U031F4P6, STM32U031F6P6, STM32U031F8P6, STM32U031G6Y6TR, STM32U031G8Y6TR, STM32U031K4U6, STM32U031K6U6, STM32U031K8U6, STM32U031R6I6, STM32U031R6T6, STM32U031R8I6, STM32U031R8T6, STM32U073C8T6, STM32U073C8U6, STM32U073CBT6, STM32U073CBU6, STM32U073CCT6, STM32U073CCU6, STM32U073H8Y6TR, STM32U073HBY6TR, STM32U073HCY6TR, STM32U073K8U6, STM32U073KBU6, STM32U073KCU6, STM32U073M8I6, STM32U073M8T6, STM32U073MBI6, STM32U073MBT6, STM32U073MCI6, STM32U073MCT6, STM32U073R8I6, STM32U073R8T6, STM32U073RBI6, STM32U073RBT6, STM32U073RCI6, STM32U073RCT6, STM32U083C-DK, STM32U083CCT6, STM32U083CCU6, STM32U083HCY6TR, STM32U083KCU6, STM32U083MCI6, STM32U083MCT6, STM32U083RCI6, STM32U083RCT6, STM32U375CET6, STM32U375CET6Q, STM32U375CEU6, STM32U375CEU6Q, STM32U375CEY6QTR, STM32U375CGT6, STM32U375CGT6Q, STM32U375CGU6, STM32U375CGU6Q, STM32U375CGY6QTR, STM32U375KEU6, STM32U375KGU6, STM32U375REI6, STM32U375REI6Q, STM32U375RET6, STM32U375RET6Q, STM32U375REY6GTR, STM32U375REY6QTR, STM32U375RGI6, STM32U375RGI6Q, STM32U375RGT6, STM32U375RGT6Q, STM32U375RGY6GTR, STM32U375RGY6QTR, STM32U375VEI6, STM32U375VEI6Q, STM32U375VET6, STM32U375VET6Q, STM32U375VGI6, STM32U375VGI6Q, STM32U375VGT6, STM32U375VGT6Q, STM32U385CGT6, STM32U385CGT6Q, STM32U385CGU6, STM32U385CGU6Q, STM32U385CGY6QTR, STM32U385KGU6, STM32U385RGI6, STM32U385RGI6Q, STM32U385RGT6, STM32U385RGT6Q, STM32U385RGY6GTR, STM32U385RGY6QTR, STM32U385VGI6, STM32U385VGI6Q, STM32U385VGT6, STM32U385VGT6Q, STM32U535CBT6, STM32U535CBT6Q, STM32U535CBU6, STM32U535CBU6Q, STM32U535CCT6, STM32U535CCT6Q, STM32U535CCU6, STM32U535CCU6Q, STM32U535CET6, STM32U535CET6Q, STM32U535CEU6, STM32U535CEU6Q, STM32U535JEY6QTR, STM32U535NCY6QTR, STM32U535NEY6QTR, STM32U535RBI6, STM32U535RBI6Q, STM32U535RBT6, STM32U535RBT6Q, STM32U535RCI6, STM32U535RCI6Q, STM32U535RCT6, STM32U535RCT6Q, STM32U535REI6, STM32U535REI6Q, STM32U535RET6, STM32U535RET6Q, STM32U535VCI6, STM32U535VCI6Q, STM32U535VCT6, STM32U535VCT6Q, STM32U535VEI6, STM32U535VEI6Q, STM32U535VET6, STM32U535VET6Q, STM32U545CET6, STM32U545CET6Q, STM32U545CEU6, STM32U545CEU6Q, STM32U545JEY6QTR, STM32U545NEY6QTR, STM32U545REI6, STM32U545REI6Q, STM32U545RET6, STM32U545RET6Q, STM32U545VEI6, STM32U545VEI6Q, STM32U545VET6, STM32U545VET6Q, STM32U595AIH6, STM32U595AIH6Q, STM32U595AJH6, STM32U595AJH6Q, STM32U595QII6, STM32U595QII6Q, STM32U595QJI6, STM32U595QJI6Q, STM32U595RIT6, STM32U595RIT6Q, STM32U595RJT6, STM32U595RJT6Q, STM32U595VIT6, STM32U595VIT6Q, STM32U595VJT6, STM32U595VJT6Q, STM32U595ZIT6, STM32U595ZIT6Q, STM32U595ZIY6QTR, STM32U595ZJT6, STM32U595ZJT6Q, STM32U595ZJY6QTR, STM32U599BJY6QTR, STM32U599NIH6Q, STM32U599NJH6Q, STM32U599VIT6Q, STM32U599VJT6, STM32U599VJT6Q, STM32U599ZIT6Q, STM32U599ZIY6QTR, STM32U599ZJT6Q, STM32U599ZJY6QTR, STM32U5A5AJH6, STM32U5A5AJH6Q, STM32U5A5QII3Q , STM32U5A5QJI6, STM32U5A5QJI6Q, STM32U5A5RJT6, STM32U5A5RJT6Q, STM32U5A5VJT6, STM32U5A5VJT6Q, STM32U5A5ZJT6, STM32U5A5ZJT6Q, STM32U5A5ZJY6QTR, STM32U5A9BJY6QTR, STM32U5A9J-DK, STM32U5A9NJH6Q, STM32U5A9VJT6Q, STM32U5A9ZJT6Q, STM32U5A9ZJY6QTR, STM32U5F7VIT6, STM32U5F7VIT6Q, STM32U5F7VJT6, STM32U5F7VJT6Q, STM32U5F9BJY6QTR, STM32U5F9NJH6Q, STM32U5F9VIT6Q, STM32U5F9VJT6Q, STM32U5F9ZIJ6QTR, STM32U5F9ZIT6Q, STM32U5F9ZJJ6QTR, STM32U5F9ZJT6Q, STM32U5G7VJT6, STM32U5G7VJT6Q, STM32U5G9BJY6QTR, STM32U5G9J-DK1, STM32U5G9J-DK2, STM32U5G9NJH6Q, STM32U5G9VJT6Q, STM32U5G9ZJJ6QTR, STM32U5G9ZJT6Q, STM32WB05KZV6TR, STM32WB05KZV7TR, STM32WB05TZF6TR, STM32WB05TZF7TR, STM32WB06CCF6TR, STM32WB06CCF7TR, STM32WB06CCV6TR, STM32WB06CCV7TR, STM32WB06KCV6TR, STM32WB06KCV7TR, STM32WB07CCF6TR, STM32WB07CCF7TR, STM32WB07CCV6TR, STM32WB07CCV7TR, STM32WB07KCV6TR, STM32WB07KCV7TR, STM32WB09KEV6TR, STM32WB09KEV7TR, STM32WB09TEF6TR, STM32WB09TEF7TR, STM32WB1MMCH6, STM32WBA50KGU6, STM32WBA50KGU6TR, STM32WBA52CEU6, STM32WBA52CEU6TR, STM32WBA52CEU7, STM32WBA52CEU7TR, STM32WBA52CGU6, STM32WBA52CGU6TR, STM32WBA52CGU6U, STM32WBA52CGU7, STM32WBA52CGU7TR, STM32WBA52KEU6, STM32WBA52KEU6TR, STM32WBA52KGU6, STM32WBA52KGU6TR, STM32WBA54CEU6, STM32WBA54CEU6TR, STM32WBA54CEU7, STM32WBA54CEU7TR, STM32WBA54CGU6, STM32WBA54CGU6TR, STM32WBA54CGU7, STM32WBA54CGU7TR, STM32WBA54KEU6, STM32WBA54KEU6TR, STM32WBA54KEU7, STM32WBA54KEU7TR, STM32WBA54KGU6, STM32WBA54KGU6TR, STM32WBA54KGU7, STM32WBA54KGU7TR, STM32WBA55CEU6, STM32WBA55CEU6TR, STM32WBA55CEU7, STM32WBA55CEU7TR, STM32WBA55CGU6, STM32WBA55CGU6TR, STM32WBA55CGU6U, STM32WBA55CGU7, STM32WBA55CGU7TR, STM32WBA55G-DK1, STM32WBA55HEF6, STM32WBA55HEF7, STM32WBA55HGF6, STM32WBA55HGF7, STM32WBA55UEI6, STM32WBA55UEI6TR, STM32WBA55UEI7, STM32WBA55UEI7TR, STM32WBA55UGI6, STM32WBA55UGI6TR, STM32WBA55UGI7, STM32WBA55UGI7TR, STM32WBA5MMGH6TR, STM32WBA62MGF6, STM32WBA62MIF6, STM32WBA65MGF7, STM32WBA65MIF6, STM32WBA65MIF7, STM32WL30K8V6, STM32WL30KBV6, STM32WL31C8V6, STM32WL31CBV6, STM32WL31K8V6, STM32WL31KBV6, STM32WL33C8V6, STM32WL33C8V6X, STM32WL33CBV6, STM32WL33CBV6X, STM32WL33CCV6, STM32WL33CCV6A, STM32WL33CCV6X, STM32WL33K8V7, STM32WL33K8V7X, STM32WL33KBV7 , STM32WL33KBV7X, STM32WL33KCV7, STM32WL33KCV7X, STM32WL5MOCH6, STM32WL5MOCH6TR]
2025-09-20 14:26:33,792 [INFO] BoardInfo:889 - No configuration file found for board P-NUCLEO-WB55
2025-09-20 14:26:33,794 [INFO] DbBoards:161 - Kit is not supported: P-NUCLEO-WB55
2025-09-20 14:26:33,804 [INFO] BoardInfo:889 - No configuration file found for board STEVAL-BFA001V1B
2025-09-20 14:26:33,805 [INFO] DbBoards:161 - Kit is not supported: STEVAL-BFA001V1B
2025-09-20 14:26:33,807 [INFO] BoardInfo:889 - No configuration file found for board STEVAL-BFA001V2B
2025-09-20 14:26:33,840 [INFO] DbBoards:161 - Kit is not supported: STEVAL-BFA001V2B
2025-09-20 14:26:34,104 [INFO] DbBoards:168 - Found 212 boards, 209 are supported
2025-09-20 14:26:34,104 [INFO] DbBoards:169 - Found 212 boards, 43 of them is supported for  Bsp
2025-09-20 14:26:34,109 [INFO] ApiDb:668 - CubeFinder database Data Model version=2.1
2025-09-20 14:26:34,109 [INFO] ApiDb:669 - CubeFinder database Configuration version=3.0.39
2025-09-20 14:26:34,109 [INFO] ApiDb:670 - CubeFinder database generation date=2025-08-25 (1756130511)
2025-09-20 14:26:34,109 [INFO] ApiDb:671 - CubeFinder database FW Pack versions=[FP-ATR-ASTRA1_V2.0.0, FP-SNS-FLIGHT1_V5.1.0, FP-SNS-MOTENV1_V5.0.0, FP-SNS-MOTENVWB1_V1.4.0, FP-SNS-SMARTAG2_V1.2.0, FP-SNS-STBOX1_V2.1.0, STM32Cube_FW_C0_V1.4.0, STM32Cube_FW_F4_V1.28.3, STM32Cube_FW_F7_V1.17.4, STM32Cube_FW_G0_V1.6.2, STM32Cube_FW_G4_V1.6.1, STM32Cube_FW_H5_V1.5.0, STM32Cube_FW_H7RS_V1.2.0, STM32Cube_FW_H7_V1.12.1, STM32Cube_FW_L0_V1.12.2, STM32Cube_FW_L4_V1.18.1, STM32Cube_FW_L5_V1.5.1, STM32Cube_FW_N6_V1.2.0, STM32Cube_FW_U0_V1.3.0, STM32Cube_FW_U3_V1.2.0, STM32Cube_FW_U5_V1.8.0, STM32Cube_FW_WB0_V1.3.0, STM32Cube_FW_WBA_V1.7.0, STM32Cube_FW_WB_V1.23.0, STM32Cube_FW_WL3_V1.2.0, STM32Cube_FW_WL_V1.3.1, X-CUBE-ALGOBUILD_V1.4.0, X-CUBE-ALS_V1.0.2, X-CUBE-AZRTOS-F4_V1.1.0, X-CUBE-AZRTOS-F7_V1.1.0, X-CUBE-AZRTOS-G0_V1.1.0, X-CUBE-AZRTOS-G4_V2.0.0, X-CUBE-AZRTOS-H7RS_V1.1.0, X-CUBE-AZRTOS-H7_V3.4.0, X-CUBE-AZRTOS-L4_V2.0.0, X-CUBE-AZRTOS-L5_V2.0.0, X-CUBE-AZRTOS-WB_V2.0.0, X-CUBE-AZRTOS-WL_V2.0.0, X-CUBE-BLE1_V7.1.0, X-CUBE-BLE2_V3.3.0, X-CUBE-BLEMGR_V4.1.0, X-CUBE-EEPRMA1_V5.2.0, X-CUBE-FREERTOS_V1.3.1, X-CUBE-GNSS1_V6.0.0, X-CUBE-MEMS1_V11.3.0, X-CUBE-NFC4_V3.0.0, X-CUBE-NFC7_V2.0.0, X-CUBE-SFXS2LP1_V4.0.0, X-CUBE-ST67W61_V1.0.0, X-CUBE-SUBG2_V5.0.0, X-CUBE-TOF1_V3.4.3]
2025-09-20 14:26:36,504 [INFO] ApiDb:240 - Found 880 in-development CPN: [B-G473E-ZEST1S, B-WB1M-WPAN1, B-WBA5M-WPAN, B-WL5M-SUBG1, NUCLEO-C031C6, NUCLEO-C051C8, NUCLEO-C071RB, NUCLEO-C092RC, NUCLEO-H503RB, NUCLEO-H533RE, NUCLEO-H563ZI, NUCLEO-H7S3L8, NUCLEO-N657X0-Q, NUCLEO-U031R8, NUCLEO-U083RC, NUCLEO-U385RG-Q, NUCLEO-U545RE-Q, NUCLEO-U5A5ZJ-Q, NUCLEO-WB05KZ, NUCLEO-WB07CC, NUCLEO-WB09KE, NUCLEO-WBA52CG, NUCLEO-WBA55CG, NUCLEO-WL33CC1, NUCLEO-WL33CC2, STEVAL-PROTEUS1, STEVAL-SMARTAG2, STEVAL-STWINBX1, STM320518-EVAL, STM32C0116-DK, STM32C011D6Y3TR, STM32C011D6Y6TR, STM32C011F4P3, STM32C011F4P6, STM32C011F4U3, STM32C011F4U6TR, STM32C011F6P3, STM32C011F6P6, STM32C011F6U3, STM32C011F6U6TR, STM32C011J4M3, STM32C011J4M6, STM32C011J6M3, STM32C011J6M6, STM32C0316-DK, STM32C031C4T3, STM32C031C4T6, STM32C031C4U3, STM32C031C4U6, STM32C031C6T3, STM32C031C6T6, STM32C031C6U3, STM32C031C6U6, STM32C031F4P3, STM32C031F4P6, STM32C031F6P3, STM32C031F6P6, STM32C031G4U3, STM32C031G4U6, STM32C031G6U3, STM32C031G6U6, STM32C031K4T3, STM32C031K4T6, STM32C031K4U3, STM32C031K4U6, STM32C031K6T3, STM32C031K6T6, STM32C031K6U3, STM32C031K6U6, STM32C051C6T6, STM32C051C6U6, STM32C051C8T6, STM32C051C8U6, STM32C051D8Y6TR, STM32C051F6P6, STM32C051F8P6, STM32C051G6U6, STM32C051G8U6, STM32C051K6T6, STM32C051K6U6, STM32C051K8T6, STM32C071C8T6, STM32C071C8T6N, STM32C071C8U6, STM32C071C8U6N, STM32C071CBT6, STM32C071CBT6N, STM32C071CBU6, STM32C071CBU6N, STM32C071F8P6, STM32C071F8P6N, STM32C071FBP6, STM32C071FBP6N, STM32C071FBY6TR, STM32C071G8U6, STM32C071G8U6N, STM32C071GBU6, STM32C071GBU6N, STM32C071K8T6, STM32C071K8T6N, STM32C071K8U6, STM32C071K8U6N, STM32C071KBT6, STM32C071KBT6N, STM32C071KBU6, STM32C071KBU6N, STM32C071R8T6, STM32C071R8T6N, STM32C071RBI6N, STM32C071RBT6, STM32C071RBT6N, STM32C091CBT6, STM32C091CBU6, STM32C091CCT6, STM32C091CCU6, STM32C091ECY6TR, STM32C091FBP6, STM32C091FCP6, STM32C091GBU6, STM32C091GCU6, STM32C091KBT6, STM32C091KBU6, STM32C091KCT6, STM32C091KCU6, STM32C091RBT6, STM32C091RCI6, STM32C091RCT6, STM32C092CBT6, STM32C092CBU6, STM32C092CCT6, STM32C092CCU6, STM32C092ECY6TR, STM32C092FBP6, STM32C092FCP6, STM32C092GBU6, STM32C092GCU6, STM32C092KBT6, STM32C092KBU6, STM32C092KCT6, STM32C092KCU6, STM32C092RBT6, STM32C092RCI6, STM32C092RCT6, STM32G071K8TXN, STM32G071K8UXN, STM32G081GBU6N, STM32G081KBT6N, STM32G081KBUXN, STM32G0B1CCT6N, STM32G0B1KCT6, STM32G0B1NEY6TR, STM32G0B1RCT6N, STM32G0C1CCT6, STM32G0C1CCT6N, STM32G0C1CCU6N, STM32G0C1CET6N, STM32G0C1CEU6N, STM32G0C1KCT6, STM32G0C1NEY6TR, STM32G0C1RCI6N, STM32G0C1RCT6N, STM32G0C1REI6N, STM32G0C1RET6N, STM32G0C1VCI6, STM32G0C1VEI6, STM32G411C6T3, STM32G411C6T6, STM32G411C6U3, STM32G411C6U6, STM32G411C8T3, STM32G411C8T6, STM32G411C8U3, STM32G411C8U6, STM32G411CBT3, STM32G411CBT6, STM32G411CBU3, STM32G411CBU6, STM32G411K6T3, STM32G411K6T6, STM32G411K6U3, STM32G411K6U6, STM32G411K8T3, STM32G411K8T6, STM32G411K8U3, STM32G411K8U6, STM32G411KBT3, STM32G411KBT6, STM32G411KBU3, STM32G411KBU6, STM32G411M6T3, STM32G411M6T6, STM32G411M8T3, STM32G411M8T6, STM32G411MBT3, STM32G411MBT6, STM32G411R6T3, STM32G411R6T6, STM32G411R8T3, STM32G411R8T6, STM32G411RBT3, STM32G411RBT6, STM32G414CBT3, STM32G414CBT6, STM32G414CBU3, STM32G414CBU6, STM32G414CCT3, STM32G414CCT6, STM32G414CCU3, STM32G414CCU6, STM32G414MBT3, STM32G414MBT6, STM32G414MCT3, STM32G414MCT6, STM32G414RBT3, STM32G414RBT6, STM32G414RCT3, STM32G414RCT6, STM32G414VBT3, STM32G414VBT6, STM32G414VCT3, STM32G414VCT6, STM32G431CBT3Z, STM32G431RBT3Z, STM32G471CCT6, STM32G471CCU6, STM32G471CET3, STM32G471CET6, STM32G471CEU3, STM32G471CEU6, STM32G471MCT6, STM32G471MET3, STM32G471MET6, STM32G471MEY6TR, STM32G471QCT6, STM32G471QET3, STM32G471RCT6, STM32G471RET3, STM32G471RET6, STM32G471VCH6, STM32G471VCI6, STM32G471VCT6, STM32G471VEH3, STM32G471VEH6, STM32G471VEI3, STM32G471VEI6, STM32G471VET3, STM32G471VET6, STM32G473QET3Z, STM32G473RET3Z, STM32G474CCT6, STM32G491RET3Z, STM32H503CBT6, STM32H503CBU6, STM32H503EBY6TR, STM32H503KBU6, STM32H503RBT6, STM32H523CCT6, STM32H523CCU6, STM32H523CET6, STM32H523CEU6, STM32H523HEY6TR, STM32H523RCT6, STM32H523RET6, STM32H523VCI6, STM32H523VCT6, STM32H523VEI6, STM32H523VET6, STM32H523ZCJ6, STM32H523ZCT6, STM32H523ZEJ6, STM32H523ZET6, STM32H533CET6, STM32H533CEU6, STM32H533HEY6TR, STM32H533RET6, STM32H533VEI6, STM32H533VET6, STM32H533ZEJ6, STM32H533ZET6, STM32H562AGI6, STM32H562AII6, STM32H562IGK6, STM32H562IGT6, STM32H562IIK6, STM32H562IIT6, STM32H562RGT6, STM32H562RGV6, STM32H562RIT6, STM32H562RIV6, STM32H562VGT6, STM32H562VIT6, STM32H562ZGT6, STM32H562ZIT6, STM32H563AGI6, STM32H563AII3Q, STM32H563AII6, STM32H563IGK6, STM32H563IGT6, STM32H563IIK3Q, STM32H563IIK6, STM32H563IIT3Q, STM32H563IIT6, STM32H563MIY3QTR, STM32H563RGT6, STM32H563RGV6, STM32H563RIT6, STM32H563RIV6, STM32H563VGT6, STM32H563VIT3Q, STM32H563VIT6, STM32H563ZGT6, STM32H563ZIT3Q, STM32H563ZIT6, STM32H573AII3Q, STM32H573AII6, STM32H573I-DK, STM32H573IIK3Q, STM32H573IIK6, STM32H573IIT3Q, STM32H573IIT6, STM32H573MIY3QTR, STM32H573RIT6, STM32H573RIV6, STM32H573VIT3Q, STM32H573VIT6, STM32H573ZIT3Q, STM32H573ZIT6, STM32H7R3A8I6, STM32H7R3I8K6, STM32H7R3I8T6, STM32H7R3L8H6, STM32H7R3L8H6H, STM32H7R3R8V6, STM32H7R3V8H6, STM32H7R3V8T6, STM32H7R3V8Y6TR, STM32H7R3Z8J6, STM32H7R3Z8T6, STM32H7R7A8I6, STM32H7R7I8K6, STM32H7R7I8T6, STM32H7R7L8H6, STM32H7R7L8H6H, STM32H7R7Z8J6, STM32H7S3A8I6, STM32H7S3I8K6, STM32H7S3I8T6, STM32H7S3L8H6, STM32H7S3L8H6H, STM32H7S3R8V6, STM32H7S3V8H6, STM32H7S3V8T6, STM32H7S3V8Y6TR, STM32H7S3Z8J6, STM32H7S3Z8T6, STM32H7S78-DK, STM32H7S7A8I6, STM32H7S7I8K6, STM32H7S7I8T6, STM32H7S7L8H6, STM32H7S7L8H6H, STM32H7S7Z8J6, STM32L4R5QGI6STR, STM32MP131AAE3, STM32MP131AAF3, STM32MP131AAG3, STM32MP131CAE3, STM32MP131CAF3, STM32MP131CAG3, STM32MP131DAE7, STM32MP131DAF7, STM32MP131DAG7, STM32MP131FAE7, STM32MP131FAF7, STM32MP131FAG7, STM32MP133AAE3, STM32MP133AAF3, STM32MP133AAG3, STM32MP133CAE3, STM32MP133CAF3, STM32MP133CAG3, STM32MP133DAE7, STM32MP133DAF7, STM32MP133DAG7, STM32MP133FAE7, STM32MP133FAF7, STM32MP133FAG7, STM32MP135AAE3, STM32MP135AAF3, STM32MP135AAG3, STM32MP135CAE3, STM32MP135CAF3, STM32MP135CAG3, STM32MP135DAE7, STM32MP135DAF7, STM32MP135DAG7, STM32MP135F-DK, STM32MP135FAE7, STM32MP135FAF7, STM32MP135FAF7T, STM32MP135FAF7U, STM32MP135FAG7, STM32MP211AAL3, STM32MP211AAM3, STM32MP211AAN3, STM32MP211AAO3, STM32MP211CAL3, STM32MP211CAM3, STM32MP211CAN3, STM32MP211CAO3, STM32MP211DAL3, STM32MP211DAM3, STM32MP211DAN3, STM32MP211DAO3, STM32MP211FAL3, STM32MP211FAM3, STM32MP211FAN3, STM32MP211FAO3, STM32MP213AAL3, STM32MP213AAM3, STM32MP213AAN3, STM32MP213AAO3, STM32MP213CAL3, STM32MP213CAM3, STM32MP213CAN3, STM32MP213CAO3, STM32MP213DAL3, STM32MP213DAM3, STM32MP213DAN3, STM32MP213DAO3, STM32MP213FAL3, STM32MP213FAM3, STM32MP213FAN3, STM32MP213FAO3, STM32MP215AAL3, STM32MP215AAM3, STM32MP215AAN3, STM32MP215AAO3, STM32MP215CAL3, STM32MP215CAM3, STM32MP215CAN3, STM32MP215CAO3, STM32MP215DAL3, STM32MP215DAM3, STM32MP215DAN3, STM32MP215DAO3, STM32MP215F-DK, STM32MP215FAL3, STM32MP215FAM3, STM32MP215FAN3, STM32MP215FAO3, STM32MP231AAJ3, STM32MP231AAK3, STM32MP231AAL3, STM32MP231CAJ3, STM32MP231CAK3, STM32MP231CAL3, STM32MP231DAJ3, STM32MP231DAK3, STM32MP231DAL3, STM32MP231FAJ3, STM32MP231FAK3, STM32MP231FAL3, STM32MP233AAJ3, STM32MP233AAK3, STM32MP233AAL3, STM32MP233CAJ3, STM32MP233CAK3, STM32MP233CAL3, STM32MP233DAJ3, STM32MP233DAK3, STM32MP233DAL3, STM32MP233FAJ3, STM32MP233FAK3, STM32MP233FAL3, STM32MP235AAJ3, STM32MP235AAK3, STM32MP235AAL3, STM32MP235CAJ3, STM32MP235CAK3, STM32MP235CAL3, STM32MP235DAJ3, STM32MP235DAK3, STM32MP235DAL3, STM32MP235FAJ3, STM32MP235FAK3, STM32MP235FAL3, STM32MP251AAI3, STM32MP251AAK3, STM32MP251AAL3, STM32MP251CAI3, STM32MP251CAK3, STM32MP251CAL3, STM32MP251DAI3, STM32MP251DAK3, STM32MP251DAL3, STM32MP251FAI3, STM32MP251FAK3, STM32MP251FAL3, STM32MP253AAI3, STM32MP253AAK3, STM32MP253AAL3, STM32MP253CAI3, STM32MP253CAK3, STM32MP253CAL3, STM32MP253DAI3, STM32MP253DAK3, STM32MP253DAL3, STM32MP253FAI3, STM32MP253FAK3, STM32MP253FAL3, STM32MP255AAI3, STM32MP255AAK3, STM32MP255AAL3, STM32MP255CAI3, STM32MP255CAK3, STM32MP255CAL3, STM32MP255DAI3, STM32MP255DAK3, STM32MP255DAL3, STM32MP255FAI3, STM32MP255FAK3, STM32MP255FAL3, STM32MP257AAI3, STM32MP257AAK3, STM32MP257AAL3, STM32MP257CAI3, STM32MP257CAK3, STM32MP257CAL3, STM32MP257DAI3, STM32MP257DAK3, STM32MP257DAL3, STM32MP257F-DK, STM32MP257F-EV1, STM32MP257FAI3, STM32MP257FAK3, STM32MP257FAL3, STM32N645A0H3Q, STM32N645B0H3Q, STM32N645I0H3Q, STM32N645L0H3Q, STM32N645X0H3Q, STM32N645Z0H3Q, STM32N647A0H3Q, STM32N647B0H3Q, STM32N647I0H3Q, STM32N647L0H3Q, STM32N647X0H3Q, STM32N647Z0H3Q, STM32N655A0H3Q, STM32N655B0H3Q, STM32N655I0H3Q, STM32N655L0H3Q, STM32N655X0H3Q, STM32N655Z0H3Q, STM32N6570-DK, STM32N657A0H3Q, STM32N657B0H3Q, STM32N657I0H3Q, STM32N657L0H3Q, STM32N657X0H3Q, STM32N657Z0H3Q, STM32U031C6T6, STM32U031C6U6, STM32U031C8T6, STM32U031C8U6, STM32U031F4P6, STM32U031F6P6, STM32U031F8P6, STM32U031G6Y6TR, STM32U031G8Y6TR, STM32U031K4U6, STM32U031K6U6, STM32U031K8U6, STM32U031R6I6, STM32U031R6T6, STM32U031R8I6, STM32U031R8T6, STM32U073C8T6, STM32U073C8U6, STM32U073CBT6, STM32U073CBU6, STM32U073CCT6, STM32U073CCU6, STM32U073H8Y6TR, STM32U073HBY6TR, STM32U073HCY6TR, STM32U073K8U6, STM32U073KBU6, STM32U073KCU6, STM32U073M8I6, STM32U073M8T6, STM32U073MBI6, STM32U073MBT6, STM32U073MCI6, STM32U073MCT6, STM32U073R8I6, STM32U073R8T6, STM32U073RBI6, STM32U073RBT6, STM32U073RCI6, STM32U073RCT6, STM32U083C-DK, STM32U083CCT6, STM32U083CCU6, STM32U083HCY6TR, STM32U083KCU6, STM32U083MCI6, STM32U083MCT6, STM32U083RCI6, STM32U083RCT6, STM32U375CET6, STM32U375CET6Q, STM32U375CEU6, STM32U375CEU6Q, STM32U375CEY6QTR, STM32U375CGT6, STM32U375CGT6Q, STM32U375CGU6, STM32U375CGU6Q, STM32U375CGY6QTR, STM32U375KEU6, STM32U375KGU6, STM32U375REI6, STM32U375REI6Q, STM32U375RET6, STM32U375RET6Q, STM32U375REY6GTR, STM32U375REY6QTR, STM32U375RGI6, STM32U375RGI6Q, STM32U375RGT6, STM32U375RGT6Q, STM32U375RGY6GTR, STM32U375RGY6QTR, STM32U375VEI6, STM32U375VEI6Q, STM32U375VET6, STM32U375VET6Q, STM32U375VGI6, STM32U375VGI6Q, STM32U375VGT6, STM32U375VGT6Q, STM32U385CGT6, STM32U385CGT6Q, STM32U385CGU6, STM32U385CGU6Q, STM32U385CGY6QTR, STM32U385KGU6, STM32U385RGI6, STM32U385RGI6Q, STM32U385RGT6, STM32U385RGT6Q, STM32U385RGY6GTR, STM32U385RGY6QTR, STM32U385VGI6, STM32U385VGI6Q, STM32U385VGT6, STM32U385VGT6Q, STM32U535CBT6, STM32U535CBT6Q, STM32U535CBU6, STM32U535CBU6Q, STM32U535CCT6, STM32U535CCT6Q, STM32U535CCU6, STM32U535CCU6Q, STM32U535CET6, STM32U535CET6Q, STM32U535CEU6, STM32U535CEU6Q, STM32U535JEY6QTR, STM32U535NCY6QTR, STM32U535NEY6QTR, STM32U535RBI6, STM32U535RBI6Q, STM32U535RBT6, STM32U535RBT6Q, STM32U535RCI6, STM32U535RCI6Q, STM32U535RCT6, STM32U535RCT6Q, STM32U535REI6, STM32U535REI6Q, STM32U535RET6, STM32U535RET6Q, STM32U535VCI6, STM32U535VCI6Q, STM32U535VCT6, STM32U535VCT6Q, STM32U535VEI6, STM32U535VEI6Q, STM32U535VET6, STM32U535VET6Q, STM32U545CET6, STM32U545CET6Q, STM32U545CEU6, STM32U545CEU6Q, STM32U545JEY6QTR, STM32U545NEY6QTR, STM32U545REI6, STM32U545REI6Q, STM32U545RET6, STM32U545RET6Q, STM32U545VEI6, STM32U545VEI6Q, STM32U545VET6, STM32U545VET6Q, STM32U595AIH6, STM32U595AIH6Q, STM32U595AJH6, STM32U595AJH6Q, STM32U595QII6, STM32U595QII6Q, STM32U595QJI6, STM32U595QJI6Q, STM32U595RIT6, STM32U595RIT6Q, STM32U595RJT6, STM32U595RJT6Q, STM32U595VIT6, STM32U595VIT6Q, STM32U595VJT6, STM32U595VJT6Q, STM32U595ZIT6, STM32U595ZIT6Q, STM32U595ZIY6QTR, STM32U595ZJT6, STM32U595ZJT6Q, STM32U595ZJY6QTR, STM32U599BJY6QTR, STM32U599NIH6Q, STM32U599NJH6Q, STM32U599VIT6Q, STM32U599VJT6, STM32U599VJT6Q, STM32U599ZIT6Q, STM32U599ZIY6QTR, STM32U599ZJT6Q, STM32U599ZJY6QTR, STM32U5A5AJH6, STM32U5A5AJH6Q, STM32U5A5QII3Q , STM32U5A5QJI6, STM32U5A5QJI6Q, STM32U5A5RJT6, STM32U5A5RJT6Q, STM32U5A5VJT6, STM32U5A5VJT6Q, STM32U5A5ZJT6, STM32U5A5ZJT6Q, STM32U5A5ZJY6QTR, STM32U5A9BJY6QTR, STM32U5A9J-DK, STM32U5A9NJH6Q, STM32U5A9VJT6Q, STM32U5A9ZJT6Q, STM32U5A9ZJY6QTR, STM32U5F7VIT6, STM32U5F7VIT6Q, STM32U5F7VJT6, STM32U5F7VJT6Q, STM32U5F9BJY6QTR, STM32U5F9NJH6Q, STM32U5F9VIT6Q, STM32U5F9VJT6Q, STM32U5F9ZIJ6QTR, STM32U5F9ZIT6Q, STM32U5F9ZJJ6QTR, STM32U5F9ZJT6Q, STM32U5G7VJT6, STM32U5G7VJT6Q, STM32U5G9BJY6QTR, STM32U5G9J-DK1, STM32U5G9J-DK2, STM32U5G9NJH6Q, STM32U5G9VJT6Q, STM32U5G9ZJJ6QTR, STM32U5G9ZJT6Q, STM32WB05KZV6TR, STM32WB05KZV7TR, STM32WB05TZF6TR, STM32WB05TZF7TR, STM32WB06CCF6TR, STM32WB06CCF7TR, STM32WB06CCV6TR, STM32WB06CCV7TR, STM32WB06KCV6TR, STM32WB06KCV7TR, STM32WB07CCF6TR, STM32WB07CCF7TR, STM32WB07CCV6TR, STM32WB07CCV7TR, STM32WB07KCV6TR, STM32WB07KCV7TR, STM32WB09KEV6TR, STM32WB09KEV7TR, STM32WB09TEF6TR, STM32WB09TEF7TR, STM32WB1MMCH6, STM32WBA50KGU6, STM32WBA50KGU6TR, STM32WBA52CEU6, STM32WBA52CEU6TR, STM32WBA52CEU7, STM32WBA52CEU7TR, STM32WBA52CGU6, STM32WBA52CGU6TR, STM32WBA52CGU6U, STM32WBA52CGU7, STM32WBA52CGU7TR, STM32WBA52KEU6, STM32WBA52KEU6TR, STM32WBA52KGU6, STM32WBA52KGU6TR, STM32WBA54CEU6, STM32WBA54CEU6TR, STM32WBA54CEU7, STM32WBA54CEU7TR, STM32WBA54CGU6, STM32WBA54CGU6TR, STM32WBA54CGU7, STM32WBA54CGU7TR, STM32WBA54KEU6, STM32WBA54KEU6TR, STM32WBA54KEU7, STM32WBA54KEU7TR, STM32WBA54KGU6, STM32WBA54KGU6TR, STM32WBA54KGU7, STM32WBA54KGU7TR, STM32WBA55CEU6, STM32WBA55CEU6TR, STM32WBA55CEU7, STM32WBA55CEU7TR, STM32WBA55CGU6, STM32WBA55CGU6TR, STM32WBA55CGU6U, STM32WBA55CGU7, STM32WBA55CGU7TR, STM32WBA55G-DK1, STM32WBA55HEF6, STM32WBA55HEF7, STM32WBA55HGF6, STM32WBA55HGF7, STM32WBA55UEI6, STM32WBA55UEI6TR, STM32WBA55UEI7, STM32WBA55UEI7TR, STM32WBA55UGI6, STM32WBA55UGI6TR, STM32WBA55UGI7, STM32WBA55UGI7TR, STM32WBA5MMGH6TR, STM32WBA62MGF6, STM32WBA62MIF6, STM32WBA65MGF7, STM32WBA65MIF6, STM32WBA65MIF7, STM32WL30K8V6, STM32WL30KBV6, STM32WL31C8V6, STM32WL31CBV6, STM32WL31K8V6, STM32WL31KBV6, STM32WL33C8V6, STM32WL33C8V6X, STM32WL33CBV6, STM32WL33CBV6X, STM32WL33CCV6, STM32WL33CCV6A, STM32WL33CCV6X, STM32WL33K8V7, STM32WL33K8V7X, STM32WL33KBV7 , STM32WL33KBV7X, STM32WL33KCV7, STM32WL33KCV7X, STM32WL5MOCH6, STM32WL5MOCH6TR]
2025-09-20 14:26:36,507 [INFO] DbMcus:218 - Found 4801 MCUs, 4801 are supported
2025-09-20 14:26:36,509 [INFO] ApiDb:423 - Load user favorites file C:\Users\leoar/.stm32cubeide/favorites.mcus.txt: 0 item(s)
2025-09-20 14:26:36,509 [INFO] ApiDb:427 - User favorites MCUs=[]
2025-09-20 14:26:36,509 [INFO] DbMcus:224 - Set 0 / 0 favorites MCUs
2025-09-20 14:26:36,998 [INFO] ApiDb:414 - User favorites file not found: C:\Users\leoar/.stm32cubeide/favorites.boards.txt
2025-09-20 14:26:36,998 [INFO] DbBoards:198 - Set 0 / 0 favorites Boards
2025-09-20 14:26:37,060 [INFO] UtilMem:75 - End LoadConfig() Used Memory: 564142336 Bytes (926941184)
2025-09-20 14:26:37,213 [WARN] ThirdParty:833 - waiting for thirdparty lock release [change project]
2025-09-20 14:26:37,213 [INFO] ThirdParty:835 - entering critical section [change project]
2025-09-20 14:26:37,213 [INFO] ThirdParty:1030 - CMSIS Pack Vendor :STMicroelectronics X-CUBE-PM33A1 1.0.0
2025-09-20 14:26:37,213 [INFO] ThirdParty:1030 - CMSIS Pack Vendor :STMicroelectronics USBPD 4.1
2025-09-20 14:26:37,213 [INFO] ThirdParty:1030 - CMSIS Pack Vendor :STMicroelectronics X-CUBE-NFC9 1.0.0
2025-09-20 14:26:37,213 [INFO] ThirdParty:1030 - CMSIS Pack Vendor :STMicroelectronics USB_HOST 2.0.0
2025-09-20 14:26:37,213 [INFO] ThirdParty:1030 - CMSIS Pack Vendor :STMicroelectronics FP-SNS-MOTENVWB1 1.4.0
2025-09-20 14:26:37,213 [INFO] ThirdParty:1030 - CMSIS Pack Vendor :STMicroelectronics X-CUBE-AZRTOS-F4 1.1.0
2025-09-20 14:26:37,213 [INFO] ThirdParty:1030 - CMSIS Pack Vendor :STMicroelectronics LIBJPEG 8.0.0
2025-09-20 14:26:37,213 [INFO] ThirdParty:1030 - CMSIS Pack Vendor :STMicroelectronics FP-ATR-ASTRA1 2.0.2
2025-09-20 14:26:37,213 [INFO] ThirdParty:1030 - CMSIS Pack Vendor :wolfSSL I-CUBE-wolfSSL 5.8.2
2025-09-20 14:26:37,213 [INFO] ThirdParty:1030 - CMSIS Pack Vendor :STMicroelectronics X-CUBE-BLE1 7.1.0
2025-09-20 14:26:37,215 [INFO] ThirdParty:1030 - CMSIS Pack Vendor :Avnet-IotConnect X-CUBE-IoTC-DA16k-PMOD 1.0.0
2025-09-20 14:26:37,215 [INFO] ThirdParty:1030 - CMSIS Pack Vendor :STMicroelectronics X-CUBE-SMBUS 2.1.0
2025-09-20 14:26:37,215 [INFO] ThirdParty:1030 - CMSIS Pack Vendor :wolfSSL I-CUBE-wolfMQTT 1.19.2
2025-09-20 14:26:37,215 [INFO] ThirdParty:1030 - CMSIS Pack Vendor :STMicroelectronics USB_DEVICE 3.0.0
2025-09-20 14:26:37,215 [INFO] ThirdParty:1030 - CMSIS Pack Vendor :STMicroelectronics X-CUBE-ISPU 2.1.0
2025-09-20 14:26:37,215 [INFO] ThirdParty:1030 - CMSIS Pack Vendor :STMicroelectronics X-CUBE-EEPRMA1 5.2.0
2025-09-20 14:26:37,215 [INFO] ThirdParty:1030 - CMSIS Pack Vendor :STMicroelectronics X-CUBE-BLEMGR 4.1.0
2025-09-20 14:26:37,215 [INFO] ThirdParty:1030 - CMSIS Pack Vendor :STMicroelectronics X-CUBE-AZRTOS-WB 2.0.0
2025-09-20 14:26:37,215 [INFO] ThirdParty:1030 - CMSIS Pack Vendor :STMicroelectronics X-CUBE-ST60 1.0.0
2025-09-20 14:26:37,215 [INFO] ThirdParty:1030 - CMSIS Pack Vendor :STMicroelectronics X-CUBE-GNSS1 7.0.1
2025-09-20 14:26:37,215 [INFO] ThirdParty:1030 - CMSIS Pack Vendor :STMicroelectronics X-CUBE-NFC12 1.0.0
2025-09-20 14:26:37,215 [INFO] ThirdParty:1030 - CMSIS Pack Vendor :STMicroelectronics X-CUBE-AZRTOS-F7 1.1.0
2025-09-20 14:26:37,215 [INFO] ThirdParty:1030 - CMSIS Pack Vendor :STMicroelectronics X-CUBE-AZRTOS-L5 2.0.0
2025-09-20 14:26:37,215 [INFO] ThirdParty:1030 - CMSIS Pack Vendor :STMicroelectronics X-CUBE-TOUCHGFX 4.25.0
2025-09-20 14:26:37,215 [INFO] ThirdParty:1030 - CMSIS Pack Vendor :STMicroelectronics USB_DEVICE 2.0.0
2025-09-20 14:26:37,215 [INFO] ThirdParty:1030 - CMSIS Pack Vendor :STMicroelectronics X-CUBE-NFC6 3.1.0
2025-09-20 14:26:37,215 [INFO] ThirdParty:1030 - CMSIS Pack Vendor :quantropi X-CUBE-qispace-sdk-base 2.1.0
2025-09-20 14:26:37,215 [INFO] ThirdParty:1030 - CMSIS Pack Vendor :STMicroelectronics FreeRTOS 0.0.1
2025-09-20 14:26:37,215 [INFO] ThirdParty:1030 - CMSIS Pack Vendor :STMicroelectronics X-CUBE-AZRTOS-G0 1.1.0
2025-09-20 14:26:37,215 [INFO] ThirdParty:1030 - CMSIS Pack Vendor :STMicroelectronics X-CUBE-SAFEA1 1.2.2
2025-09-20 14:26:37,215 [INFO] ThirdParty:1030 - CMSIS Pack Vendor :STMicroelectronics X-CUBE-NFC4 3.0.0
2025-09-20 14:26:37,215 [INFO] ThirdParty:1030 - CMSIS Pack Vendor :STMicroelectronics X-CUBE-SUBG2 5.0.0
2025-09-20 14:26:37,216 [INFO] ThirdParty:1030 - CMSIS Pack Vendor :STMicroelectronics X-CUBE-AZRTOS-H7RS 1.1.0
2025-09-20 14:26:37,216 [INFO] ThirdParty:1030 - CMSIS Pack Vendor :STMicroelectronics STM32_WPAN 1.0.0
2025-09-20 14:26:37,216 [INFO] ThirdParty:1030 - CMSIS Pack Vendor :EmbeddedOffice I-CUBE-FS-RTOS 1.0.1
2025-09-20 14:26:37,216 [INFO] ThirdParty:1030 - CMSIS Pack Vendor :STMicroelectronics lwIP 2.0.3
2025-09-20 14:26:37,216 [INFO] ThirdParty:1030 - CMSIS Pack Vendor :WES I-CUBE-Cesium 1.4.0
2025-09-20 14:26:37,216 [INFO] ThirdParty:1030 - CMSIS Pack Vendor :Cesanta I-CUBE-Mongoose 7.13.0
2025-09-20 14:26:37,216 [INFO] ThirdParty:1030 - CMSIS Pack Vendor :STMicroelectronics USB_HOST 1.0.0
2025-09-20 14:26:37,216 [INFO] ThirdParty:1030 - CMSIS Pack Vendor :Infineon AIROC-Wi-Fi-Bluetooth-STM32 1.7.1
2025-09-20 14:26:37,216 [INFO] ThirdParty:1030 - CMSIS Pack Vendor :STMicroelectronics X-CUBE-AZRTOS-G4 2.0.0
2025-09-20 14:26:37,216 [INFO] ThirdParty:1030 - CMSIS Pack Vendor :STMicroelectronics X-CUBE-WB05N 2.0.0
2025-09-20 14:26:37,216 [INFO] ThirdParty:1030 - CMSIS Pack Vendor :STMicroelectronics PDM2PCM 3.1.0
2025-09-20 14:26:37,216 [INFO] ThirdParty:1030 - CMSIS Pack Vendor :STMicroelectronics PDM2PCM 3.3.0
2025-09-20 14:26:37,216 [INFO] ThirdParty:1030 - CMSIS Pack Vendor :wolfSSL I-CUBE-wolfTPM 3.8.0
2025-09-20 14:26:37,216 [INFO] ThirdParty:1030 - CMSIS Pack Vendor :STMicroelectronics X-CUBE-AZRTOS-H7 3.4.0
2025-09-20 14:26:37,216 [INFO] ThirdParty:1030 - CMSIS Pack Vendor :STMicroelectronics X-CUBE-DISPLAY 3.0.0
2025-09-20 14:26:37,216 [INFO] ThirdParty:1030 - CMSIS Pack Vendor :wolfSSL I-CUBE-wolfSSH 1.4.20
2025-09-20 14:26:37,216 [INFO] ThirdParty:1030 - CMSIS Pack Vendor :STMicroelectronics X-CUBE-NFC7 2.0.0
2025-09-20 14:26:37,216 [INFO] ThirdParty:1030 - CMSIS Pack Vendor :STMicroelectronics X-CUBE-TCPP 4.2.0
2025-09-20 14:26:37,216 [INFO] ThirdParty:1030 - CMSIS Pack Vendor :RealThread X-CUBE-RT-Thread_Nano 4.1.1
2025-09-20 14:26:37,216 [INFO] ThirdParty:1030 - CMSIS Pack Vendor :STMicroelectronics FP-ATR-SIGFOX1 3.2.0
2025-09-20 14:26:37,216 [INFO] ThirdParty:1030 - CMSIS Pack Vendor :STMicroelectronics X-CUBE-NFC10 1.0.0
2025-09-20 14:26:37,216 [INFO] ThirdParty:1030 - CMSIS Pack Vendor :STMicroelectronics X-CUBE-FREERTOS 1.3.1
2025-09-20 14:26:37,216 [INFO] ThirdParty:1030 - CMSIS Pack Vendor :STMicroelectronics HAL Drivers 0.0.0
2025-09-20 14:26:37,217 [INFO] ThirdParty:1030 - CMSIS Pack Vendor :STMicroelectronics MBEDTLS 2.16.2
2025-09-20 14:26:37,217 [INFO] ThirdParty:1030 - CMSIS Pack Vendor :STMicroelectronics X-CUBE-IPS 3.1.0
2025-09-20 14:26:37,217 [INFO] ThirdParty:1030 - CMSIS Pack Vendor :STMicroelectronics X-CUBE-ALS 1.0.2
2025-09-20 14:26:37,217 [INFO] ThirdParty:1030 - CMSIS Pack Vendor :emotas I-CUBE-CANOPEN 1.3.0
2025-09-20 14:26:37,217 [INFO] ThirdParty:1030 - CMSIS Pack Vendor :STMicroelectronics MBEDTLS 2.14.1
2025-09-20 14:26:37,217 [INFO] ThirdParty:1030 - CMSIS Pack Vendor :ITTIA_DB I-CUBE-ITTIADB 8.9.0
2025-09-20 14:26:37,217 [INFO] ThirdParty:1030 - CMSIS Pack Vendor :STMicroelectronics X-CUBE-STSE01 1.0.0
2025-09-20 14:26:37,217 [INFO] ThirdParty:1030 - CMSIS Pack Vendor :STMicroelectronics X-CUBE-ST67W61 1.0.0
2025-09-20 14:26:37,217 [INFO] ThirdParty:1030 - CMSIS Pack Vendor :STMicroelectronics FP-SNS-STBOX1 2.1.0
2025-09-20 14:26:37,217 [INFO] ThirdParty:1030 - CMSIS Pack Vendor :STMicroelectronics X-CUBE-AI 10.2.0
2025-09-20 14:26:37,217 [INFO] ThirdParty:1030 - CMSIS Pack Vendor :STMicroelectronics FP-SNS-STAIOTCFT 1.0.0
2025-09-20 14:26:37,217 [INFO] ThirdParty:1030 - CMSIS Pack Vendor :STMicroelectronics ThreadX 1.0.0
2025-09-20 14:26:37,217 [INFO] ThirdParty:1030 - CMSIS Pack Vendor :STMicroelectronics FP-SNS-SMARTAG2 1.2.0
2025-09-20 14:26:37,217 [INFO] ThirdParty:1030 - CMSIS Pack Vendor :STMicroelectronics FP-SNS-FLIGHT1 5.1.0
2025-09-20 14:26:37,217 [INFO] ThirdParty:1030 - CMSIS Pack Vendor :STMicroelectronics X-CUBE-AZRTOS-WL 2.0.0
2025-09-20 14:26:37,217 [INFO] ThirdParty:1030 - CMSIS Pack Vendor :SEGGER I-CUBE-embOS 1.3.1
2025-09-20 14:26:37,217 [INFO] ThirdParty:1030 - CMSIS Pack Vendor :STMicroelectronics X-CUBE-ALGOBUILD 1.4.0
2025-09-20 14:26:37,217 [INFO] ThirdParty:1030 - CMSIS Pack Vendor :STMicroelectronics X-CUBE-DPower 1.3.0
2025-09-20 14:26:37,217 [INFO] ThirdParty:1030 - CMSIS Pack Vendor :STMicroelectronics X-CUBE-MEMS1 11.3.0
2025-09-20 14:26:37,217 [INFO] ThirdParty:1030 - CMSIS Pack Vendor :STMicroelectronics FP-SNS-MOTENV1 5.0.0
2025-09-20 14:26:37,217 [INFO] ThirdParty:1030 - CMSIS Pack Vendor :STMicroelectronics USB_DEVICE 1.0.0
2025-09-20 14:26:37,217 [INFO] ThirdParty:1030 - CMSIS Pack Vendor :STMicroelectronics X-CUBE-AZRTOS-L4 2.0.0
2025-09-20 14:26:37,217 [INFO] ThirdParty:1030 - CMSIS Pack Vendor :STMicroelectronics ThreadX 0.0.2
2025-09-20 14:26:37,217 [INFO] ThirdParty:1030 - CMSIS Pack Vendor :STMicroelectronics lwIP 2.1.2
2025-09-20 14:26:37,217 [INFO] ThirdParty:1030 - CMSIS Pack Vendor :STMicroelectronics X-CUBE-SFXS2LP1 4.0.0
2025-09-20 14:26:37,218 [INFO] ThirdParty:1030 - CMSIS Pack Vendor :STMicroelectronics X-CUBE-BLE2 3.3.0
2025-09-20 14:26:37,218 [INFO] ThirdParty:1030 - CMSIS Pack Vendor :STMicroelectronics X-CUBE-TOF1 3.4.3
2025-09-20 14:26:37,218 [INFO] ThirdParty:1030 - CMSIS Pack Vendor :STMicroelectronics PDM2PCM 3.2.0
2025-09-20 14:26:37,218 [INFO] ThirdParty:841 - exiting critical section [change project]
2025-09-20 14:26:37,679 [INFO] PinOutPanel:1589 - setPackage(No Configuration,No Configuration)
2025-09-20 14:26:37,681 [INFO] PinOutPanel:1589 - setPackage(STM32F411CEUx,UFQFPN48)
2025-09-20 14:26:38,074 [INFO] UtilMem:75 - Before build in PCC Used Memory: 444031696 Bytes (926941184)
2025-09-20 14:26:38,877 [INFO] UtilMem:75 - After build in PCC Used Memory: 513764824 Bytes (926941184)
2025-09-20 14:26:38,913 [INFO] IPUIPlugin:80 - create IPUIPlugin
2025-09-20 14:26:38,914 [INFO] IPUIPlugin:80 - create IPUIPlugin
2025-09-20 14:26:38,914 [INFO] IPUIPlugin:80 - create IPUIPlugin
2025-09-20 14:26:38,914 [INFO] IPUIPlugin:80 - create IPUIPlugin
2025-09-20 14:26:38,914 [INFO] IPUIPlugin:80 - create IPUIPlugin
2025-09-20 14:26:38,914 [INFO] IPUIPlugin:80 - create IPUIPlugin
2025-09-20 14:26:38,914 [INFO] IPUIPlugin:80 - create IPUIPlugin
2025-09-20 14:26:38,914 [INFO] IPUIPlugin:80 - create IPUIPlugin
2025-09-20 14:26:38,915 [INFO] IPUIPlugin:80 - create IPUIPlugin
2025-09-20 14:26:38,915 [INFO] IPUIPlugin:80 - create IPUIPlugin
2025-09-20 14:26:38,915 [INFO] IPUIPlugin:80 - create IPUIPlugin
2025-09-20 14:26:38,915 [INFO] IPUIPlugin:80 - create IPUIPlugin
2025-09-20 14:26:38,915 [INFO] IPUIPlugin:80 - create IPUIPlugin
2025-09-20 14:26:38,915 [INFO] IPUIPlugin:80 - create IPUIPlugin
2025-09-20 14:26:38,915 [INFO] IPUIPlugin:80 - create IPUIPlugin
2025-09-20 14:26:38,915 [INFO] IPUIPlugin:80 - create IPUIPlugin
2025-09-20 14:26:38,916 [INFO] IPUIPlugin:80 - create IPUIPlugin
2025-09-20 14:26:38,916 [INFO] IPUIPlugin:80 - create IPUIPlugin
2025-09-20 14:26:38,916 [INFO] IPUIPlugin:80 - create IPUIPlugin
2025-09-20 14:26:38,916 [INFO] IPUIPlugin:80 - create IPUIPlugin
2025-09-20 14:26:38,916 [INFO] IPUIPlugin:80 - create IPUIPlugin
2025-09-20 14:26:38,916 [INFO] IPUIPlugin:80 - create IPUIPlugin
2025-09-20 14:26:38,917 [INFO] IPUIPlugin:80 - create IPUIPlugin
2025-09-20 14:26:38,917 [INFO] IPUIPlugin:80 - create IPUIPlugin
2025-09-20 14:26:38,917 [INFO] IPUIPlugin:80 - create IPUIPlugin
2025-09-20 14:26:38,917 [INFO] IPUIPlugin:80 - create IPUIPlugin
2025-09-20 14:26:38,917 [INFO] IPUIPlugin:80 - create IPUIPlugin
2025-09-20 14:26:38,917 [INFO] IPUIPlugin:80 - create IPUIPlugin
2025-09-20 14:26:38,919 [INFO] IPUIPlugin:80 - create IPUIPlugin
2025-09-20 14:26:38,919 [INFO] IPUIPlugin:80 - create IPUIPlugin
2025-09-20 14:26:38,919 [INFO] IPUIPlugin:80 - create IPUIPlugin
2025-09-20 14:26:38,919 [INFO] IPUIPlugin:80 - create IPUIPlugin
2025-09-20 14:26:38,919 [INFO] IPUIPlugin:80 - create IPUIPlugin
2025-09-20 14:26:38,919 [INFO] IPUIPlugin:80 - create IPUIPlugin
2025-09-20 14:26:38,920 [INFO] IPUIPlugin:80 - create IPUIPlugin
2025-09-20 14:26:38,920 [INFO] IPUIPlugin:80 - create IPUIPlugin
2025-09-20 14:26:38,920 [INFO] IPUIPlugin:80 - create IPUIPlugin
2025-09-20 14:26:38,920 [INFO] IPUIPlugin:80 - create IPUIPlugin
2025-09-20 14:26:38,920 [INFO] IPUIPlugin:80 - create IPUIPlugin
2025-09-20 14:26:38,920 [INFO] IPUIPlugin:80 - create IPUIPlugin
2025-09-20 14:26:38,920 [INFO] IPUIPlugin:80 - create IPUIPlugin
2025-09-20 14:26:38,921 [INFO] IPUIPlugin:80 - create IPUIPlugin
2025-09-20 14:26:38,921 [INFO] IPUIPlugin:80 - create IPUIPlugin
2025-09-20 14:26:39,001 [INFO] ApiDbMcu:532 - Load IP Config File for PDM2PCM
2025-09-20 14:26:39,010 [WARN] IP:2250 - I2C_Coeff_DF not found: check if there is a RefParameter without a condition.
2025-09-20 14:26:39,010 [WARN] IP:2250 - Analog_Filter not found: check if there is a RefParameter without a condition.
2025-09-20 14:26:39,193 [INFO] CADModel:165 - CPN selected for project levelSTM32F411CEU6
2025-09-20 14:26:39,194 [INFO] CADModel:114 - Register for checkConnection events
2025-09-20 14:26:39,255 [INFO] OpenFileManager:386 - Restore cursor
2025-09-20 14:26:39,425 [WARN] IP:2250 - I2C_Coeff_DF not found: check if there is a RefParameter without a condition.
2025-09-20 14:26:39,425 [WARN] IP:2250 - Analog_Filter not found: check if there is a RefParameter without a condition.
2025-09-20 14:26:39,425 [WARN] IP:2250 - I2C_Coeff_DF not found: check if there is a RefParameter without a condition.
2025-09-20 14:26:39,426 [WARN] IP:2250 - Analog_Filter not found: check if there is a RefParameter without a condition.
2025-09-20 14:29:16,737 [ERROR] AdobePublisher:162 - Exception while opening the connection: java.net.SocketTimeoutException: Connect timed out
2025-09-20 14:29:18,738 [ERROR] AdobePublisher:162 - Exception while opening the connection: java.net.SocketTimeoutException: Connect timed out
2025-09-20 14:29:20,739 [ERROR] AdobePublisher:162 - Exception while opening the connection: java.net.SocketTimeoutException: Connect timed out
2025-09-20 14:29:22,741 [ERROR] AdobePublisher:162 - Exception while opening the connection: java.net.SocketTimeoutException: Connect timed out
2025-09-20 14:29:24,742 [ERROR] AdobePublisher:162 - Exception while opening the connection: java.net.SocketTimeoutException: Connect timed out
2025-09-20 14:29:27,066 [ERROR] AdobePublisher:162 - Exception while opening the connection: java.net.SocketTimeoutException: Connect timed out
2025-09-20 14:29:29,067 [ERROR] AdobePublisher:162 - Exception while opening the connection: java.net.SocketTimeoutException: Connect timed out
2025-09-20 14:29:31,069 [ERROR] AdobePublisher:162 - Exception while opening the connection: java.net.SocketTimeoutException: Connect timed out
2025-09-20 14:29:33,070 [ERROR] AdobePublisher:162 - Exception while opening the connection: java.net.SocketTimeoutException: Connect timed out
2025-09-20 14:29:35,072 [ERROR] AdobePublisher:162 - Exception while opening the connection: java.net.SocketTimeoutException: Connect timed out
2025-09-20 14:29:48,586 [ERROR] AdobePublisher:162 - Exception while opening the connection: java.net.SocketTimeoutException: Connect timed out
2025-09-20 14:29:50,589 [ERROR] AdobePublisher:162 - Exception while opening the connection: java.net.SocketTimeoutException: Connect timed out
2025-09-20 14:29:52,590 [ERROR] AdobePublisher:162 - Exception while opening the connection: java.net.SocketTimeoutException: Connect timed out
2025-09-20 14:29:54,593 [ERROR] AdobePublisher:162 - Exception while opening the connection: java.net.SocketTimeoutException: Connect timed out
2025-09-20 14:29:56,595 [ERROR] AdobePublisher:162 - Exception while opening the connection: java.net.SocketTimeoutException: Connect timed out
2025-09-20 14:29:58,955 [ERROR] AdobePublisher:162 - Exception while opening the connection: java.net.SocketTimeoutException: Connect timed out
2025-09-20 14:30:00,956 [ERROR] AdobePublisher:162 - Exception while opening the connection: java.net.SocketTimeoutException: Connect timed out
2025-09-20 14:30:02,958 [ERROR] AdobePublisher:162 - Exception while opening the connection: java.net.SocketTimeoutException: Connect timed out
2025-09-20 14:30:04,959 [ERROR] AdobePublisher:162 - Exception while opening the connection: java.net.SocketTimeoutException: Connect timed out
2025-09-20 14:30:06,960 [ERROR] AdobePublisher:162 - Exception while opening the connection: java.net.SocketTimeoutException: Connect timed out
2025-09-20 14:44:49,972 [ERROR] AdobePublisher:162 - Exception while opening the connection: java.net.SocketTimeoutException: Connect timed out
2025-09-20 14:44:51,974 [ERROR] AdobePublisher:162 - Exception while opening the connection: java.net.SocketTimeoutException: Connect timed out
2025-09-20 14:44:53,975 [ERROR] AdobePublisher:162 - Exception while opening the connection: java.net.SocketTimeoutException: Connect timed out
2025-09-20 14:44:55,976 [ERROR] AdobePublisher:162 - Exception while opening the connection: java.net.SocketTimeoutException: Connect timed out
2025-09-20 14:44:57,977 [ERROR] AdobePublisher:162 - Exception while opening the connection: java.net.SocketTimeoutException: Connect timed out
2025-09-20 14:45:07,277 [ERROR] AdobePublisher:162 - Exception while opening the connection: java.net.SocketTimeoutException: Connect timed out
2025-09-20 14:45:09,279 [ERROR] AdobePublisher:162 - Exception while opening the connection: java.net.SocketTimeoutException: Connect timed out
2025-09-20 14:45:11,280 [ERROR] AdobePublisher:162 - Exception while opening the connection: java.net.SocketTimeoutException: Connect timed out
2025-09-20 14:45:13,283 [ERROR] AdobePublisher:162 - Exception while opening the connection: java.net.SocketTimeoutException: Connect timed out
2025-09-20 14:45:15,284 [ERROR] AdobePublisher:162 - Exception while opening the connection: java.net.SocketTimeoutException: Connect timed out
2025-09-20 14:47:45,319 [ERROR] AdobePublisher:162 - Exception while opening the connection: java.net.SocketTimeoutException: Connect timed out
2025-09-20 14:47:47,321 [ERROR] AdobePublisher:162 - Exception while opening the connection: java.net.SocketTimeoutException: Connect timed out
2025-09-20 14:47:49,323 [ERROR] AdobePublisher:162 - Exception while opening the connection: java.net.SocketTimeoutException: Connect timed out
2025-09-20 14:47:51,324 [ERROR] AdobePublisher:162 - Exception while opening the connection: java.net.SocketTimeoutException: Connect timed out
2025-09-20 14:47:53,326 [ERROR] AdobePublisher:162 - Exception while opening the connection: java.net.SocketTimeoutException: Connect timed out
2025-09-20 14:47:55,599 [ERROR] AdobePublisher:162 - Exception while opening the connection: java.net.SocketTimeoutException: Connect timed out
2025-09-20 14:47:57,602 [ERROR] AdobePublisher:162 - Exception while opening the connection: java.net.SocketTimeoutException: Connect timed out
2025-09-20 14:47:59,603 [ERROR] AdobePublisher:162 - Exception while opening the connection: java.net.SocketTimeoutException: Connect timed out
2025-09-20 14:48:01,604 [ERROR] AdobePublisher:162 - Exception while opening the connection: java.net.SocketTimeoutException: Connect timed out
2025-09-20 14:48:03,605 [ERROR] AdobePublisher:162 - Exception while opening the connection: java.net.SocketTimeoutException: Connect timed out
2025-09-20 14:56:00,980 [ERROR] AdobePublisher:162 - Exception while opening the connection: java.net.SocketTimeoutException: Connect timed out
2025-09-20 14:56:02,981 [ERROR] AdobePublisher:162 - Exception while opening the connection: java.net.SocketTimeoutException: Connect timed out
2025-09-20 14:56:04,983 [ERROR] AdobePublisher:162 - Exception while opening the connection: java.net.SocketTimeoutException: Connect timed out
2025-09-20 14:56:06,984 [ERROR] AdobePublisher:162 - Exception while opening the connection: java.net.SocketTimeoutException: Connect timed out
2025-09-20 14:56:08,985 [ERROR] AdobePublisher:162 - Exception while opening the connection: java.net.SocketTimeoutException: Connect timed out
2025-09-20 14:56:11,274 [ERROR] AdobePublisher:162 - Exception while opening the connection: java.net.SocketTimeoutException: Connect timed out
2025-09-20 14:56:13,275 [ERROR] AdobePublisher:162 - Exception while opening the connection: java.net.SocketTimeoutException: Connect timed out
2025-09-20 14:56:15,276 [ERROR] AdobePublisher:162 - Exception while opening the connection: java.net.SocketTimeoutException: Connect timed out
2025-09-20 14:56:17,278 [ERROR] AdobePublisher:162 - Exception while opening the connection: java.net.SocketTimeoutException: Connect timed out
2025-09-20 14:56:19,280 [ERROR] AdobePublisher:162 - Exception while opening the connection: java.net.SocketTimeoutException: Connect timed out
2025-09-20 14:57:14,533 [ERROR] AdobePublisher:162 - Exception while opening the connection: java.net.SocketTimeoutException: Connect timed out
2025-09-20 14:57:16,535 [ERROR] AdobePublisher:162 - Exception while opening the connection: java.net.SocketTimeoutException: Connect timed out
2025-09-20 14:57:18,536 [ERROR] AdobePublisher:162 - Exception while opening the connection: java.net.SocketTimeoutException: Connect timed out
2025-09-20 14:57:20,541 [ERROR] AdobePublisher:162 - Exception while opening the connection: java.net.SocketTimeoutException: Connect timed out
2025-09-20 14:57:22,543 [ERROR] AdobePublisher:162 - Exception while opening the connection: java.net.SocketTimeoutException: Connect timed out
2025-09-20 14:57:24,858 [ERROR] AdobePublisher:162 - Exception while opening the connection: java.net.SocketTimeoutException: Connect timed out
2025-09-20 14:57:26,860 [ERROR] AdobePublisher:162 - Exception while opening the connection: java.net.SocketTimeoutException: Connect timed out
2025-09-20 14:57:28,861 [ERROR] AdobePublisher:162 - Exception while opening the connection: java.net.SocketTimeoutException: Connect timed out
2025-09-20 14:57:30,863 [ERROR] AdobePublisher:162 - Exception while opening the connection: java.net.SocketTimeoutException: Connect timed out
2025-09-20 14:57:32,865 [ERROR] AdobePublisher:162 - Exception while opening the connection: java.net.SocketTimeoutException: Connect timed out
2025-09-20 15:00:01,300 [ERROR] AdobePublisher:162 - Exception while opening the connection: java.net.SocketTimeoutException: Connect timed out
2025-09-20 15:00:03,302 [ERROR] AdobePublisher:162 - Exception while opening the connection: java.net.SocketTimeoutException: Connect timed out
2025-09-20 15:00:05,304 [ERROR] AdobePublisher:162 - Exception while opening the connection: java.net.SocketTimeoutException: Connect timed out
2025-09-20 15:00:07,305 [ERROR] AdobePublisher:162 - Exception while opening the connection: java.net.SocketTimeoutException: Connect timed out
2025-09-20 15:00:09,306 [ERROR] AdobePublisher:162 - Exception while opening the connection: java.net.SocketTimeoutException: Connect timed out
2025-09-20 15:00:11,539 [ERROR] AdobePublisher:162 - Exception while opening the connection: java.net.SocketTimeoutException: Connect timed out
2025-09-20 15:00:13,541 [ERROR] AdobePublisher:162 - Exception while opening the connection: java.net.SocketTimeoutException: Connect timed out
2025-09-20 15:00:15,543 [ERROR] AdobePublisher:162 - Exception while opening the connection: java.net.SocketTimeoutException: Connect timed out
2025-09-20 15:00:17,544 [ERROR] AdobePublisher:162 - Exception while opening the connection: java.net.SocketTimeoutException: Connect timed out
2025-09-20 15:00:19,546 [ERROR] AdobePublisher:162 - Exception while opening the connection: java.net.SocketTimeoutException: Connect timed out
2025-09-20 15:00:45,545 [ERROR] AdobePublisher:162 - Exception while opening the connection: java.net.SocketTimeoutException: Connect timed out
2025-09-20 15:00:47,547 [ERROR] AdobePublisher:162 - Exception while opening the connection: java.net.SocketTimeoutException: Connect timed out
2025-09-20 15:00:49,548 [ERROR] AdobePublisher:162 - Exception while opening the connection: java.net.SocketTimeoutException: Connect timed out
2025-09-20 15:00:51,549 [ERROR] AdobePublisher:162 - Exception while opening the connection: java.net.SocketTimeoutException: Connect timed out
2025-09-20 15:00:53,550 [ERROR] AdobePublisher:162 - Exception while opening the connection: java.net.SocketTimeoutException: Connect timed out
2025-09-20 15:00:55,829 [ERROR] AdobePublisher:162 - Exception while opening the connection: java.net.SocketTimeoutException: Connect timed out
2025-09-20 15:00:57,830 [ERROR] AdobePublisher:162 - Exception while opening the connection: java.net.SocketTimeoutException: Connect timed out
2025-09-20 15:00:59,832 [ERROR] AdobePublisher:162 - Exception while opening the connection: java.net.SocketTimeoutException: Connect timed out
2025-09-20 15:01:01,834 [ERROR] AdobePublisher:162 - Exception while opening the connection: java.net.SocketTimeoutException: Connect timed out
2025-09-20 15:01:03,835 [ERROR] AdobePublisher:162 - Exception while opening the connection: java.net.SocketTimeoutException: Connect timed out
2025-09-20 15:01:50,638 [ERROR] AdobePublisher:162 - Exception while opening the connection: java.net.SocketTimeoutException: Connect timed out
2025-09-20 15:01:52,639 [ERROR] AdobePublisher:162 - Exception while opening the connection: java.net.SocketTimeoutException: Connect timed out
2025-09-20 15:01:54,640 [ERROR] AdobePublisher:162 - Exception while opening the connection: java.net.SocketTimeoutException: Connect timed out
2025-09-20 15:01:56,642 [ERROR] AdobePublisher:162 - Exception while opening the connection: java.net.SocketTimeoutException: Connect timed out
2025-09-20 15:01:58,643 [ERROR] AdobePublisher:162 - Exception while opening the connection: java.net.SocketTimeoutException: Connect timed out
2025-09-20 15:02:00,837 [ERROR] AdobePublisher:162 - Exception while opening the connection: java.net.SocketTimeoutException: Connect timed out
2025-09-20 15:02:02,838 [ERROR] AdobePublisher:162 - Exception while opening the connection: java.net.SocketTimeoutException: Connect timed out
2025-09-20 15:02:04,839 [ERROR] AdobePublisher:162 - Exception while opening the connection: java.net.SocketTimeoutException: Connect timed out
2025-09-20 15:02:06,840 [ERROR] AdobePublisher:162 - Exception while opening the connection: java.net.SocketTimeoutException: Connect timed out
2025-09-20 15:02:08,841 [ERROR] AdobePublisher:162 - Exception while opening the connection: java.net.SocketTimeoutException: Connect timed out
2025-09-20 15:08:15,717 [ERROR] AdobePublisher:162 - Exception while opening the connection: java.net.SocketTimeoutException: Connect timed out
2025-09-20 15:08:17,719 [ERROR] AdobePublisher:162 - Exception while opening the connection: java.net.SocketTimeoutException: Connect timed out
2025-09-20 15:08:19,720 [ERROR] AdobePublisher:162 - Exception while opening the connection: java.net.SocketTimeoutException: Connect timed out
2025-09-20 15:08:21,721 [ERROR] AdobePublisher:162 - Exception while opening the connection: java.net.SocketTimeoutException: Connect timed out
2025-09-20 15:08:23,722 [ERROR] AdobePublisher:162 - Exception while opening the connection: java.net.SocketTimeoutException: Connect timed out
2025-09-20 15:08:26,030 [ERROR] AdobePublisher:162 - Exception while opening the connection: java.net.SocketTimeoutException: Connect timed out
2025-09-20 15:08:28,032 [ERROR] AdobePublisher:162 - Exception while opening the connection: java.net.SocketTimeoutException: Connect timed out
2025-09-20 15:08:30,034 [ERROR] AdobePublisher:162 - Exception while opening the connection: java.net.SocketTimeoutException: Connect timed out
2025-09-20 15:08:32,035 [ERROR] AdobePublisher:162 - Exception while opening the connection: java.net.SocketTimeoutException: Connect timed out
2025-09-20 15:08:34,036 [ERROR] AdobePublisher:162 - Exception while opening the connection: java.net.SocketTimeoutException: Connect timed out
2025-09-20 15:11:59,789 [ERROR] AdobePublisher:162 - Exception while opening the connection: java.net.SocketTimeoutException: Connect timed out
2025-09-20 15:12:01,790 [ERROR] AdobePublisher:162 - Exception while opening the connection: java.net.SocketTimeoutException: Connect timed out
2025-09-20 15:12:03,791 [ERROR] AdobePublisher:162 - Exception while opening the connection: java.net.SocketTimeoutException: Connect timed out
2025-09-20 15:12:05,792 [ERROR] AdobePublisher:162 - Exception while opening the connection: java.net.SocketTimeoutException: Connect timed out
2025-09-20 15:12:07,793 [ERROR] AdobePublisher:162 - Exception while opening the connection: java.net.SocketTimeoutException: Connect timed out
2025-09-20 15:12:10,227 [ERROR] AdobePublisher:162 - Exception while opening the connection: java.net.SocketTimeoutException: Connect timed out
2025-09-20 15:12:12,229 [ERROR] AdobePublisher:162 - Exception while opening the connection: java.net.SocketTimeoutException: Connect timed out
2025-09-20 15:12:14,230 [ERROR] AdobePublisher:162 - Exception while opening the connection: java.net.SocketTimeoutException: Connect timed out
2025-09-20 15:12:16,232 [ERROR] AdobePublisher:162 - Exception while opening the connection: java.net.SocketTimeoutException: Connect timed out
2025-09-20 15:12:18,234 [ERROR] AdobePublisher:162 - Exception while opening the connection: java.net.SocketTimeoutException: Connect timed out
2025-09-20 15:40:38,797 [INFO] MainUpdater:2872 - connection check result : 10
2025-09-20 15:40:38,800 [INFO] McuFinderGlobals:76 - Set McuFinderConnectedMode to true
2025-09-20 15:40:39,088 [INFO] ServerAccessManage:452 - Complete download http(s) 200
2025-09-20 15:40:39,088 [INFO] ServerAccessManage:509 - Download File mcusAds.json._tmp_
2025-09-20 15:40:39,237 [INFO] LoadUrlFilesThread:156 - End of LoadUrlFiles Thread
2025-09-20 15:40:39,465 [INFO] ServerAccessManage:452 - Complete download http(s) 200
2025-09-20 15:40:39,466 [INFO] ServerAccessManage:509 - Download File cube-finder-db.zip
2025-09-20 15:40:40,284 [INFO] FileExtend:248 - Unzip File : cube-finder-db.zip
2025-09-20 15:40:40,284 [INFO] FileExtend:263 - Standard Zip Deflate
2025-09-20 15:40:41,143 [INFO] LoadUrlFilesThread:156 - End of LoadUrlFiles Thread
2025-09-20 15:40:41,880 [INFO] ServerAccessManage:452 - Complete download http(s) 200
2025-09-20 15:40:41,881 [INFO] ServerAccessManage:509 - Download File crdb.zip
2025-09-20 15:40:41,982 [INFO] FileExtend:248 - Unzip File : crdb.zip
2025-09-20 15:40:41,982 [INFO] FileExtend:263 - Standard Zip Deflate
2025-09-20 15:40:42,170 [INFO] LoadUrlFilesThread:156 - End of LoadUrlFiles Thread
2025-09-20 15:40:42,303 [INFO] ServerAccessManage:452 - Complete download http(s) 200
2025-09-20 15:40:42,303 [INFO] ServerAccessManage:509 - Download File tutoVideoDB.zip
2025-09-20 15:40:42,309 [INFO] FileExtend:248 - Unzip File : tutoVideoDB.zip
2025-09-20 15:40:42,309 [INFO] FileExtend:263 - Standard Zip Deflate
2025-09-20 15:40:42,446 [INFO] LoadUrlFilesThread:156 - End of LoadUrlFiles Thread
2025-09-20 15:40:42,448 [WARN] DbFile:41 - Overriding database path with different value: C:\Users\leoar\.stmcufinder\plugins\mcufinder/ => C:\Users\leoar\.stmcufinder\plugins\mcufinder
2025-09-20 15:40:42,566 [INFO] ServerAccessManage:452 - Complete download http(s) 200
2025-09-20 15:40:42,567 [INFO] ServerAccessManage:509 - Download File api_config.json
2025-09-20 15:40:42,701 [INFO] LoadUrlFilesThread:156 - End of LoadUrlFiles Thread
2025-09-20 15:40:42,702 [INFO] DbMcusAds:53 - JSON generation date=Tue Jul 08 10:14:23 CEST 2025 (1751962463524)
2025-09-20 15:40:42,709 [INFO] ApiDb:448 - Save user favorites file C:\Users\leoar/.stm32cubeide/favorites.mcus.txt: 0 item(s)
2025-09-20 15:40:42,709 [INFO] ApiDb:452 - User favorites MCUs=[]
2025-09-20 15:40:42,712 [INFO] ApiDb:581 - Connected to CubeFinder SQLite database (C:\Users\leoar\.stmcufinder\plugins\mcufinder\mcu\cube-finder-db.db)
2025-09-20 15:40:42,795 [INFO] ApiDb:668 - CubeFinder database Data Model version=2.1
2025-09-20 15:40:42,796 [INFO] ApiDb:669 - CubeFinder database Configuration version=3.0.39
2025-09-20 15:40:42,796 [INFO] ApiDb:670 - CubeFinder database generation date=2025-08-25 (1756130511)
2025-09-20 15:40:42,796 [INFO] ApiDb:671 - CubeFinder database FW Pack versions=[FP-ATR-ASTRA1_V2.0.0, FP-SNS-FLIGHT1_V5.1.0, FP-SNS-MOTENV1_V5.0.0, FP-SNS-MOTENVWB1_V1.4.0, FP-SNS-SMARTAG2_V1.2.0, FP-SNS-STBOX1_V2.1.0, STM32Cube_FW_C0_V1.4.0, STM32Cube_FW_F4_V1.28.3, STM32Cube_FW_F7_V1.17.4, STM32Cube_FW_G0_V1.6.2, STM32Cube_FW_G4_V1.6.1, STM32Cube_FW_H5_V1.5.0, STM32Cube_FW_H7RS_V1.2.0, STM32Cube_FW_H7_V1.12.1, STM32Cube_FW_L0_V1.12.2, STM32Cube_FW_L4_V1.18.1, STM32Cube_FW_L5_V1.5.1, STM32Cube_FW_N6_V1.2.0, STM32Cube_FW_U0_V1.3.0, STM32Cube_FW_U3_V1.2.0, STM32Cube_FW_U5_V1.8.0, STM32Cube_FW_WB0_V1.3.0, STM32Cube_FW_WBA_V1.7.0, STM32Cube_FW_WB_V1.23.0, STM32Cube_FW_WL3_V1.2.0, STM32Cube_FW_WL_V1.3.1, X-CUBE-ALGOBUILD_V1.4.0, X-CUBE-ALS_V1.0.2, X-CUBE-AZRTOS-F4_V1.1.0, X-CUBE-AZRTOS-F7_V1.1.0, X-CUBE-AZRTOS-G0_V1.1.0, X-CUBE-AZRTOS-G4_V2.0.0, X-CUBE-AZRTOS-H7RS_V1.1.0, X-CUBE-AZRTOS-H7_V3.4.0, X-CUBE-AZRTOS-L4_V2.0.0, X-CUBE-AZRTOS-L5_V2.0.0, X-CUBE-AZRTOS-WB_V2.0.0, X-CUBE-AZRTOS-WL_V2.0.0, X-CUBE-BLE1_V7.1.0, X-CUBE-BLE2_V3.3.0, X-CUBE-BLEMGR_V4.1.0, X-CUBE-EEPRMA1_V5.2.0, X-CUBE-FREERTOS_V1.3.1, X-CUBE-GNSS1_V6.0.0, X-CUBE-MEMS1_V11.3.0, X-CUBE-NFC4_V3.0.0, X-CUBE-NFC7_V2.0.0, X-CUBE-SFXS2LP1_V4.0.0, X-CUBE-ST67W61_V1.0.0, X-CUBE-SUBG2_V5.0.0, X-CUBE-TOF1_V3.4.3]
2025-09-20 15:40:45,277 [INFO] ApiDb:240 - Found 880 in-development CPN: [B-G473E-ZEST1S, B-WB1M-WPAN1, B-WBA5M-WPAN, B-WL5M-SUBG1, NUCLEO-C031C6, NUCLEO-C051C8, NUCLEO-C071RB, NUCLEO-C092RC, NUCLEO-H503RB, NUCLEO-H533RE, NUCLEO-H563ZI, NUCLEO-H7S3L8, NUCLEO-N657X0-Q, NUCLEO-U031R8, NUCLEO-U083RC, NUCLEO-U385RG-Q, NUCLEO-U545RE-Q, NUCLEO-U5A5ZJ-Q, NUCLEO-WB05KZ, NUCLEO-WB07CC, NUCLEO-WB09KE, NUCLEO-WBA52CG, NUCLEO-WBA55CG, NUCLEO-WL33CC1, NUCLEO-WL33CC2, STEVAL-PROTEUS1, STEVAL-SMARTAG2, STEVAL-STWINBX1, STM320518-EVAL, STM32C0116-DK, STM32C011D6Y3TR, STM32C011D6Y6TR, STM32C011F4P3, STM32C011F4P6, STM32C011F4U3, STM32C011F4U6TR, STM32C011F6P3, STM32C011F6P6, STM32C011F6U3, STM32C011F6U6TR, STM32C011J4M3, STM32C011J4M6, STM32C011J6M3, STM32C011J6M6, STM32C0316-DK, STM32C031C4T3, STM32C031C4T6, STM32C031C4U3, STM32C031C4U6, STM32C031C6T3, STM32C031C6T6, STM32C031C6U3, STM32C031C6U6, STM32C031F4P3, STM32C031F4P6, STM32C031F6P3, STM32C031F6P6, STM32C031G4U3, STM32C031G4U6, STM32C031G6U3, STM32C031G6U6, STM32C031K4T3, STM32C031K4T6, STM32C031K4U3, STM32C031K4U6, STM32C031K6T3, STM32C031K6T6, STM32C031K6U3, STM32C031K6U6, STM32C051C6T6, STM32C051C6U6, STM32C051C8T6, STM32C051C8U6, STM32C051D8Y6TR, STM32C051F6P6, STM32C051F8P6, STM32C051G6U6, STM32C051G8U6, STM32C051K6T6, STM32C051K6U6, STM32C051K8T6, STM32C071C8T6, STM32C071C8T6N, STM32C071C8U6, STM32C071C8U6N, STM32C071CBT6, STM32C071CBT6N, STM32C071CBU6, STM32C071CBU6N, STM32C071F8P6, STM32C071F8P6N, STM32C071FBP6, STM32C071FBP6N, STM32C071FBY6TR, STM32C071G8U6, STM32C071G8U6N, STM32C071GBU6, STM32C071GBU6N, STM32C071K8T6, STM32C071K8T6N, STM32C071K8U6, STM32C071K8U6N, STM32C071KBT6, STM32C071KBT6N, STM32C071KBU6, STM32C071KBU6N, STM32C071R8T6, STM32C071R8T6N, STM32C071RBI6N, STM32C071RBT6, STM32C071RBT6N, STM32C091CBT6, STM32C091CBU6, STM32C091CCT6, STM32C091CCU6, STM32C091ECY6TR, STM32C091FBP6, STM32C091FCP6, STM32C091GBU6, STM32C091GCU6, STM32C091KBT6, STM32C091KBU6, STM32C091KCT6, STM32C091KCU6, STM32C091RBT6, STM32C091RCI6, STM32C091RCT6, STM32C092CBT6, STM32C092CBU6, STM32C092CCT6, STM32C092CCU6, STM32C092ECY6TR, STM32C092FBP6, STM32C092FCP6, STM32C092GBU6, STM32C092GCU6, STM32C092KBT6, STM32C092KBU6, STM32C092KCT6, STM32C092KCU6, STM32C092RBT6, STM32C092RCI6, STM32C092RCT6, STM32G071K8TXN, STM32G071K8UXN, STM32G081GBU6N, STM32G081KBT6N, STM32G081KBUXN, STM32G0B1CCT6N, STM32G0B1KCT6, STM32G0B1NEY6TR, STM32G0B1RCT6N, STM32G0C1CCT6, STM32G0C1CCT6N, STM32G0C1CCU6N, STM32G0C1CET6N, STM32G0C1CEU6N, STM32G0C1KCT6, STM32G0C1NEY6TR, STM32G0C1RCI6N, STM32G0C1RCT6N, STM32G0C1REI6N, STM32G0C1RET6N, STM32G0C1VCI6, STM32G0C1VEI6, STM32G411C6T3, STM32G411C6T6, STM32G411C6U3, STM32G411C6U6, STM32G411C8T3, STM32G411C8T6, STM32G411C8U3, STM32G411C8U6, STM32G411CBT3, STM32G411CBT6, STM32G411CBU3, STM32G411CBU6, STM32G411K6T3, STM32G411K6T6, STM32G411K6U3, STM32G411K6U6, STM32G411K8T3, STM32G411K8T6, STM32G411K8U3, STM32G411K8U6, STM32G411KBT3, STM32G411KBT6, STM32G411KBU3, STM32G411KBU6, STM32G411M6T3, STM32G411M6T6, STM32G411M8T3, STM32G411M8T6, STM32G411MBT3, STM32G411MBT6, STM32G411R6T3, STM32G411R6T6, STM32G411R8T3, STM32G411R8T6, STM32G411RBT3, STM32G411RBT6, STM32G414CBT3, STM32G414CBT6, STM32G414CBU3, STM32G414CBU6, STM32G414CCT3, STM32G414CCT6, STM32G414CCU3, STM32G414CCU6, STM32G414MBT3, STM32G414MBT6, STM32G414MCT3, STM32G414MCT6, STM32G414RBT3, STM32G414RBT6, STM32G414RCT3, STM32G414RCT6, STM32G414VBT3, STM32G414VBT6, STM32G414VCT3, STM32G414VCT6, STM32G431CBT3Z, STM32G431RBT3Z, STM32G471CCT6, STM32G471CCU6, STM32G471CET3, STM32G471CET6, STM32G471CEU3, STM32G471CEU6, STM32G471MCT6, STM32G471MET3, STM32G471MET6, STM32G471MEY6TR, STM32G471QCT6, STM32G471QET3, STM32G471RCT6, STM32G471RET3, STM32G471RET6, STM32G471VCH6, STM32G471VCI6, STM32G471VCT6, STM32G471VEH3, STM32G471VEH6, STM32G471VEI3, STM32G471VEI6, STM32G471VET3, STM32G471VET6, STM32G473QET3Z, STM32G473RET3Z, STM32G474CCT6, STM32G491RET3Z, STM32H503CBT6, STM32H503CBU6, STM32H503EBY6TR, STM32H503KBU6, STM32H503RBT6, STM32H523CCT6, STM32H523CCU6, STM32H523CET6, STM32H523CEU6, STM32H523HEY6TR, STM32H523RCT6, STM32H523RET6, STM32H523VCI6, STM32H523VCT6, STM32H523VEI6, STM32H523VET6, STM32H523ZCJ6, STM32H523ZCT6, STM32H523ZEJ6, STM32H523ZET6, STM32H533CET6, STM32H533CEU6, STM32H533HEY6TR, STM32H533RET6, STM32H533VEI6, STM32H533VET6, STM32H533ZEJ6, STM32H533ZET6, STM32H562AGI6, STM32H562AII6, STM32H562IGK6, STM32H562IGT6, STM32H562IIK6, STM32H562IIT6, STM32H562RGT6, STM32H562RGV6, STM32H562RIT6, STM32H562RIV6, STM32H562VGT6, STM32H562VIT6, STM32H562ZGT6, STM32H562ZIT6, STM32H563AGI6, STM32H563AII3Q, STM32H563AII6, STM32H563IGK6, STM32H563IGT6, STM32H563IIK3Q, STM32H563IIK6, STM32H563IIT3Q, STM32H563IIT6, STM32H563MIY3QTR, STM32H563RGT6, STM32H563RGV6, STM32H563RIT6, STM32H563RIV6, STM32H563VGT6, STM32H563VIT3Q, STM32H563VIT6, STM32H563ZGT6, STM32H563ZIT3Q, STM32H563ZIT6, STM32H573AII3Q, STM32H573AII6, STM32H573I-DK, STM32H573IIK3Q, STM32H573IIK6, STM32H573IIT3Q, STM32H573IIT6, STM32H573MIY3QTR, STM32H573RIT6, STM32H573RIV6, STM32H573VIT3Q, STM32H573VIT6, STM32H573ZIT3Q, STM32H573ZIT6, STM32H7R3A8I6, STM32H7R3I8K6, STM32H7R3I8T6, STM32H7R3L8H6, STM32H7R3L8H6H, STM32H7R3R8V6, STM32H7R3V8H6, STM32H7R3V8T6, STM32H7R3V8Y6TR, STM32H7R3Z8J6, STM32H7R3Z8T6, STM32H7R7A8I6, STM32H7R7I8K6, STM32H7R7I8T6, STM32H7R7L8H6, STM32H7R7L8H6H, STM32H7R7Z8J6, STM32H7S3A8I6, STM32H7S3I8K6, STM32H7S3I8T6, STM32H7S3L8H6, STM32H7S3L8H6H, STM32H7S3R8V6, STM32H7S3V8H6, STM32H7S3V8T6, STM32H7S3V8Y6TR, STM32H7S3Z8J6, STM32H7S3Z8T6, STM32H7S78-DK, STM32H7S7A8I6, STM32H7S7I8K6, STM32H7S7I8T6, STM32H7S7L8H6, STM32H7S7L8H6H, STM32H7S7Z8J6, STM32L4R5QGI6STR, STM32MP131AAE3, STM32MP131AAF3, STM32MP131AAG3, STM32MP131CAE3, STM32MP131CAF3, STM32MP131CAG3, STM32MP131DAE7, STM32MP131DAF7, STM32MP131DAG7, STM32MP131FAE7, STM32MP131FAF7, STM32MP131FAG7, STM32MP133AAE3, STM32MP133AAF3, STM32MP133AAG3, STM32MP133CAE3, STM32MP133CAF3, STM32MP133CAG3, STM32MP133DAE7, STM32MP133DAF7, STM32MP133DAG7, STM32MP133FAE7, STM32MP133FAF7, STM32MP133FAG7, STM32MP135AAE3, STM32MP135AAF3, STM32MP135AAG3, STM32MP135CAE3, STM32MP135CAF3, STM32MP135CAG3, STM32MP135DAE7, STM32MP135DAF7, STM32MP135DAG7, STM32MP135F-DK, STM32MP135FAE7, STM32MP135FAF7, STM32MP135FAF7T, STM32MP135FAF7U, STM32MP135FAG7, STM32MP211AAL3, STM32MP211AAM3, STM32MP211AAN3, STM32MP211AAO3, STM32MP211CAL3, STM32MP211CAM3, STM32MP211CAN3, STM32MP211CAO3, STM32MP211DAL3, STM32MP211DAM3, STM32MP211DAN3, STM32MP211DAO3, STM32MP211FAL3, STM32MP211FAM3, STM32MP211FAN3, STM32MP211FAO3, STM32MP213AAL3, STM32MP213AAM3, STM32MP213AAN3, STM32MP213AAO3, STM32MP213CAL3, STM32MP213CAM3, STM32MP213CAN3, STM32MP213CAO3, STM32MP213DAL3, STM32MP213DAM3, STM32MP213DAN3, STM32MP213DAO3, STM32MP213FAL3, STM32MP213FAM3, STM32MP213FAN3, STM32MP213FAO3, STM32MP215AAL3, STM32MP215AAM3, STM32MP215AAN3, STM32MP215AAO3, STM32MP215CAL3, STM32MP215CAM3, STM32MP215CAN3, STM32MP215CAO3, STM32MP215DAL3, STM32MP215DAM3, STM32MP215DAN3, STM32MP215DAO3, STM32MP215F-DK, STM32MP215FAL3, STM32MP215FAM3, STM32MP215FAN3, STM32MP215FAO3, STM32MP231AAJ3, STM32MP231AAK3, STM32MP231AAL3, STM32MP231CAJ3, STM32MP231CAK3, STM32MP231CAL3, STM32MP231DAJ3, STM32MP231DAK3, STM32MP231DAL3, STM32MP231FAJ3, STM32MP231FAK3, STM32MP231FAL3, STM32MP233AAJ3, STM32MP233AAK3, STM32MP233AAL3, STM32MP233CAJ3, STM32MP233CAK3, STM32MP233CAL3, STM32MP233DAJ3, STM32MP233DAK3, STM32MP233DAL3, STM32MP233FAJ3, STM32MP233FAK3, STM32MP233FAL3, STM32MP235AAJ3, STM32MP235AAK3, STM32MP235AAL3, STM32MP235CAJ3, STM32MP235CAK3, STM32MP235CAL3, STM32MP235DAJ3, STM32MP235DAK3, STM32MP235DAL3, STM32MP235FAJ3, STM32MP235FAK3, STM32MP235FAL3, STM32MP251AAI3, STM32MP251AAK3, STM32MP251AAL3, STM32MP251CAI3, STM32MP251CAK3, STM32MP251CAL3, STM32MP251DAI3, STM32MP251DAK3, STM32MP251DAL3, STM32MP251FAI3, STM32MP251FAK3, STM32MP251FAL3, STM32MP253AAI3, STM32MP253AAK3, STM32MP253AAL3, STM32MP253CAI3, STM32MP253CAK3, STM32MP253CAL3, STM32MP253DAI3, STM32MP253DAK3, STM32MP253DAL3, STM32MP253FAI3, STM32MP253FAK3, STM32MP253FAL3, STM32MP255AAI3, STM32MP255AAK3, STM32MP255AAL3, STM32MP255CAI3, STM32MP255CAK3, STM32MP255CAL3, STM32MP255DAI3, STM32MP255DAK3, STM32MP255DAL3, STM32MP255FAI3, STM32MP255FAK3, STM32MP255FAL3, STM32MP257AAI3, STM32MP257AAK3, STM32MP257AAL3, STM32MP257CAI3, STM32MP257CAK3, STM32MP257CAL3, STM32MP257DAI3, STM32MP257DAK3, STM32MP257DAL3, STM32MP257F-DK, STM32MP257F-EV1, STM32MP257FAI3, STM32MP257FAK3, STM32MP257FAL3, STM32N645A0H3Q, STM32N645B0H3Q, STM32N645I0H3Q, STM32N645L0H3Q, STM32N645X0H3Q, STM32N645Z0H3Q, STM32N647A0H3Q, STM32N647B0H3Q, STM32N647I0H3Q, STM32N647L0H3Q, STM32N647X0H3Q, STM32N647Z0H3Q, STM32N655A0H3Q, STM32N655B0H3Q, STM32N655I0H3Q, STM32N655L0H3Q, STM32N655X0H3Q, STM32N655Z0H3Q, STM32N6570-DK, STM32N657A0H3Q, STM32N657B0H3Q, STM32N657I0H3Q, STM32N657L0H3Q, STM32N657X0H3Q, STM32N657Z0H3Q, STM32U031C6T6, STM32U031C6U6, STM32U031C8T6, STM32U031C8U6, STM32U031F4P6, STM32U031F6P6, STM32U031F8P6, STM32U031G6Y6TR, STM32U031G8Y6TR, STM32U031K4U6, STM32U031K6U6, STM32U031K8U6, STM32U031R6I6, STM32U031R6T6, STM32U031R8I6, STM32U031R8T6, STM32U073C8T6, STM32U073C8U6, STM32U073CBT6, STM32U073CBU6, STM32U073CCT6, STM32U073CCU6, STM32U073H8Y6TR, STM32U073HBY6TR, STM32U073HCY6TR, STM32U073K8U6, STM32U073KBU6, STM32U073KCU6, STM32U073M8I6, STM32U073M8T6, STM32U073MBI6, STM32U073MBT6, STM32U073MCI6, STM32U073MCT6, STM32U073R8I6, STM32U073R8T6, STM32U073RBI6, STM32U073RBT6, STM32U073RCI6, STM32U073RCT6, STM32U083C-DK, STM32U083CCT6, STM32U083CCU6, STM32U083HCY6TR, STM32U083KCU6, STM32U083MCI6, STM32U083MCT6, STM32U083RCI6, STM32U083RCT6, STM32U375CET6, STM32U375CET6Q, STM32U375CEU6, STM32U375CEU6Q, STM32U375CEY6QTR, STM32U375CGT6, STM32U375CGT6Q, STM32U375CGU6, STM32U375CGU6Q, STM32U375CGY6QTR, STM32U375KEU6, STM32U375KGU6, STM32U375REI6, STM32U375REI6Q, STM32U375RET6, STM32U375RET6Q, STM32U375REY6GTR, STM32U375REY6QTR, STM32U375RGI6, STM32U375RGI6Q, STM32U375RGT6, STM32U375RGT6Q, STM32U375RGY6GTR, STM32U375RGY6QTR, STM32U375VEI6, STM32U375VEI6Q, STM32U375VET6, STM32U375VET6Q, STM32U375VGI6, STM32U375VGI6Q, STM32U375VGT6, STM32U375VGT6Q, STM32U385CGT6, STM32U385CGT6Q, STM32U385CGU6, STM32U385CGU6Q, STM32U385CGY6QTR, STM32U385KGU6, STM32U385RGI6, STM32U385RGI6Q, STM32U385RGT6, STM32U385RGT6Q, STM32U385RGY6GTR, STM32U385RGY6QTR, STM32U385VGI6, STM32U385VGI6Q, STM32U385VGT6, STM32U385VGT6Q, STM32U535CBT6, STM32U535CBT6Q, STM32U535CBU6, STM32U535CBU6Q, STM32U535CCT6, STM32U535CCT6Q, STM32U535CCU6, STM32U535CCU6Q, STM32U535CET6, STM32U535CET6Q, STM32U535CEU6, STM32U535CEU6Q, STM32U535JEY6QTR, STM32U535NCY6QTR, STM32U535NEY6QTR, STM32U535RBI6, STM32U535RBI6Q, STM32U535RBT6, STM32U535RBT6Q, STM32U535RCI6, STM32U535RCI6Q, STM32U535RCT6, STM32U535RCT6Q, STM32U535REI6, STM32U535REI6Q, STM32U535RET6, STM32U535RET6Q, STM32U535VCI6, STM32U535VCI6Q, STM32U535VCT6, STM32U535VCT6Q, STM32U535VEI6, STM32U535VEI6Q, STM32U535VET6, STM32U535VET6Q, STM32U545CET6, STM32U545CET6Q, STM32U545CEU6, STM32U545CEU6Q, STM32U545JEY6QTR, STM32U545NEY6QTR, STM32U545REI6, STM32U545REI6Q, STM32U545RET6, STM32U545RET6Q, STM32U545VEI6, STM32U545VEI6Q, STM32U545VET6, STM32U545VET6Q, STM32U595AIH6, STM32U595AIH6Q, STM32U595AJH6, STM32U595AJH6Q, STM32U595QII6, STM32U595QII6Q, STM32U595QJI6, STM32U595QJI6Q, STM32U595RIT6, STM32U595RIT6Q, STM32U595RJT6, STM32U595RJT6Q, STM32U595VIT6, STM32U595VIT6Q, STM32U595VJT6, STM32U595VJT6Q, STM32U595ZIT6, STM32U595ZIT6Q, STM32U595ZIY6QTR, STM32U595ZJT6, STM32U595ZJT6Q, STM32U595ZJY6QTR, STM32U599BJY6QTR, STM32U599NIH6Q, STM32U599NJH6Q, STM32U599VIT6Q, STM32U599VJT6, STM32U599VJT6Q, STM32U599ZIT6Q, STM32U599ZIY6QTR, STM32U599ZJT6Q, STM32U599ZJY6QTR, STM32U5A5AJH6, STM32U5A5AJH6Q, STM32U5A5QII3Q , STM32U5A5QJI6, STM32U5A5QJI6Q, STM32U5A5RJT6, STM32U5A5RJT6Q, STM32U5A5VJT6, STM32U5A5VJT6Q, STM32U5A5ZJT6, STM32U5A5ZJT6Q, STM32U5A5ZJY6QTR, STM32U5A9BJY6QTR, STM32U5A9J-DK, STM32U5A9NJH6Q, STM32U5A9VJT6Q, STM32U5A9ZJT6Q, STM32U5A9ZJY6QTR, STM32U5F7VIT6, STM32U5F7VIT6Q, STM32U5F7VJT6, STM32U5F7VJT6Q, STM32U5F9BJY6QTR, STM32U5F9NJH6Q, STM32U5F9VIT6Q, STM32U5F9VJT6Q, STM32U5F9ZIJ6QTR, STM32U5F9ZIT6Q, STM32U5F9ZJJ6QTR, STM32U5F9ZJT6Q, STM32U5G7VJT6, STM32U5G7VJT6Q, STM32U5G9BJY6QTR, STM32U5G9J-DK1, STM32U5G9J-DK2, STM32U5G9NJH6Q, STM32U5G9VJT6Q, STM32U5G9ZJJ6QTR, STM32U5G9ZJT6Q, STM32WB05KZV6TR, STM32WB05KZV7TR, STM32WB05TZF6TR, STM32WB05TZF7TR, STM32WB06CCF6TR, STM32WB06CCF7TR, STM32WB06CCV6TR, STM32WB06CCV7TR, STM32WB06KCV6TR, STM32WB06KCV7TR, STM32WB07CCF6TR, STM32WB07CCF7TR, STM32WB07CCV6TR, STM32WB07CCV7TR, STM32WB07KCV6TR, STM32WB07KCV7TR, STM32WB09KEV6TR, STM32WB09KEV7TR, STM32WB09TEF6TR, STM32WB09TEF7TR, STM32WB1MMCH6, STM32WBA50KGU6, STM32WBA50KGU6TR, STM32WBA52CEU6, STM32WBA52CEU6TR, STM32WBA52CEU7, STM32WBA52CEU7TR, STM32WBA52CGU6, STM32WBA52CGU6TR, STM32WBA52CGU6U, STM32WBA52CGU7, STM32WBA52CGU7TR, STM32WBA52KEU6, STM32WBA52KEU6TR, STM32WBA52KGU6, STM32WBA52KGU6TR, STM32WBA54CEU6, STM32WBA54CEU6TR, STM32WBA54CEU7, STM32WBA54CEU7TR, STM32WBA54CGU6, STM32WBA54CGU6TR, STM32WBA54CGU7, STM32WBA54CGU7TR, STM32WBA54KEU6, STM32WBA54KEU6TR, STM32WBA54KEU7, STM32WBA54KEU7TR, STM32WBA54KGU6, STM32WBA54KGU6TR, STM32WBA54KGU7, STM32WBA54KGU7TR, STM32WBA55CEU6, STM32WBA55CEU6TR, STM32WBA55CEU7, STM32WBA55CEU7TR, STM32WBA55CGU6, STM32WBA55CGU6TR, STM32WBA55CGU6U, STM32WBA55CGU7, STM32WBA55CGU7TR, STM32WBA55G-DK1, STM32WBA55HEF6, STM32WBA55HEF7, STM32WBA55HGF6, STM32WBA55HGF7, STM32WBA55UEI6, STM32WBA55UEI6TR, STM32WBA55UEI7, STM32WBA55UEI7TR, STM32WBA55UGI6, STM32WBA55UGI6TR, STM32WBA55UGI7, STM32WBA55UGI7TR, STM32WBA5MMGH6TR, STM32WBA62MGF6, STM32WBA62MIF6, STM32WBA65MGF7, STM32WBA65MIF6, STM32WBA65MIF7, STM32WL30K8V6, STM32WL30KBV6, STM32WL31C8V6, STM32WL31CBV6, STM32WL31K8V6, STM32WL31KBV6, STM32WL33C8V6, STM32WL33C8V6X, STM32WL33CBV6, STM32WL33CBV6X, STM32WL33CCV6, STM32WL33CCV6A, STM32WL33CCV6X, STM32WL33K8V7, STM32WL33K8V7X, STM32WL33KBV7 , STM32WL33KBV7X, STM32WL33KCV7, STM32WL33KCV7X, STM32WL5MOCH6, STM32WL5MOCH6TR]
2025-09-20 15:40:45,280 [INFO] DbMcus:218 - Found 4801 MCUs, 4801 are supported
2025-09-20 15:40:45,280 [INFO] ApiDb:423 - Load user favorites file C:\Users\leoar/.stm32cubeide/favorites.mcus.txt: 0 item(s)
2025-09-20 15:40:45,280 [INFO] ApiDb:427 - User favorites MCUs=[]
2025-09-20 15:40:45,280 [INFO] DbMcus:224 - Set 0 / 0 favorites MCUs
2025-09-20 15:40:45,894 [INFO] ApiDb:448 - Save user favorites file C:\Users\leoar/.stm32cubeide/favorites.boards.txt: 0 item(s)
2025-09-20 15:40:45,894 [INFO] ApiDb:452 - User favorites Boards=[]
2025-09-20 15:40:45,896 [INFO] ApiDb:581 - Connected to CubeFinder SQLite database (C:\Users\leoar\.stmcufinder\plugins\mcufinder\mcu\cube-finder-db.db)
2025-09-20 15:40:45,980 [INFO] ApiDb:668 - CubeFinder database Data Model version=2.1
2025-09-20 15:40:45,980 [INFO] ApiDb:669 - CubeFinder database Configuration version=3.0.39
2025-09-20 15:40:45,980 [INFO] ApiDb:670 - CubeFinder database generation date=2025-08-25 (1756130511)
2025-09-20 15:40:45,980 [INFO] ApiDb:671 - CubeFinder database FW Pack versions=[FP-ATR-ASTRA1_V2.0.0, FP-SNS-FLIGHT1_V5.1.0, FP-SNS-MOTENV1_V5.0.0, FP-SNS-MOTENVWB1_V1.4.0, FP-SNS-SMARTAG2_V1.2.0, FP-SNS-STBOX1_V2.1.0, STM32Cube_FW_C0_V1.4.0, STM32Cube_FW_F4_V1.28.3, STM32Cube_FW_F7_V1.17.4, STM32Cube_FW_G0_V1.6.2, STM32Cube_FW_G4_V1.6.1, STM32Cube_FW_H5_V1.5.0, STM32Cube_FW_H7RS_V1.2.0, STM32Cube_FW_H7_V1.12.1, STM32Cube_FW_L0_V1.12.2, STM32Cube_FW_L4_V1.18.1, STM32Cube_FW_L5_V1.5.1, STM32Cube_FW_N6_V1.2.0, STM32Cube_FW_U0_V1.3.0, STM32Cube_FW_U3_V1.2.0, STM32Cube_FW_U5_V1.8.0, STM32Cube_FW_WB0_V1.3.0, STM32Cube_FW_WBA_V1.7.0, STM32Cube_FW_WB_V1.23.0, STM32Cube_FW_WL3_V1.2.0, STM32Cube_FW_WL_V1.3.1, X-CUBE-ALGOBUILD_V1.4.0, X-CUBE-ALS_V1.0.2, X-CUBE-AZRTOS-F4_V1.1.0, X-CUBE-AZRTOS-F7_V1.1.0, X-CUBE-AZRTOS-G0_V1.1.0, X-CUBE-AZRTOS-G4_V2.0.0, X-CUBE-AZRTOS-H7RS_V1.1.0, X-CUBE-AZRTOS-H7_V3.4.0, X-CUBE-AZRTOS-L4_V2.0.0, X-CUBE-AZRTOS-L5_V2.0.0, X-CUBE-AZRTOS-WB_V2.0.0, X-CUBE-AZRTOS-WL_V2.0.0, X-CUBE-BLE1_V7.1.0, X-CUBE-BLE2_V3.3.0, X-CUBE-BLEMGR_V4.1.0, X-CUBE-EEPRMA1_V5.2.0, X-CUBE-FREERTOS_V1.3.1, X-CUBE-GNSS1_V6.0.0, X-CUBE-MEMS1_V11.3.0, X-CUBE-NFC4_V3.0.0, X-CUBE-NFC7_V2.0.0, X-CUBE-SFXS2LP1_V4.0.0, X-CUBE-ST67W61_V1.0.0, X-CUBE-SUBG2_V5.0.0, X-CUBE-TOF1_V3.4.3]
2025-09-20 15:40:46,034 [INFO] DbBoardsSqlite:226 - include board P-NUCLEO-WB55-NUCLEO as a kit item of type 'Nucleo-64'
2025-09-20 15:40:46,034 [INFO] DbBoardsSqlite:226 - include board P-NUCLEO-WB55-USBDONGLE as a kit item of type 'Nucleo USB Dongle'
2025-09-20 15:40:46,034 [INFO] DbBoardsSqlite:226 - include board STEVAL-IDP005V1 as a kit item of type 'Evaluation Board'
2025-09-20 15:40:46,035 [INFO] DbBoardsSqlite:226 - include board STEVAL-IDP005V2 as a kit item of type 'Evaluation Board'
2025-09-20 15:40:46,112 [INFO] ApiDb:240 - Found 880 in-development CPN: [B-G473E-ZEST1S, B-WB1M-WPAN1, B-WBA5M-WPAN, B-WL5M-SUBG1, NUCLEO-C031C6, NUCLEO-C051C8, NUCLEO-C071RB, NUCLEO-C092RC, NUCLEO-H503RB, NUCLEO-H533RE, NUCLEO-H563ZI, NUCLEO-H7S3L8, NUCLEO-N657X0-Q, NUCLEO-U031R8, NUCLEO-U083RC, NUCLEO-U385RG-Q, NUCLEO-U545RE-Q, NUCLEO-U5A5ZJ-Q, NUCLEO-WB05KZ, NUCLEO-WB07CC, NUCLEO-WB09KE, NUCLEO-WBA52CG, NUCLEO-WBA55CG, NUCLEO-WL33CC1, NUCLEO-WL33CC2, STEVAL-PROTEUS1, STEVAL-SMARTAG2, STEVAL-STWINBX1, STM320518-EVAL, STM32C0116-DK, STM32C011D6Y3TR, STM32C011D6Y6TR, STM32C011F4P3, STM32C011F4P6, STM32C011F4U3, STM32C011F4U6TR, STM32C011F6P3, STM32C011F6P6, STM32C011F6U3, STM32C011F6U6TR, STM32C011J4M3, STM32C011J4M6, STM32C011J6M3, STM32C011J6M6, STM32C0316-DK, STM32C031C4T3, STM32C031C4T6, STM32C031C4U3, STM32C031C4U6, STM32C031C6T3, STM32C031C6T6, STM32C031C6U3, STM32C031C6U6, STM32C031F4P3, STM32C031F4P6, STM32C031F6P3, STM32C031F6P6, STM32C031G4U3, STM32C031G4U6, STM32C031G6U3, STM32C031G6U6, STM32C031K4T3, STM32C031K4T6, STM32C031K4U3, STM32C031K4U6, STM32C031K6T3, STM32C031K6T6, STM32C031K6U3, STM32C031K6U6, STM32C051C6T6, STM32C051C6U6, STM32C051C8T6, STM32C051C8U6, STM32C051D8Y6TR, STM32C051F6P6, STM32C051F8P6, STM32C051G6U6, STM32C051G8U6, STM32C051K6T6, STM32C051K6U6, STM32C051K8T6, STM32C071C8T6, STM32C071C8T6N, STM32C071C8U6, STM32C071C8U6N, STM32C071CBT6, STM32C071CBT6N, STM32C071CBU6, STM32C071CBU6N, STM32C071F8P6, STM32C071F8P6N, STM32C071FBP6, STM32C071FBP6N, STM32C071FBY6TR, STM32C071G8U6, STM32C071G8U6N, STM32C071GBU6, STM32C071GBU6N, STM32C071K8T6, STM32C071K8T6N, STM32C071K8U6, STM32C071K8U6N, STM32C071KBT6, STM32C071KBT6N, STM32C071KBU6, STM32C071KBU6N, STM32C071R8T6, STM32C071R8T6N, STM32C071RBI6N, STM32C071RBT6, STM32C071RBT6N, STM32C091CBT6, STM32C091CBU6, STM32C091CCT6, STM32C091CCU6, STM32C091ECY6TR, STM32C091FBP6, STM32C091FCP6, STM32C091GBU6, STM32C091GCU6, STM32C091KBT6, STM32C091KBU6, STM32C091KCT6, STM32C091KCU6, STM32C091RBT6, STM32C091RCI6, STM32C091RCT6, STM32C092CBT6, STM32C092CBU6, STM32C092CCT6, STM32C092CCU6, STM32C092ECY6TR, STM32C092FBP6, STM32C092FCP6, STM32C092GBU6, STM32C092GCU6, STM32C092KBT6, STM32C092KBU6, STM32C092KCT6, STM32C092KCU6, STM32C092RBT6, STM32C092RCI6, STM32C092RCT6, STM32G071K8TXN, STM32G071K8UXN, STM32G081GBU6N, STM32G081KBT6N, STM32G081KBUXN, STM32G0B1CCT6N, STM32G0B1KCT6, STM32G0B1NEY6TR, STM32G0B1RCT6N, STM32G0C1CCT6, STM32G0C1CCT6N, STM32G0C1CCU6N, STM32G0C1CET6N, STM32G0C1CEU6N, STM32G0C1KCT6, STM32G0C1NEY6TR, STM32G0C1RCI6N, STM32G0C1RCT6N, STM32G0C1REI6N, STM32G0C1RET6N, STM32G0C1VCI6, STM32G0C1VEI6, STM32G411C6T3, STM32G411C6T6, STM32G411C6U3, STM32G411C6U6, STM32G411C8T3, STM32G411C8T6, STM32G411C8U3, STM32G411C8U6, STM32G411CBT3, STM32G411CBT6, STM32G411CBU3, STM32G411CBU6, STM32G411K6T3, STM32G411K6T6, STM32G411K6U3, STM32G411K6U6, STM32G411K8T3, STM32G411K8T6, STM32G411K8U3, STM32G411K8U6, STM32G411KBT3, STM32G411KBT6, STM32G411KBU3, STM32G411KBU6, STM32G411M6T3, STM32G411M6T6, STM32G411M8T3, STM32G411M8T6, STM32G411MBT3, STM32G411MBT6, STM32G411R6T3, STM32G411R6T6, STM32G411R8T3, STM32G411R8T6, STM32G411RBT3, STM32G411RBT6, STM32G414CBT3, STM32G414CBT6, STM32G414CBU3, STM32G414CBU6, STM32G414CCT3, STM32G414CCT6, STM32G414CCU3, STM32G414CCU6, STM32G414MBT3, STM32G414MBT6, STM32G414MCT3, STM32G414MCT6, STM32G414RBT3, STM32G414RBT6, STM32G414RCT3, STM32G414RCT6, STM32G414VBT3, STM32G414VBT6, STM32G414VCT3, STM32G414VCT6, STM32G431CBT3Z, STM32G431RBT3Z, STM32G471CCT6, STM32G471CCU6, STM32G471CET3, STM32G471CET6, STM32G471CEU3, STM32G471CEU6, STM32G471MCT6, STM32G471MET3, STM32G471MET6, STM32G471MEY6TR, STM32G471QCT6, STM32G471QET3, STM32G471RCT6, STM32G471RET3, STM32G471RET6, STM32G471VCH6, STM32G471VCI6, STM32G471VCT6, STM32G471VEH3, STM32G471VEH6, STM32G471VEI3, STM32G471VEI6, STM32G471VET3, STM32G471VET6, STM32G473QET3Z, STM32G473RET3Z, STM32G474CCT6, STM32G491RET3Z, STM32H503CBT6, STM32H503CBU6, STM32H503EBY6TR, STM32H503KBU6, STM32H503RBT6, STM32H523CCT6, STM32H523CCU6, STM32H523CET6, STM32H523CEU6, STM32H523HEY6TR, STM32H523RCT6, STM32H523RET6, STM32H523VCI6, STM32H523VCT6, STM32H523VEI6, STM32H523VET6, STM32H523ZCJ6, STM32H523ZCT6, STM32H523ZEJ6, STM32H523ZET6, STM32H533CET6, STM32H533CEU6, STM32H533HEY6TR, STM32H533RET6, STM32H533VEI6, STM32H533VET6, STM32H533ZEJ6, STM32H533ZET6, STM32H562AGI6, STM32H562AII6, STM32H562IGK6, STM32H562IGT6, STM32H562IIK6, STM32H562IIT6, STM32H562RGT6, STM32H562RGV6, STM32H562RIT6, STM32H562RIV6, STM32H562VGT6, STM32H562VIT6, STM32H562ZGT6, STM32H562ZIT6, STM32H563AGI6, STM32H563AII3Q, STM32H563AII6, STM32H563IGK6, STM32H563IGT6, STM32H563IIK3Q, STM32H563IIK6, STM32H563IIT3Q, STM32H563IIT6, STM32H563MIY3QTR, STM32H563RGT6, STM32H563RGV6, STM32H563RIT6, STM32H563RIV6, STM32H563VGT6, STM32H563VIT3Q, STM32H563VIT6, STM32H563ZGT6, STM32H563ZIT3Q, STM32H563ZIT6, STM32H573AII3Q, STM32H573AII6, STM32H573I-DK, STM32H573IIK3Q, STM32H573IIK6, STM32H573IIT3Q, STM32H573IIT6, STM32H573MIY3QTR, STM32H573RIT6, STM32H573RIV6, STM32H573VIT3Q, STM32H573VIT6, STM32H573ZIT3Q, STM32H573ZIT6, STM32H7R3A8I6, STM32H7R3I8K6, STM32H7R3I8T6, STM32H7R3L8H6, STM32H7R3L8H6H, STM32H7R3R8V6, STM32H7R3V8H6, STM32H7R3V8T6, STM32H7R3V8Y6TR, STM32H7R3Z8J6, STM32H7R3Z8T6, STM32H7R7A8I6, STM32H7R7I8K6, STM32H7R7I8T6, STM32H7R7L8H6, STM32H7R7L8H6H, STM32H7R7Z8J6, STM32H7S3A8I6, STM32H7S3I8K6, STM32H7S3I8T6, STM32H7S3L8H6, STM32H7S3L8H6H, STM32H7S3R8V6, STM32H7S3V8H6, STM32H7S3V8T6, STM32H7S3V8Y6TR, STM32H7S3Z8J6, STM32H7S3Z8T6, STM32H7S78-DK, STM32H7S7A8I6, STM32H7S7I8K6, STM32H7S7I8T6, STM32H7S7L8H6, STM32H7S7L8H6H, STM32H7S7Z8J6, STM32L4R5QGI6STR, STM32MP131AAE3, STM32MP131AAF3, STM32MP131AAG3, STM32MP131CAE3, STM32MP131CAF3, STM32MP131CAG3, STM32MP131DAE7, STM32MP131DAF7, STM32MP131DAG7, STM32MP131FAE7, STM32MP131FAF7, STM32MP131FAG7, STM32MP133AAE3, STM32MP133AAF3, STM32MP133AAG3, STM32MP133CAE3, STM32MP133CAF3, STM32MP133CAG3, STM32MP133DAE7, STM32MP133DAF7, STM32MP133DAG7, STM32MP133FAE7, STM32MP133FAF7, STM32MP133FAG7, STM32MP135AAE3, STM32MP135AAF3, STM32MP135AAG3, STM32MP135CAE3, STM32MP135CAF3, STM32MP135CAG3, STM32MP135DAE7, STM32MP135DAF7, STM32MP135DAG7, STM32MP135F-DK, STM32MP135FAE7, STM32MP135FAF7, STM32MP135FAF7T, STM32MP135FAF7U, STM32MP135FAG7, STM32MP211AAL3, STM32MP211AAM3, STM32MP211AAN3, STM32MP211AAO3, STM32MP211CAL3, STM32MP211CAM3, STM32MP211CAN3, STM32MP211CAO3, STM32MP211DAL3, STM32MP211DAM3, STM32MP211DAN3, STM32MP211DAO3, STM32MP211FAL3, STM32MP211FAM3, STM32MP211FAN3, STM32MP211FAO3, STM32MP213AAL3, STM32MP213AAM3, STM32MP213AAN3, STM32MP213AAO3, STM32MP213CAL3, STM32MP213CAM3, STM32MP213CAN3, STM32MP213CAO3, STM32MP213DAL3, STM32MP213DAM3, STM32MP213DAN3, STM32MP213DAO3, STM32MP213FAL3, STM32MP213FAM3, STM32MP213FAN3, STM32MP213FAO3, STM32MP215AAL3, STM32MP215AAM3, STM32MP215AAN3, STM32MP215AAO3, STM32MP215CAL3, STM32MP215CAM3, STM32MP215CAN3, STM32MP215CAO3, STM32MP215DAL3, STM32MP215DAM3, STM32MP215DAN3, STM32MP215DAO3, STM32MP215F-DK, STM32MP215FAL3, STM32MP215FAM3, STM32MP215FAN3, STM32MP215FAO3, STM32MP231AAJ3, STM32MP231AAK3, STM32MP231AAL3, STM32MP231CAJ3, STM32MP231CAK3, STM32MP231CAL3, STM32MP231DAJ3, STM32MP231DAK3, STM32MP231DAL3, STM32MP231FAJ3, STM32MP231FAK3, STM32MP231FAL3, STM32MP233AAJ3, STM32MP233AAK3, STM32MP233AAL3, STM32MP233CAJ3, STM32MP233CAK3, STM32MP233CAL3, STM32MP233DAJ3, STM32MP233DAK3, STM32MP233DAL3, STM32MP233FAJ3, STM32MP233FAK3, STM32MP233FAL3, STM32MP235AAJ3, STM32MP235AAK3, STM32MP235AAL3, STM32MP235CAJ3, STM32MP235CAK3, STM32MP235CAL3, STM32MP235DAJ3, STM32MP235DAK3, STM32MP235DAL3, STM32MP235FAJ3, STM32MP235FAK3, STM32MP235FAL3, STM32MP251AAI3, STM32MP251AAK3, STM32MP251AAL3, STM32MP251CAI3, STM32MP251CAK3, STM32MP251CAL3, STM32MP251DAI3, STM32MP251DAK3, STM32MP251DAL3, STM32MP251FAI3, STM32MP251FAK3, STM32MP251FAL3, STM32MP253AAI3, STM32MP253AAK3, STM32MP253AAL3, STM32MP253CAI3, STM32MP253CAK3, STM32MP253CAL3, STM32MP253DAI3, STM32MP253DAK3, STM32MP253DAL3, STM32MP253FAI3, STM32MP253FAK3, STM32MP253FAL3, STM32MP255AAI3, STM32MP255AAK3, STM32MP255AAL3, STM32MP255CAI3, STM32MP255CAK3, STM32MP255CAL3, STM32MP255DAI3, STM32MP255DAK3, STM32MP255DAL3, STM32MP255FAI3, STM32MP255FAK3, STM32MP255FAL3, STM32MP257AAI3, STM32MP257AAK3, STM32MP257AAL3, STM32MP257CAI3, STM32MP257CAK3, STM32MP257CAL3, STM32MP257DAI3, STM32MP257DAK3, STM32MP257DAL3, STM32MP257F-DK, STM32MP257F-EV1, STM32MP257FAI3, STM32MP257FAK3, STM32MP257FAL3, STM32N645A0H3Q, STM32N645B0H3Q, STM32N645I0H3Q, STM32N645L0H3Q, STM32N645X0H3Q, STM32N645Z0H3Q, STM32N647A0H3Q, STM32N647B0H3Q, STM32N647I0H3Q, STM32N647L0H3Q, STM32N647X0H3Q, STM32N647Z0H3Q, STM32N655A0H3Q, STM32N655B0H3Q, STM32N655I0H3Q, STM32N655L0H3Q, STM32N655X0H3Q, STM32N655Z0H3Q, STM32N6570-DK, STM32N657A0H3Q, STM32N657B0H3Q, STM32N657I0H3Q, STM32N657L0H3Q, STM32N657X0H3Q, STM32N657Z0H3Q, STM32U031C6T6, STM32U031C6U6, STM32U031C8T6, STM32U031C8U6, STM32U031F4P6, STM32U031F6P6, STM32U031F8P6, STM32U031G6Y6TR, STM32U031G8Y6TR, STM32U031K4U6, STM32U031K6U6, STM32U031K8U6, STM32U031R6I6, STM32U031R6T6, STM32U031R8I6, STM32U031R8T6, STM32U073C8T6, STM32U073C8U6, STM32U073CBT6, STM32U073CBU6, STM32U073CCT6, STM32U073CCU6, STM32U073H8Y6TR, STM32U073HBY6TR, STM32U073HCY6TR, STM32U073K8U6, STM32U073KBU6, STM32U073KCU6, STM32U073M8I6, STM32U073M8T6, STM32U073MBI6, STM32U073MBT6, STM32U073MCI6, STM32U073MCT6, STM32U073R8I6, STM32U073R8T6, STM32U073RBI6, STM32U073RBT6, STM32U073RCI6, STM32U073RCT6, STM32U083C-DK, STM32U083CCT6, STM32U083CCU6, STM32U083HCY6TR, STM32U083KCU6, STM32U083MCI6, STM32U083MCT6, STM32U083RCI6, STM32U083RCT6, STM32U375CET6, STM32U375CET6Q, STM32U375CEU6, STM32U375CEU6Q, STM32U375CEY6QTR, STM32U375CGT6, STM32U375CGT6Q, STM32U375CGU6, STM32U375CGU6Q, STM32U375CGY6QTR, STM32U375KEU6, STM32U375KGU6, STM32U375REI6, STM32U375REI6Q, STM32U375RET6, STM32U375RET6Q, STM32U375REY6GTR, STM32U375REY6QTR, STM32U375RGI6, STM32U375RGI6Q, STM32U375RGT6, STM32U375RGT6Q, STM32U375RGY6GTR, STM32U375RGY6QTR, STM32U375VEI6, STM32U375VEI6Q, STM32U375VET6, STM32U375VET6Q, STM32U375VGI6, STM32U375VGI6Q, STM32U375VGT6, STM32U375VGT6Q, STM32U385CGT6, STM32U385CGT6Q, STM32U385CGU6, STM32U385CGU6Q, STM32U385CGY6QTR, STM32U385KGU6, STM32U385RGI6, STM32U385RGI6Q, STM32U385RGT6, STM32U385RGT6Q, STM32U385RGY6GTR, STM32U385RGY6QTR, STM32U385VGI6, STM32U385VGI6Q, STM32U385VGT6, STM32U385VGT6Q, STM32U535CBT6, STM32U535CBT6Q, STM32U535CBU6, STM32U535CBU6Q, STM32U535CCT6, STM32U535CCT6Q, STM32U535CCU6, STM32U535CCU6Q, STM32U535CET6, STM32U535CET6Q, STM32U535CEU6, STM32U535CEU6Q, STM32U535JEY6QTR, STM32U535NCY6QTR, STM32U535NEY6QTR, STM32U535RBI6, STM32U535RBI6Q, STM32U535RBT6, STM32U535RBT6Q, STM32U535RCI6, STM32U535RCI6Q, STM32U535RCT6, STM32U535RCT6Q, STM32U535REI6, STM32U535REI6Q, STM32U535RET6, STM32U535RET6Q, STM32U535VCI6, STM32U535VCI6Q, STM32U535VCT6, STM32U535VCT6Q, STM32U535VEI6, STM32U535VEI6Q, STM32U535VET6, STM32U535VET6Q, STM32U545CET6, STM32U545CET6Q, STM32U545CEU6, STM32U545CEU6Q, STM32U545JEY6QTR, STM32U545NEY6QTR, STM32U545REI6, STM32U545REI6Q, STM32U545RET6, STM32U545RET6Q, STM32U545VEI6, STM32U545VEI6Q, STM32U545VET6, STM32U545VET6Q, STM32U595AIH6, STM32U595AIH6Q, STM32U595AJH6, STM32U595AJH6Q, STM32U595QII6, STM32U595QII6Q, STM32U595QJI6, STM32U595QJI6Q, STM32U595RIT6, STM32U595RIT6Q, STM32U595RJT6, STM32U595RJT6Q, STM32U595VIT6, STM32U595VIT6Q, STM32U595VJT6, STM32U595VJT6Q, STM32U595ZIT6, STM32U595ZIT6Q, STM32U595ZIY6QTR, STM32U595ZJT6, STM32U595ZJT6Q, STM32U595ZJY6QTR, STM32U599BJY6QTR, STM32U599NIH6Q, STM32U599NJH6Q, STM32U599VIT6Q, STM32U599VJT6, STM32U599VJT6Q, STM32U599ZIT6Q, STM32U599ZIY6QTR, STM32U599ZJT6Q, STM32U599ZJY6QTR, STM32U5A5AJH6, STM32U5A5AJH6Q, STM32U5A5QII3Q , STM32U5A5QJI6, STM32U5A5QJI6Q, STM32U5A5RJT6, STM32U5A5RJT6Q, STM32U5A5VJT6, STM32U5A5VJT6Q, STM32U5A5ZJT6, STM32U5A5ZJT6Q, STM32U5A5ZJY6QTR, STM32U5A9BJY6QTR, STM32U5A9J-DK, STM32U5A9NJH6Q, STM32U5A9VJT6Q, STM32U5A9ZJT6Q, STM32U5A9ZJY6QTR, STM32U5F7VIT6, STM32U5F7VIT6Q, STM32U5F7VJT6, STM32U5F7VJT6Q, STM32U5F9BJY6QTR, STM32U5F9NJH6Q, STM32U5F9VIT6Q, STM32U5F9VJT6Q, STM32U5F9ZIJ6QTR, STM32U5F9ZIT6Q, STM32U5F9ZJJ6QTR, STM32U5F9ZJT6Q, STM32U5G7VJT6, STM32U5G7VJT6Q, STM32U5G9BJY6QTR, STM32U5G9J-DK1, STM32U5G9J-DK2, STM32U5G9NJH6Q, STM32U5G9VJT6Q, STM32U5G9ZJJ6QTR, STM32U5G9ZJT6Q, STM32WB05KZV6TR, STM32WB05KZV7TR, STM32WB05TZF6TR, STM32WB05TZF7TR, STM32WB06CCF6TR, STM32WB06CCF7TR, STM32WB06CCV6TR, STM32WB06CCV7TR, STM32WB06KCV6TR, STM32WB06KCV7TR, STM32WB07CCF6TR, STM32WB07CCF7TR, STM32WB07CCV6TR, STM32WB07CCV7TR, STM32WB07KCV6TR, STM32WB07KCV7TR, STM32WB09KEV6TR, STM32WB09KEV7TR, STM32WB09TEF6TR, STM32WB09TEF7TR, STM32WB1MMCH6, STM32WBA50KGU6, STM32WBA50KGU6TR, STM32WBA52CEU6, STM32WBA52CEU6TR, STM32WBA52CEU7, STM32WBA52CEU7TR, STM32WBA52CGU6, STM32WBA52CGU6TR, STM32WBA52CGU6U, STM32WBA52CGU7, STM32WBA52CGU7TR, STM32WBA52KEU6, STM32WBA52KEU6TR, STM32WBA52KGU6, STM32WBA52KGU6TR, STM32WBA54CEU6, STM32WBA54CEU6TR, STM32WBA54CEU7, STM32WBA54CEU7TR, STM32WBA54CGU6, STM32WBA54CGU6TR, STM32WBA54CGU7, STM32WBA54CGU7TR, STM32WBA54KEU6, STM32WBA54KEU6TR, STM32WBA54KEU7, STM32WBA54KEU7TR, STM32WBA54KGU6, STM32WBA54KGU6TR, STM32WBA54KGU7, STM32WBA54KGU7TR, STM32WBA55CEU6, STM32WBA55CEU6TR, STM32WBA55CEU7, STM32WBA55CEU7TR, STM32WBA55CGU6, STM32WBA55CGU6TR, STM32WBA55CGU6U, STM32WBA55CGU7, STM32WBA55CGU7TR, STM32WBA55G-DK1, STM32WBA55HEF6, STM32WBA55HEF7, STM32WBA55HGF6, STM32WBA55HGF7, STM32WBA55UEI6, STM32WBA55UEI6TR, STM32WBA55UEI7, STM32WBA55UEI7TR, STM32WBA55UGI6, STM32WBA55UGI6TR, STM32WBA55UGI7, STM32WBA55UGI7TR, STM32WBA5MMGH6TR, STM32WBA62MGF6, STM32WBA62MIF6, STM32WBA65MGF7, STM32WBA65MIF6, STM32WBA65MIF7, STM32WL30K8V6, STM32WL30KBV6, STM32WL31C8V6, STM32WL31CBV6, STM32WL31K8V6, STM32WL31KBV6, STM32WL33C8V6, STM32WL33C8V6X, STM32WL33CBV6, STM32WL33CBV6X, STM32WL33CCV6, STM32WL33CCV6A, STM32WL33CCV6X, STM32WL33K8V7, STM32WL33K8V7X, STM32WL33KBV7 , STM32WL33KBV7X, STM32WL33KCV7, STM32WL33KCV7X, STM32WL5MOCH6, STM32WL5MOCH6TR]
2025-09-20 15:40:46,375 [INFO] BoardInfo:889 - No configuration file found for board P-NUCLEO-WB55
2025-09-20 15:40:46,377 [INFO] DbBoards:161 - Kit is not supported: P-NUCLEO-WB55
2025-09-20 15:40:46,387 [INFO] BoardInfo:889 - No configuration file found for board STEVAL-BFA001V1B
2025-09-20 15:40:46,388 [INFO] DbBoards:161 - Kit is not supported: STEVAL-BFA001V1B
2025-09-20 15:40:46,389 [INFO] BoardInfo:889 - No configuration file found for board STEVAL-BFA001V2B
2025-09-20 15:40:46,391 [INFO] DbBoards:161 - Kit is not supported: STEVAL-BFA001V2B
2025-09-20 15:40:46,657 [INFO] DbBoards:168 - Found 212 boards, 209 are supported
2025-09-20 15:40:46,657 [INFO] DbBoards:169 - Found 212 boards, 43 of them is supported for  Bsp
2025-09-20 15:40:46,661 [INFO] ApiDb:423 - Load user favorites file C:\Users\leoar/.stm32cubeide/favorites.boards.txt: 0 item(s)
2025-09-20 15:40:46,661 [INFO] ApiDb:427 - User favorites Boards=[]
2025-09-20 15:40:46,661 [INFO] DbBoards:198 - Set 0 / 0 favorites Boards
2025-09-20 15:40:46,689 [INFO] LoadUrlFilesThread:185 - End of LoadServerUrlFiles without Thread
2025-09-20 15:40:46,690 [INFO] TargetSelectorAdapter:259 - Refresh data is successful
2025-09-20 15:40:46,692 [INFO] ApiDb:668 - CubeFinder database Data Model version=2.1
2025-09-20 15:40:46,692 [INFO] ApiDb:669 - CubeFinder database Configuration version=3.0.39
2025-09-20 15:40:46,692 [INFO] ApiDb:670 - CubeFinder database generation date=2025-08-25 (1756130511)
2025-09-20 15:40:46,692 [INFO] ApiDb:671 - CubeFinder database FW Pack versions=[FP-ATR-ASTRA1_V2.0.0, FP-SNS-FLIGHT1_V5.1.0, FP-SNS-MOTENV1_V5.0.0, FP-SNS-MOTENVWB1_V1.4.0, FP-SNS-SMARTAG2_V1.2.0, FP-SNS-STBOX1_V2.1.0, STM32Cube_FW_C0_V1.4.0, STM32Cube_FW_F4_V1.28.3, STM32Cube_FW_F7_V1.17.4, STM32Cube_FW_G0_V1.6.2, STM32Cube_FW_G4_V1.6.1, STM32Cube_FW_H5_V1.5.0, STM32Cube_FW_H7RS_V1.2.0, STM32Cube_FW_H7_V1.12.1, STM32Cube_FW_L0_V1.12.2, STM32Cube_FW_L4_V1.18.1, STM32Cube_FW_L5_V1.5.1, STM32Cube_FW_N6_V1.2.0, STM32Cube_FW_U0_V1.3.0, STM32Cube_FW_U3_V1.2.0, STM32Cube_FW_U5_V1.8.0, STM32Cube_FW_WB0_V1.3.0, STM32Cube_FW_WBA_V1.7.0, STM32Cube_FW_WB_V1.23.0, STM32Cube_FW_WL3_V1.2.0, STM32Cube_FW_WL_V1.3.1, X-CUBE-ALGOBUILD_V1.4.0, X-CUBE-ALS_V1.0.2, X-CUBE-AZRTOS-F4_V1.1.0, X-CUBE-AZRTOS-F7_V1.1.0, X-CUBE-AZRTOS-G0_V1.1.0, X-CUBE-AZRTOS-G4_V2.0.0, X-CUBE-AZRTOS-H7RS_V1.1.0, X-CUBE-AZRTOS-H7_V3.4.0, X-CUBE-AZRTOS-L4_V2.0.0, X-CUBE-AZRTOS-L5_V2.0.0, X-CUBE-AZRTOS-WB_V2.0.0, X-CUBE-AZRTOS-WL_V2.0.0, X-CUBE-BLE1_V7.1.0, X-CUBE-BLE2_V3.3.0, X-CUBE-BLEMGR_V4.1.0, X-CUBE-EEPRMA1_V5.2.0, X-CUBE-FREERTOS_V1.3.1, X-CUBE-GNSS1_V6.0.0, X-CUBE-MEMS1_V11.3.0, X-CUBE-NFC4_V3.0.0, X-CUBE-NFC7_V2.0.0, X-CUBE-SFXS2LP1_V4.0.0, X-CUBE-ST67W61_V1.0.0, X-CUBE-SUBG2_V5.0.0, X-CUBE-TOF1_V3.4.3]
2025-09-20 15:40:47,407 [ERROR] DbExamplesSqlite:437 - Missing JSON key: board_cpn
2025-09-20 15:40:47,407 [ERROR] DbExamplesSqlite:437 - Missing JSON key: board_cpn
2025-09-20 15:40:47,407 [ERROR] DbExamplesSqlite:437 - Missing JSON key: board_cpn
2025-09-20 15:40:47,408 [ERROR] DbExamplesSqlite:437 - Missing JSON key: board_cpn
2025-09-20 15:40:47,715 [ERROR] DbExamplesSqlite:437 - Missing JSON key: board_cpn
2025-09-20 15:40:47,716 [ERROR] DbExamplesSqlite:437 - Missing JSON key: board_cpn
2025-09-20 15:40:47,719 [INFO] DbExamplesSqlite:395 - Ignored 33 examples not supported by CubeIDE
2025-09-20 15:40:47,720 [INFO] DbExamplesSqlite:396 - Found 10871 examples active
2025-09-20 15:40:47,720 [INFO] DbExamplesSqlite:397 - Found 0 examples obsolete
2025-09-20 15:40:47,720 [INFO] DbExamplesSqlite:398 - Found 0 examples under development
2025-09-20 15:40:47,721 [INFO] DbExamplesSqlite:399 - Found 65 examples not building
2025-09-20 15:40:47,723 [INFO] DbExamples:125 - Found 10903 examples
2025-09-20 15:40:47,743 [INFO] DbExamples:222 - Found 134 boards with related examples
2025-09-20 15:40:47,744 [INFO] DbExamples:235 - Found 111 MCUs with related examples
2025-09-20 15:40:47,771 [INFO] ApiDb:414 - User favorites file not found: C:\Users\leoar/.stm32cubeide/favorites.examples.txt
2025-09-20 15:40:47,772 [INFO] DbExamples:250 - Set 0 / 0 favorites Examples
2025-09-20 15:40:47,878 [INFO] McuFinderGlobals:76 - Set McuFinderConnectedMode to true
2025-09-20 15:40:47,887 [INFO] MultiScanPanel:200 - Auto-refresh data requested => check proxy status ongoing
2025-09-20 15:40:47,890 [INFO] FinderPluginLoader:96 - Searching for filters in installed packs
2025-09-20 15:40:49,437 [INFO] LoadUrlFilesThread:185 - End of LoadServerUrlFiles without Thread
2025-09-20 15:40:49,526 [INFO] DetailPanel:341 - Set advertising image to C:/Users/leoar/STM32Cube/Repository/\en.2400x1350px.jpeg
2025-09-20 15:41:26,836 [INFO] MainUpdater:2872 - connection check result : 10
2025-09-20 15:41:26,836 [INFO] MainUpdater:2872 - connection check result : 10
2025-09-20 15:41:26,930 [INFO] MicroXplorer:468 - Change Database Path : 
2025-09-20 15:41:26,930 [INFO] MicroXplorer:498 - Change Database Version : DB.6.0.150
2025-09-20 15:41:26,974 [ERROR] ProjectManagerView:395 - 
java.lang.NullPointerException: Cannot invoke "javax.swing.JTextField.getText()" because the return value of "java.util.List.get(int)" is null
	at com.st.microxplorer.plugins.projectmanager.gui.ProjectChoiceTab$9.caretUpdate(ProjectChoiceTab.java:2706) ~[filemanager.jar:?]
	at javax.swing.text.JTextComponent.fireCaretUpdate(JTextComponent.java:408) ~[?:?]
	at javax.swing.text.JTextComponent$MutableCaretEvent.fire(JTextComponent.java:4484) ~[?:?]
	at javax.swing.text.JTextComponent$MutableCaretEvent.stateChanged(JTextComponent.java:4506) ~[?:?]
	at javax.swing.text.DefaultCaret.fireStateChanged(DefaultCaret.java:857) ~[?:?]
	at javax.swing.text.DefaultCaret.changeCaretPosition(DefaultCaret.java:1343) ~[?:?]
	at javax.swing.text.DefaultCaret.handleSetDot(DefaultCaret.java:1242) ~[?:?]
	at javax.swing.text.DefaultCaret.setDot(DefaultCaret.java:1223) ~[?:?]
	at javax.swing.text.DefaultCaret$Handler.insertUpdate(DefaultCaret.java:1819) ~[?:?]
	at javax.swing.text.AbstractDocument.fireInsertUpdate(AbstractDocument.java:227) ~[?:?]
	at javax.swing.text.AbstractDocument.handleInsertString(AbstractDocument.java:781) ~[?:?]
	at javax.swing.text.AbstractDocument.insertString(AbstractDocument.java:740) ~[?:?]
	at javax.swing.text.PlainDocument.insertString(PlainDocument.java:131) ~[?:?]
	at javax.swing.text.AbstractDocument.replace(AbstractDocument.java:699) ~[?:?]
	at javax.swing.text.JTextComponent.setText(JTextComponent.java:1725) ~[?:?]
	at com.st.microxplorer.plugins.projectmanager.gui.ProjectChoiceTab.createHeapStackFields(ProjectChoiceTab.java:993) ~[filemanager.jar:?]
	at com.st.microxplorer.plugins.projectmanager.gui.ProjectChoiceTab.buildLinkSettingsPanel(ProjectChoiceTab.java:3813) ~[filemanager.jar:?]
	at com.st.microxplorer.plugins.projectmanager.gui.ProjectChoiceTab.defineWindowsFields(ProjectChoiceTab.java:1987) ~[filemanager.jar:?]
	at com.st.microxplorer.plugins.projectmanager.gui.ProjectChoiceTab.updateSettings(ProjectChoiceTab.java:558) ~[filemanager.jar:?]
	at com.st.microxplorer.plugins.projectmanager.gui.ProjectSettingsPanel.UpdateDialog(ProjectSettingsPanel.java:247) ~[filemanager.jar:?]
	at com.st.microxplorer.plugins.projectmanager.ProjectManagerView.propertyChange(ProjectManagerView.java:392) ~[filemanager.jar:?]
	at java.beans.PropertyChangeSupport.fire(PropertyChangeSupport.java:343) ~[?:?]
	at java.beans.PropertyChangeSupport.firePropertyChange(PropertyChangeSupport.java:335) ~[?:?]
	at java.beans.PropertyChangeSupport.firePropertyChange(PropertyChangeSupport.java:268) ~[?:?]
	at com.st.microxplorer.util.MXPropertyChangeSupport.firePropertyChange(MXPropertyChangeSupport.java:54) ~[STM32CubeMX.jar:?]
	at com.st.microxplorer.mxsystem.MxSystem.closeConfig(MxSystem.java:899) ~[STM32CubeMX.jar:?]
	at com.st.microxplorer.maingui.MainPanel.closeConfig(MainPanel.java:792) ~[STM32CubeMX.jar:?]
	at com.st.microxplorer.plugins.filemanager.engine.OpenFileManager.loadConfigurationFile(OpenFileManager.java:288) ~[filemanager.jar:?]
	at com.st.microxplorer.plugins.filemanager.engine.MainFileManager.userLoadConfig(MainFileManager.java:364) ~[filemanager.jar:?]
	at com.st.microxplorer.plugins.filemanager.engine.MainFileManager.userLoadConfig(MainFileManager.java:342) ~[filemanager.jar:?]
	at com.st.microxplorer.plugins.filemanager.FileManagerView.getSpecificTask(FileManagerView.java:264) ~[filemanager.jar:?]
	at com.st.stm32cube.common.mx.editor.CubeMxEditor.getMxTabbedPaneInstance(CubeMxEditor.java:1198) ~[com.st.stm32cube.common.mx_6.15.0.202507011659/:?]
	at com.st.stm32cube.common.mx.editor.CubeMxEditor$12$1.createSwingComponent(CubeMxEditor.java:1068) ~[com.st.stm32cube.common.mx_6.15.0.202507011659/:?]
	at com.st.stm32cube.common.mx.oss.core.awtswtbridge.EmbeddedSwingComposite.doComponentCreation(EmbeddedSwingComposite.java:492) ~[com.st.stm32cube.common.mx.oss_6.15.0.202507011659/:?]
	at com.st.stm32cube.common.mx.oss.core.awtswtbridge.EmbeddedSwingComposite$4.run(EmbeddedSwingComposite.java:291) ~[com.st.stm32cube.common.mx.oss_6.15.0.202507011659/:?]
	at com.st.stm32cube.common.mx.oss.core.awtswtbridge.AwtEnvironment$2.run(AwtEnvironment.java:166) ~[com.st.stm32cube.common.mx.oss_6.15.0.202507011659/:?]
	at java.awt.event.InvocationEvent.dispatch(InvocationEvent.java:318) ~[?:?]
	at java.awt.EventQueue.dispatchEventImpl(EventQueue.java:773) ~[?:?]
	at java.awt.EventQueue$4.run(EventQueue.java:720) ~[?:?]
	at java.awt.EventQueue$4.run(EventQueue.java:714) ~[?:?]
	at java.security.AccessController.doPrivileged(AccessController.java:400) ~[?:?]
	at java.security.ProtectionDomain$JavaSecurityAccessImpl.doIntersectionPrivilege(ProtectionDomain.java:87) ~[?:?]
	at java.awt.EventQueue.dispatchEvent(EventQueue.java:742) ~[?:?]
	at java.awt.EventDispatchThread.pumpOneEventForFilters(EventDispatchThread.java:203) ~[?:?]
	at java.awt.EventDispatchThread.pumpEventsForFilter(EventDispatchThread.java:124) ~[?:?]
	at java.awt.EventDispatchThread.pumpEventsForHierarchy(EventDispatchThread.java:113) ~[?:?]
	at java.awt.EventDispatchThread.pumpEvents(EventDispatchThread.java:109) ~[?:?]
	at java.awt.EventDispatchThread.pumpEvents(EventDispatchThread.java:101) ~[?:?]
	at java.awt.EventDispatchThread.run(EventDispatchThread.java:90) ~[?:?]
2025-09-20 15:41:26,988 [WARN] ThirdParty:871 - waiting for thirdparty lock release [close project]
2025-09-20 15:41:26,989 [INFO] ThirdParty:873 - entering critical section [close project]
2025-09-20 15:41:26,989 [INFO] ThirdParty:883 - exiting critical section [close project]
2025-09-20 15:41:26,994 [INFO] PinOutPanel:1589 - setPackage(No Configuration,No Configuration)
2025-09-20 15:41:27,023 [WARN] IpParametersView:155 - Warning: This peripheral hasn't parameters
2025-09-20 15:41:27,058 [WARN] MainPanel:289 - <html><b><center>Warning: This peripheral has no parameters to be configured<br></b></html>
2025-09-20 15:41:27,079 [INFO] UtilMem:75 - Begin LoadConfig() Used Memory: 508559360 Bytes (802160640)
2025-09-20 15:41:27,080 [INFO] MicroXplorer:468 - Change Database Path : 
2025-09-20 15:41:27,080 [INFO] MicroXplorer:498 - Change Database Version : DB.6.0.150
2025-09-20 15:41:27,080 [INFO] OpenFileManager:355 - Change cursor
2025-09-20 15:41:27,190 [INFO] Mcu:2029 - Initializing MCU STM32F411CEUx STM32F411CEUx STM32F411CEU6
2025-09-20 15:41:28,351 [INFO] Context:786 - Trying to add GPIOservice into a context  which must be forbidden
2025-09-20 15:41:28,820 [INFO] ImportTextPane:234 - (OptionalMessage_ERROR) Unable to find key (Mcu.ThirdPartyNb) in loaded IOC file
2025-09-20 15:41:28,820 [INFO] ImportTextPane:234 - (OptionalMessage_ERROR) Unable to find key (Mcu.PinsNb) in loaded IOC file
2025-09-20 15:41:28,821 [INFO] ImportTextPane:234 - (OptionalMessage_ERROR) Pin0 (VP_RIF_VS_RIF1) cannot be retrieved for this MCU
2025-09-20 15:41:28,821 [INFO] ImportTextPane:234 - (OptionalMessage_ERROR) Unable to find key (Mcu.IPNb) in loaded IOC file
2025-09-20 15:41:28,870 [INFO] RtosManager:558 - Registered RTOS mode: class=CMSIS, group=RTOS, mode=CMSIS_V1, owner=FREERTOS
2025-09-20 15:41:28,870 [INFO] RtosManager:558 - Registered RTOS mode: class=CMSIS, group=RTOS2, mode=CMSIS_V2, owner=FREERTOS
2025-09-20 15:41:28,870 [INFO] RtosManager:558 - Registered RTOS mode: class=RTOS, group=Core, mode=CMSIS_V1, owner=FREERTOS
2025-09-20 15:41:28,870 [INFO] RtosManager:558 - Registered RTOS mode: class=RTOS, group=Core, mode=CMSIS_V2, owner=FREERTOS
2025-09-20 15:41:28,870 [WARN] ModelIntegratedComponent:184 - Missing modes for component STMicroelectronics:FreeRTOS:0.0.1:STMicroelectronics:RTOS:FreeRTOS:Core:::10.2.0:
2025-09-20 15:41:28,890 [WARN] ModelIntegratedComponent:182 - Modes not found for component STMicroelectronics:USB_HOST:1.0.0:STMicroelectronics:USB::USB Host:Audio HS::1.0:USB_HOST_1_0_RESTRICTED_HS
2025-09-20 15:41:28,890 [WARN] ModelIntegratedComponent:188 - Modes not found for component STMicroelectronics:USB_HOST:1.0.0:STMicroelectronics:USB::USB Host:Audio HS::1.0:USB_HOST_1_0_RESTRICTED_HS
2025-09-20 15:41:28,890 [WARN] ModelIntegratedComponent:182 - Modes not found for component STMicroelectronics:USB_HOST:1.0.0:STMicroelectronics:USB::USB Host:CDC HS::1.0:USB_HOST_1_0_RESTRICTED_HS
2025-09-20 15:41:28,890 [WARN] ModelIntegratedComponent:188 - Modes not found for component STMicroelectronics:USB_HOST:1.0.0:STMicroelectronics:USB::USB Host:CDC HS::1.0:USB_HOST_1_0_RESTRICTED_HS
2025-09-20 15:41:28,891 [WARN] ModelIntegratedComponent:182 - Modes not found for component STMicroelectronics:USB_HOST:1.0.0:STMicroelectronics:USB::USB Host:MSC HS::1.0:USB_HOST_1_0_RESTRICTED_HS
2025-09-20 15:41:28,891 [WARN] ModelIntegratedComponent:188 - Modes not found for component STMicroelectronics:USB_HOST:1.0.0:STMicroelectronics:USB::USB Host:MSC HS::1.0:USB_HOST_1_0_RESTRICTED_HS
2025-09-20 15:41:28,891 [WARN] ModelIntegratedComponent:182 - Modes not found for component STMicroelectronics:USB_HOST:1.0.0:STMicroelectronics:USB::USB Host:HID HS::1.0:USB_HOST_1_0_RESTRICTED_HS
2025-09-20 15:41:28,891 [WARN] ModelIntegratedComponent:188 - Modes not found for component STMicroelectronics:USB_HOST:1.0.0:STMicroelectronics:USB::USB Host:HID HS::1.0:USB_HOST_1_0_RESTRICTED_HS
2025-09-20 15:41:28,891 [WARN] ModelIntegratedComponent:182 - Modes not found for component STMicroelectronics:USB_HOST:1.0.0:STMicroelectronics:USB::USB Host:MTP HS::1.0:USB_HOST_1_0_RESTRICTED_HS
2025-09-20 15:41:28,891 [WARN] ModelIntegratedComponent:188 - Modes not found for component STMicroelectronics:USB_HOST:1.0.0:STMicroelectronics:USB::USB Host:MTP HS::1.0:USB_HOST_1_0_RESTRICTED_HS
2025-09-20 15:41:28,905 [WARN] ModelIntegratedComponent:63 - No mode defined for component null
2025-09-20 15:41:28,905 [WARN] ModelIntegratedComponent:63 - No mode defined for component null
2025-09-20 15:41:28,905 [WARN] ModelIntegratedComponent:63 - No mode defined for component null
2025-09-20 15:41:28,905 [WARN] ModelIntegratedComponent:63 - No mode defined for component null
2025-09-20 15:41:28,905 [WARN] ModelIntegratedComponent:63 - No mode defined for component null
2025-09-20 15:41:28,905 [WARN] ModelIntegratedComponent:63 - No mode defined for component null
2025-09-20 15:41:28,905 [WARN] ModelIntegratedComponent:63 - No mode defined for component null
2025-09-20 15:41:28,905 [WARN] ModelIntegratedComponent:63 - No mode defined for component null
2025-09-20 15:41:28,905 [WARN] ModelIntegratedComponent:63 - No mode defined for component null
2025-09-20 15:41:28,905 [WARN] ModelIntegratedComponent:63 - No mode defined for component null
2025-09-20 15:41:28,905 [WARN] ModelIntegratedComponent:63 - No mode defined for component null
2025-09-20 15:41:28,906 [WARN] ModelIntegratedComponent:63 - No mode defined for component null
2025-09-20 15:41:28,906 [WARN] ModelIntegratedComponent:63 - No mode defined for component null
2025-09-20 15:41:28,906 [WARN] ModelIntegratedComponent:63 - No mode defined for component null
2025-09-20 15:41:28,906 [WARN] ModelIntegratedComponent:63 - No mode defined for component null
2025-09-20 15:41:28,906 [WARN] ModelIntegratedComponent:63 - No mode defined for component null
2025-09-20 15:41:28,906 [WARN] ModelIntegratedComponent:63 - No mode defined for component null
2025-09-20 15:41:28,906 [WARN] ModelIntegratedComponent:63 - No mode defined for component null
2025-09-20 15:41:28,906 [WARN] ModelIntegratedComponent:63 - No mode defined for component null
2025-09-20 15:41:28,906 [WARN] ModelIntegratedComponent:63 - No mode defined for component null
2025-09-20 15:41:28,906 [WARN] ModelIntegratedComponent:63 - No mode defined for component null
2025-09-20 15:41:28,906 [WARN] ModelIntegratedComponent:63 - No mode defined for component null
2025-09-20 15:41:28,906 [WARN] ModelIntegratedComponent:63 - No mode defined for component null
2025-09-20 15:41:28,906 [WARN] ModelIntegratedComponent:63 - No mode defined for component null
2025-09-20 15:41:28,906 [WARN] ModelIntegratedComponent:63 - No mode defined for component null
2025-09-20 15:41:28,906 [WARN] ModelIntegratedComponent:63 - No mode defined for component null
2025-09-20 15:41:28,906 [WARN] ModelIntegratedComponent:63 - No mode defined for component null
2025-09-20 15:41:28,907 [WARN] ModelIntegratedComponent:63 - No mode defined for component null
2025-09-20 15:41:28,907 [WARN] ModelIntegratedComponent:63 - No mode defined for component null
2025-09-20 15:41:28,907 [WARN] ModelIntegratedComponent:63 - No mode defined for component null
2025-09-20 15:41:28,907 [WARN] ModelIntegratedComponent:63 - No mode defined for component null
2025-09-20 15:41:28,907 [WARN] ModelIntegratedComponent:63 - No mode defined for component null
2025-09-20 15:41:28,907 [WARN] ModelIntegratedComponent:63 - No mode defined for component null
2025-09-20 15:41:28,907 [WARN] ModelIntegratedComponent:63 - No mode defined for component null
2025-09-20 15:41:28,907 [WARN] ModelIntegratedComponent:63 - No mode defined for component null
2025-09-20 15:41:28,907 [WARN] ModelPack:524 - Component already loaded: STMicroelectronics:HAL Drivers:0.0.0:STMicroelectronics:Device:STMicro_Driver:XSPI:HAL::0.0.1:HAL_XSPI
2025-09-20 15:41:29,011 [WARN] ModelIntegratedComponent:182 - Modes not found for component STMicroelectronics:USB_DEVICE:1.0.0:STMicroelectronics:USB::USB Device:Audio HS::1.0:USB_DEVICE_1_0_RESTRICTED_HS
2025-09-20 15:41:29,011 [WARN] ModelIntegratedComponent:188 - Modes not found for component STMicroelectronics:USB_DEVICE:1.0.0:STMicroelectronics:USB::USB Device:Audio HS::1.0:USB_DEVICE_1_0_RESTRICTED_HS
2025-09-20 15:41:29,011 [WARN] ModelIntegratedComponent:182 - Modes not found for component STMicroelectronics:USB_DEVICE:1.0.0:STMicroelectronics:USB::USB Device:CDC HS::1.0:USB_DEVICE_1_0_RESTRICTED_HS
2025-09-20 15:41:29,011 [WARN] ModelIntegratedComponent:188 - Modes not found for component STMicroelectronics:USB_DEVICE:1.0.0:STMicroelectronics:USB::USB Device:CDC HS::1.0:USB_DEVICE_1_0_RESTRICTED_HS
2025-09-20 15:41:29,011 [WARN] ModelIntegratedComponent:182 - Modes not found for component STMicroelectronics:USB_DEVICE:1.0.0:STMicroelectronics:USB::USB Device:DFU HS::1.0:USB_DEVICE_1_0_RESTRICTED_HS
2025-09-20 15:41:29,011 [WARN] ModelIntegratedComponent:188 - Modes not found for component STMicroelectronics:USB_DEVICE:1.0.0:STMicroelectronics:USB::USB Device:DFU HS::1.0:USB_DEVICE_1_0_RESTRICTED_HS
2025-09-20 15:41:29,011 [WARN] ModelIntegratedComponent:182 - Modes not found for component STMicroelectronics:USB_DEVICE:1.0.0:STMicroelectronics:USB::USB Device:HID HS::1.0:USB_DEVICE_1_0_RESTRICTED_HS
2025-09-20 15:41:29,011 [WARN] ModelIntegratedComponent:188 - Modes not found for component STMicroelectronics:USB_DEVICE:1.0.0:STMicroelectronics:USB::USB Device:HID HS::1.0:USB_DEVICE_1_0_RESTRICTED_HS
2025-09-20 15:41:29,011 [WARN] ModelIntegratedComponent:182 - Modes not found for component STMicroelectronics:USB_DEVICE:1.0.0:STMicroelectronics:USB::USB Device:Custom HID HS::1.0:USB_DEVICE_1_0_RESTRICTED_HS
2025-09-20 15:41:29,011 [WARN] ModelIntegratedComponent:188 - Modes not found for component STMicroelectronics:USB_DEVICE:1.0.0:STMicroelectronics:USB::USB Device:Custom HID HS::1.0:USB_DEVICE_1_0_RESTRICTED_HS
2025-09-20 15:41:29,011 [WARN] ModelIntegratedComponent:182 - Modes not found for component STMicroelectronics:USB_DEVICE:1.0.0:STMicroelectronics:USB::USB Device:MSC HS::1.0:USB_DEVICE_1_0_RESTRICTED_HS
2025-09-20 15:41:29,012 [WARN] ModelIntegratedComponent:188 - Modes not found for component STMicroelectronics:USB_DEVICE:1.0.0:STMicroelectronics:USB::USB Device:MSC HS::1.0:USB_DEVICE_1_0_RESTRICTED_HS
2025-09-20 15:41:29,025 [INFO] ThirdPartyModel:298 - Start build external matchings
2025-09-20 15:41:29,629 [INFO] ThirdPartyModel:316 - End build external matchings
2025-09-20 15:41:29,850 [INFO] UtilMem:75 - End LoadConfig() Used Memory: 495522816 Bytes (802160640)
2025-09-20 15:41:29,875 [WARN] ThirdParty:833 - waiting for thirdparty lock release [change project]
2025-09-20 15:41:29,875 [INFO] ThirdParty:835 - entering critical section [change project]
2025-09-20 15:41:29,875 [INFO] ThirdParty:1030 - CMSIS Pack Vendor :STMicroelectronics X-CUBE-PM33A1 1.0.0
2025-09-20 15:41:29,875 [INFO] ThirdParty:1030 - CMSIS Pack Vendor :STMicroelectronics USBPD 4.1
2025-09-20 15:41:29,875 [INFO] ThirdParty:1030 - CMSIS Pack Vendor :STMicroelectronics X-CUBE-NFC9 1.0.0
2025-09-20 15:41:29,875 [INFO] ThirdParty:1030 - CMSIS Pack Vendor :STMicroelectronics USB_HOST 2.0.0
2025-09-20 15:41:29,875 [INFO] ThirdParty:1030 - CMSIS Pack Vendor :STMicroelectronics FP-SNS-MOTENVWB1 1.4.0
2025-09-20 15:41:29,875 [INFO] ThirdParty:1030 - CMSIS Pack Vendor :STMicroelectronics X-CUBE-AZRTOS-F4 1.1.0
2025-09-20 15:41:29,875 [INFO] ThirdParty:1030 - CMSIS Pack Vendor :STMicroelectronics LIBJPEG 8.0.0
2025-09-20 15:41:29,875 [INFO] ThirdParty:1030 - CMSIS Pack Vendor :STMicroelectronics FP-ATR-ASTRA1 2.0.2
2025-09-20 15:41:29,875 [INFO] ThirdParty:1030 - CMSIS Pack Vendor :wolfSSL I-CUBE-wolfSSL 5.8.2
2025-09-20 15:41:29,876 [INFO] ThirdParty:1030 - CMSIS Pack Vendor :STMicroelectronics X-CUBE-BLE1 7.1.0
2025-09-20 15:41:29,876 [INFO] ThirdParty:1030 - CMSIS Pack Vendor :Avnet-IotConnect X-CUBE-IoTC-DA16k-PMOD 1.0.0
2025-09-20 15:41:29,876 [INFO] ThirdParty:1030 - CMSIS Pack Vendor :STMicroelectronics X-CUBE-SMBUS 2.1.0
2025-09-20 15:41:29,876 [INFO] ThirdParty:1030 - CMSIS Pack Vendor :wolfSSL I-CUBE-wolfMQTT 1.19.2
2025-09-20 15:41:29,876 [INFO] ThirdParty:1030 - CMSIS Pack Vendor :STMicroelectronics USB_DEVICE 3.0.0
2025-09-20 15:41:29,876 [INFO] ThirdParty:1030 - CMSIS Pack Vendor :STMicroelectronics X-CUBE-ISPU 2.1.0
2025-09-20 15:41:29,876 [INFO] ThirdParty:1030 - CMSIS Pack Vendor :STMicroelectronics X-CUBE-EEPRMA1 5.2.0
2025-09-20 15:41:29,876 [INFO] ThirdParty:1030 - CMSIS Pack Vendor :STMicroelectronics X-CUBE-BLEMGR 4.1.0
2025-09-20 15:41:29,876 [INFO] ThirdParty:1030 - CMSIS Pack Vendor :STMicroelectronics X-CUBE-AZRTOS-WB 2.0.0
2025-09-20 15:41:29,876 [INFO] ThirdParty:1030 - CMSIS Pack Vendor :STMicroelectronics X-CUBE-ST60 1.0.0
2025-09-20 15:41:29,876 [INFO] ThirdParty:1030 - CMSIS Pack Vendor :STMicroelectronics X-CUBE-GNSS1 7.0.1
2025-09-20 15:41:29,876 [INFO] ThirdParty:1030 - CMSIS Pack Vendor :STMicroelectronics X-CUBE-NFC12 1.0.0
2025-09-20 15:41:29,876 [INFO] ThirdParty:1030 - CMSIS Pack Vendor :STMicroelectronics X-CUBE-AZRTOS-F7 1.1.0
2025-09-20 15:41:29,876 [INFO] ThirdParty:1030 - CMSIS Pack Vendor :STMicroelectronics X-CUBE-AZRTOS-L5 2.0.0
2025-09-20 15:41:29,876 [INFO] ThirdParty:1030 - CMSIS Pack Vendor :STMicroelectronics X-CUBE-TOUCHGFX 4.25.0
2025-09-20 15:41:29,876 [INFO] ThirdParty:1030 - CMSIS Pack Vendor :STMicroelectronics USB_DEVICE 2.0.0
2025-09-20 15:41:29,876 [INFO] ThirdParty:1030 - CMSIS Pack Vendor :STMicroelectronics X-CUBE-NFC6 3.1.0
2025-09-20 15:41:29,876 [INFO] ThirdParty:1030 - CMSIS Pack Vendor :quantropi X-CUBE-qispace-sdk-base 2.1.0
2025-09-20 15:41:29,876 [INFO] ThirdParty:1030 - CMSIS Pack Vendor :STMicroelectronics FreeRTOS 0.0.1
2025-09-20 15:41:29,876 [INFO] ThirdParty:1030 - CMSIS Pack Vendor :STMicroelectronics X-CUBE-AZRTOS-G0 1.1.0
2025-09-20 15:41:29,876 [INFO] ThirdParty:1030 - CMSIS Pack Vendor :STMicroelectronics X-CUBE-SAFEA1 1.2.2
2025-09-20 15:41:29,876 [INFO] ThirdParty:1030 - CMSIS Pack Vendor :STMicroelectronics X-CUBE-NFC4 3.0.0
2025-09-20 15:41:29,876 [INFO] ThirdParty:1030 - CMSIS Pack Vendor :STMicroelectronics X-CUBE-SUBG2 5.0.0
2025-09-20 15:41:29,876 [INFO] ThirdParty:1030 - CMSIS Pack Vendor :STMicroelectronics X-CUBE-AZRTOS-H7RS 1.1.0
2025-09-20 15:41:29,876 [INFO] ThirdParty:1030 - CMSIS Pack Vendor :STMicroelectronics STM32_WPAN 1.0.0
2025-09-20 15:41:29,876 [INFO] ThirdParty:1030 - CMSIS Pack Vendor :EmbeddedOffice I-CUBE-FS-RTOS 1.0.1
2025-09-20 15:41:29,876 [INFO] ThirdParty:1030 - CMSIS Pack Vendor :STMicroelectronics lwIP 2.0.3
2025-09-20 15:41:29,876 [INFO] ThirdParty:1030 - CMSIS Pack Vendor :WES I-CUBE-Cesium 1.4.0
2025-09-20 15:41:29,876 [INFO] ThirdParty:1030 - CMSIS Pack Vendor :Cesanta I-CUBE-Mongoose 7.13.0
2025-09-20 15:41:29,876 [INFO] ThirdParty:1030 - CMSIS Pack Vendor :STMicroelectronics USB_HOST 1.0.0
2025-09-20 15:41:29,876 [INFO] ThirdParty:1030 - CMSIS Pack Vendor :Infineon AIROC-Wi-Fi-Bluetooth-STM32 1.7.1
2025-09-20 15:41:29,876 [INFO] ThirdParty:1030 - CMSIS Pack Vendor :STMicroelectronics X-CUBE-AZRTOS-G4 2.0.0
2025-09-20 15:41:29,876 [INFO] ThirdParty:1030 - CMSIS Pack Vendor :STMicroelectronics X-CUBE-WB05N 2.0.0
2025-09-20 15:41:29,876 [INFO] ThirdParty:1030 - CMSIS Pack Vendor :STMicroelectronics PDM2PCM 3.1.0
2025-09-20 15:41:29,876 [INFO] ThirdParty:1030 - CMSIS Pack Vendor :STMicroelectronics PDM2PCM 3.3.0
2025-09-20 15:41:29,876 [INFO] ThirdParty:1030 - CMSIS Pack Vendor :wolfSSL I-CUBE-wolfTPM 3.8.0
2025-09-20 15:41:29,876 [INFO] ThirdParty:1030 - CMSIS Pack Vendor :STMicroelectronics X-CUBE-AZRTOS-H7 3.4.0
2025-09-20 15:41:29,876 [INFO] ThirdParty:1030 - CMSIS Pack Vendor :STMicroelectronics X-CUBE-DISPLAY 3.0.0
2025-09-20 15:41:29,876 [INFO] ThirdParty:1030 - CMSIS Pack Vendor :wolfSSL I-CUBE-wolfSSH 1.4.20
2025-09-20 15:41:29,876 [INFO] ThirdParty:1030 - CMSIS Pack Vendor :STMicroelectronics X-CUBE-NFC7 2.0.0
2025-09-20 15:41:29,876 [INFO] ThirdParty:1030 - CMSIS Pack Vendor :STMicroelectronics X-CUBE-TCPP 4.2.0
2025-09-20 15:41:29,876 [INFO] ThirdParty:1030 - CMSIS Pack Vendor :RealThread X-CUBE-RT-Thread_Nano 4.1.1
2025-09-20 15:41:29,876 [INFO] ThirdParty:1030 - CMSIS Pack Vendor :STMicroelectronics FP-ATR-SIGFOX1 3.2.0
2025-09-20 15:41:29,876 [INFO] ThirdParty:1030 - CMSIS Pack Vendor :STMicroelectronics X-CUBE-NFC10 1.0.0
2025-09-20 15:41:29,876 [INFO] ThirdParty:1030 - CMSIS Pack Vendor :STMicroelectronics X-CUBE-FREERTOS 1.3.1
2025-09-20 15:41:29,876 [INFO] ThirdParty:1030 - CMSIS Pack Vendor :STMicroelectronics HAL Drivers 0.0.0
2025-09-20 15:41:29,876 [INFO] ThirdParty:1030 - CMSIS Pack Vendor :STMicroelectronics MBEDTLS 2.16.2
2025-09-20 15:41:29,876 [INFO] ThirdParty:1030 - CMSIS Pack Vendor :STMicroelectronics X-CUBE-IPS 3.1.0
2025-09-20 15:41:29,876 [INFO] ThirdParty:1030 - CMSIS Pack Vendor :STMicroelectronics X-CUBE-ALS 1.0.2
2025-09-20 15:41:29,876 [INFO] ThirdParty:1030 - CMSIS Pack Vendor :emotas I-CUBE-CANOPEN 1.3.0
2025-09-20 15:41:29,876 [INFO] ThirdParty:1030 - CMSIS Pack Vendor :STMicroelectronics MBEDTLS 2.14.1
2025-09-20 15:41:29,876 [INFO] ThirdParty:1030 - CMSIS Pack Vendor :ITTIA_DB I-CUBE-ITTIADB 8.9.0
2025-09-20 15:41:29,876 [INFO] ThirdParty:1030 - CMSIS Pack Vendor :STMicroelectronics X-CUBE-STSE01 1.0.0
2025-09-20 15:41:29,876 [INFO] ThirdParty:1030 - CMSIS Pack Vendor :STMicroelectronics X-CUBE-ST67W61 1.0.0
2025-09-20 15:41:29,877 [INFO] ThirdParty:1030 - CMSIS Pack Vendor :STMicroelectronics FP-SNS-STBOX1 2.1.0
2025-09-20 15:41:29,877 [INFO] ThirdParty:1030 - CMSIS Pack Vendor :STMicroelectronics X-CUBE-AI 10.2.0
2025-09-20 15:41:29,877 [INFO] ThirdParty:1030 - CMSIS Pack Vendor :STMicroelectronics FP-SNS-STAIOTCFT 1.0.0
2025-09-20 15:41:29,877 [INFO] ThirdParty:1030 - CMSIS Pack Vendor :STMicroelectronics ThreadX 1.0.0
2025-09-20 15:41:29,877 [INFO] ThirdParty:1030 - CMSIS Pack Vendor :STMicroelectronics FP-SNS-SMARTAG2 1.2.0
2025-09-20 15:41:29,877 [INFO] ThirdParty:1030 - CMSIS Pack Vendor :STMicroelectronics FP-SNS-FLIGHT1 5.1.0
2025-09-20 15:41:29,877 [INFO] ThirdParty:1030 - CMSIS Pack Vendor :STMicroelectronics X-CUBE-AZRTOS-WL 2.0.0
2025-09-20 15:41:29,877 [INFO] ThirdParty:1030 - CMSIS Pack Vendor :SEGGER I-CUBE-embOS 1.3.1
2025-09-20 15:41:29,877 [INFO] ThirdParty:1030 - CMSIS Pack Vendor :STMicroelectronics X-CUBE-ALGOBUILD 1.4.0
2025-09-20 15:41:29,877 [INFO] ThirdParty:1030 - CMSIS Pack Vendor :STMicroelectronics X-CUBE-DPower 1.3.0
2025-09-20 15:41:29,877 [INFO] ThirdParty:1030 - CMSIS Pack Vendor :STMicroelectronics X-CUBE-MEMS1 11.3.0
2025-09-20 15:41:29,877 [INFO] ThirdParty:1030 - CMSIS Pack Vendor :STMicroelectronics FP-SNS-MOTENV1 5.0.0
2025-09-20 15:41:29,877 [INFO] ThirdParty:1030 - CMSIS Pack Vendor :STMicroelectronics USB_DEVICE 1.0.0
2025-09-20 15:41:29,877 [INFO] ThirdParty:1030 - CMSIS Pack Vendor :STMicroelectronics X-CUBE-AZRTOS-L4 2.0.0
2025-09-20 15:41:29,877 [INFO] ThirdParty:1030 - CMSIS Pack Vendor :STMicroelectronics ThreadX 0.0.2
2025-09-20 15:41:29,877 [INFO] ThirdParty:1030 - CMSIS Pack Vendor :STMicroelectronics lwIP 2.1.2
2025-09-20 15:41:29,877 [INFO] ThirdParty:1030 - CMSIS Pack Vendor :STMicroelectronics X-CUBE-SFXS2LP1 4.0.0
2025-09-20 15:41:29,877 [INFO] ThirdParty:1030 - CMSIS Pack Vendor :STMicroelectronics X-CUBE-BLE2 3.3.0
2025-09-20 15:41:29,877 [INFO] ThirdParty:1030 - CMSIS Pack Vendor :STMicroelectronics X-CUBE-TOF1 3.4.3
2025-09-20 15:41:29,877 [INFO] ThirdParty:1030 - CMSIS Pack Vendor :STMicroelectronics PDM2PCM 3.2.0
2025-09-20 15:41:29,877 [INFO] ThirdParty:841 - exiting critical section [change project]
2025-09-20 15:41:30,116 [INFO] PinOutPanel:1589 - setPackage(No Configuration,No Configuration)
2025-09-20 15:41:30,118 [INFO] PinOutPanel:1589 - setPackage(STM32F411CEUx,UFQFPN48)
2025-09-20 15:41:30,332 [INFO] UtilMem:75 - Before build in PCC Used Memory: 662411632 Bytes (802160640)
2025-09-20 15:41:30,634 [INFO] UtilMem:75 - After build in PCC Used Memory: 706451824 Bytes (802160640)
2025-09-20 15:41:30,662 [INFO] IPUIPlugin:80 - create IPUIPlugin
2025-09-20 15:41:30,662 [INFO] IPUIPlugin:80 - create IPUIPlugin
2025-09-20 15:41:30,662 [INFO] IPUIPlugin:80 - create IPUIPlugin
2025-09-20 15:41:30,664 [INFO] IPUIPlugin:80 - create IPUIPlugin
2025-09-20 15:41:30,664 [INFO] IPUIPlugin:80 - create IPUIPlugin
2025-09-20 15:41:30,664 [INFO] IPUIPlugin:80 - create IPUIPlugin
2025-09-20 15:41:30,664 [INFO] IPUIPlugin:80 - create IPUIPlugin
2025-09-20 15:41:30,664 [INFO] IPUIPlugin:80 - create IPUIPlugin
2025-09-20 15:41:30,664 [INFO] IPUIPlugin:80 - create IPUIPlugin
2025-09-20 15:41:30,664 [INFO] IPUIPlugin:80 - create IPUIPlugin
2025-09-20 15:41:30,664 [INFO] IPUIPlugin:80 - create IPUIPlugin
2025-09-20 15:41:30,665 [INFO] IPUIPlugin:80 - create IPUIPlugin
2025-09-20 15:41:30,665 [INFO] IPUIPlugin:80 - create IPUIPlugin
2025-09-20 15:41:30,665 [INFO] IPUIPlugin:80 - create IPUIPlugin
2025-09-20 15:41:30,665 [INFO] IPUIPlugin:80 - create IPUIPlugin
2025-09-20 15:41:30,665 [INFO] IPUIPlugin:80 - create IPUIPlugin
2025-09-20 15:41:30,665 [INFO] IPUIPlugin:80 - create IPUIPlugin
2025-09-20 15:41:30,665 [INFO] IPUIPlugin:80 - create IPUIPlugin
2025-09-20 15:41:30,666 [INFO] IPUIPlugin:80 - create IPUIPlugin
2025-09-20 15:41:30,666 [INFO] IPUIPlugin:80 - create IPUIPlugin
2025-09-20 15:41:30,666 [INFO] IPUIPlugin:80 - create IPUIPlugin
2025-09-20 15:41:30,667 [INFO] IPUIPlugin:80 - create IPUIPlugin
2025-09-20 15:41:30,667 [INFO] IPUIPlugin:80 - create IPUIPlugin
2025-09-20 15:41:30,668 [INFO] IPUIPlugin:80 - create IPUIPlugin
2025-09-20 15:41:30,668 [INFO] IPUIPlugin:80 - create IPUIPlugin
2025-09-20 15:41:30,668 [INFO] IPUIPlugin:80 - create IPUIPlugin
2025-09-20 15:41:30,669 [INFO] IPUIPlugin:80 - create IPUIPlugin
2025-09-20 15:41:30,669 [INFO] IPUIPlugin:80 - create IPUIPlugin
2025-09-20 15:41:30,669 [INFO] IPUIPlugin:80 - create IPUIPlugin
2025-09-20 15:41:30,669 [INFO] IPUIPlugin:80 - create IPUIPlugin
2025-09-20 15:41:30,670 [INFO] IPUIPlugin:80 - create IPUIPlugin
2025-09-20 15:41:30,670 [INFO] IPUIPlugin:80 - create IPUIPlugin
2025-09-20 15:41:30,670 [INFO] IPUIPlugin:80 - create IPUIPlugin
2025-09-20 15:41:30,670 [INFO] IPUIPlugin:80 - create IPUIPlugin
2025-09-20 15:41:30,670 [INFO] IPUIPlugin:80 - create IPUIPlugin
2025-09-20 15:41:30,670 [INFO] IPUIPlugin:80 - create IPUIPlugin
2025-09-20 15:41:30,671 [INFO] IPUIPlugin:80 - create IPUIPlugin
2025-09-20 15:41:30,671 [INFO] IPUIPlugin:80 - create IPUIPlugin
2025-09-20 15:41:30,671 [INFO] IPUIPlugin:80 - create IPUIPlugin
2025-09-20 15:41:30,671 [INFO] IPUIPlugin:80 - create IPUIPlugin
2025-09-20 15:41:30,671 [INFO] IPUIPlugin:80 - create IPUIPlugin
2025-09-20 15:41:30,672 [INFO] IPUIPlugin:80 - create IPUIPlugin
2025-09-20 15:41:30,672 [INFO] IPUIPlugin:80 - create IPUIPlugin
2025-09-20 15:41:30,676 [INFO] ApiDbMcu:532 - Load IP Config File for PDM2PCM
2025-09-20 15:41:30,718 [INFO] CADModel:165 - CPN selected for project levelSTM32F411CEU6
2025-09-20 15:41:30,718 [INFO] CADModel:114 - Register for checkConnection events
2025-09-20 15:41:30,770 [INFO] OpenFileManager:386 - Restore cursor
2025-09-20 15:41:31,248 [INFO] UtilMem:75 - End SaveConfig() Used Memory: 337074712 Bytes (802160640)
2025-09-20 15:41:31,305 [INFO] UtilMem:75 - End SaveConfig() Used Memory: 352050496 Bytes (802160640)
2025-09-20 15:41:31,822 [INFO] BlockDiagram:2775 - set Specific Code input for plugin: NVIC
2025-09-20 15:41:31,823 [INFO] BlockDiagram:2775 - set Specific Code input for plugin: RCC
2025-09-20 15:41:31,824 [INFO] CodeGenerator:892 - code generatio: config db path: G:\ST\STM32CubeIDE_1.19.0\STM32CubeIDE\plugins\com.st.stm32cube.common.mx_6.15.0.202507011659\\db\
2025-09-20 15:41:31,945 [INFO] CodeEngine:265 - oldGeneratedFile, G:\ST\workspace\MPR121\MXTmpFiles\license.tmp_save
2025-09-20 15:41:32,323 [INFO] CodeEngine:289 - Generated code: G:\ST\workspace\MPR121\MXTmpFiles\license.tmp
2025-09-20 15:41:32,346 [INFO] CodeEngine:265 - oldGeneratedFile, G:\ST\workspace\MPR121\Core\Src\stm32f4xx_it.c_save
2025-09-20 15:41:32,535 [INFO] CodeEngine:289 - Generated code: G:\ST\workspace\MPR121\Core\Src\stm32f4xx_it.c
2025-09-20 15:41:32,541 [INFO] CodeEngine:265 - oldGeneratedFile, G:\ST\workspace\MPR121\Core\Inc\stm32f4xx_it.h_save
2025-09-20 15:41:32,669 [INFO] CodeEngine:289 - Generated code: G:\ST\workspace\MPR121\Core\Inc\stm32f4xx_it.h
2025-09-20 15:41:32,745 [INFO] CodeEngine:265 - oldGeneratedFile, G:\ST\workspace\MPR121\Core\Src\stm32f4xx_hal_msp.c_save
2025-09-20 15:41:32,899 [INFO] CodeEngine:289 - Generated code: G:\ST\workspace\MPR121\Core\Src\stm32f4xx_hal_msp.c
2025-09-20 15:41:32,904 [INFO] CodeEngine:265 - oldGeneratedFile, G:\ST\workspace\MPR121\MXTmpFiles\system.tmp_save
2025-09-20 15:41:32,978 [INFO] CodeEngine:289 - Generated code: G:\ST\workspace\MPR121\MXTmpFiles\system.tmp
2025-09-20 15:41:32,991 [INFO] CodeEngine:321 - oldGeneratedFile, G:\ST\workspace\MPR121\Core\Inc\stm32f4xx_hal_conf.h_save
2025-09-20 15:41:33,082 [INFO] CodeEngine:345 - Generated code: G:\ST\workspace\MPR121\Core\Inc\stm32f4xx_hal_conf.h
2025-09-20 15:41:33,123 [INFO] ApiDbMcu:532 - Load IP Config File for RCC
2025-09-20 15:41:33,134 [INFO] CodeEngine:265 - oldGeneratedFile, G:\ST\workspace\MPR121\Core\Inc\main.h_save
2025-09-20 15:41:33,241 [INFO] CodeEngine:289 - Generated code: G:\ST\workspace\MPR121\Core\Inc\main.h
2025-09-20 15:41:33,247 [INFO] CodeEngine:265 - oldGeneratedFile, G:\ST\workspace\MPR121\Core\Src\main.c_save
2025-09-20 15:41:33,374 [INFO] CodeEngine:289 - Generated code: G:\ST\workspace\MPR121\Core\Src\main.c
2025-09-20 15:41:33,758 [ERROR] AdobePublisher:162 - Exception while opening the connection: java.net.ConnectException: Connection refused: getsockopt
2025-09-20 15:41:33,780 [INFO] ProjectBuilder:3606 - Time for Copy HAL[1] : 209mS.
2025-09-20 15:41:33,789 [INFO] ProjectBuilder:5216 - Project Generator version: 4.7.0-B52
2025-09-20 15:41:33,876 [INFO] ConfigFileManager:1595 - The Die is : DIE431
2025-09-20 15:41:33,886 [INFO] ApiDbMcu:532 - Load IP Config File for FATFS
2025-09-20 15:41:33,894 [INFO] ApiDbMcu:532 - Load IP Config File for FREERTOS
2025-09-20 15:41:33,897 [INFO] ApiDbMcu:532 - Load IP Config File for LIBJPEG
2025-09-20 15:41:33,905 [INFO] ApiDbMcu:532 - Load IP Config File for MBEDTLS
2025-09-20 15:41:33,913 [INFO] ApiDbMcu:532 - Load IP Config File for USB_DEVICE
2025-09-20 15:41:33,919 [INFO] ApiDbMcu:532 - Load IP Config File for USB_HOST
2025-09-20 15:41:34,304 [INFO] LogOutputStream:77 - [STDOUT_REDIRECT] 
2025-09-20 15:41:35,813 [ERROR] AdobePublisher:162 - Exception while opening the connection: java.net.ConnectException: Connection refused: getsockopt
2025-09-20 15:41:36,393 [INFO] ProjectBuilder:5496 - Time for Generating toolchain IDE Files: 2604mS.
2025-09-20 15:41:36,394 [INFO] ProjectBuilder:3463 - Time for Copy CMSIS : 0mS.
2025-09-20 15:41:36,398 [INFO] ProjectBuilder:3463 - Time for Copy CMSIS : 0mS.
2025-09-20 15:41:37,856 [ERROR] AdobePublisher:162 - Exception while opening the connection: java.net.ConnectException: Connection refused: getsockopt
2025-09-20 15:41:38,847 [ERROR] AdobePublisher:162 - Exception while opening the connection: java.net.SocketTimeoutException: Connect timed out
2025-09-20 15:41:39,008 [ERROR] AdobePublisher:162 - Exception while opening the connection: java.net.ConnectException: Connection refused: getsockopt
2025-09-20 15:41:39,905 [ERROR] AdobePublisher:162 - Exception while opening the connection: java.net.ConnectException: Connection refused: getsockopt
2025-09-20 15:41:40,849 [ERROR] AdobePublisher:162 - Exception while opening the connection: java.net.SocketTimeoutException: Connect timed out
2025-09-20 15:41:41,039 [ERROR] AdobePublisher:162 - Exception while opening the connection: java.net.ConnectException: Connection refused: getsockopt
2025-09-20 15:41:41,953 [ERROR] AdobePublisher:162 - Exception while opening the connection: java.net.ConnectException: Connection refused: getsockopt
2025-09-20 15:41:42,851 [ERROR] AdobePublisher:162 - Exception while opening the connection: java.net.SocketTimeoutException: Connect timed out
2025-09-20 15:41:43,085 [ERROR] AdobePublisher:162 - Exception while opening the connection: java.net.ConnectException: Connection refused: getsockopt
2025-09-20 15:41:44,852 [ERROR] AdobePublisher:162 - Exception while opening the connection: java.net.SocketTimeoutException: Connect timed out
2025-09-20 15:41:45,117 [ERROR] AdobePublisher:162 - Exception while opening the connection: java.net.ConnectException: Connection refused: getsockopt
2025-09-20 15:41:46,853 [ERROR] AdobePublisher:162 - Exception while opening the connection: java.net.SocketTimeoutException: Connect timed out
2025-09-20 15:41:47,164 [ERROR] AdobePublisher:162 - Exception while opening the connection: java.net.ConnectException: Connection refused: getsockopt
2025-09-20 15:41:49,209 [ERROR] AdobePublisher:162 - Exception while opening the connection: java.net.ConnectException: Connection refused: getsockopt
2025-09-20 15:41:51,256 [ERROR] AdobePublisher:162 - Exception while opening the connection: java.net.ConnectException: Connection refused: getsockopt
2025-09-20 15:41:53,300 [ERROR] AdobePublisher:162 - Exception while opening the connection: java.net.ConnectException: Connection refused: getsockopt
2025-09-20 15:41:55,339 [ERROR] AdobePublisher:162 - Exception while opening the connection: java.net.ConnectException: Connection refused: getsockopt
2025-09-20 15:41:57,381 [ERROR] AdobePublisher:162 - Exception while opening the connection: java.net.ConnectException: Connection refused: getsockopt
2025-09-20 15:41:57,381 [INFO] McuFinderGlobals:76 - Set McuFinderConnectedMode to true
2025-09-20 15:41:57,385 [INFO] ApiDb:448 - Save user favorites file C:\Users\leoar/.stm32cubeide/favorites.mcus.txt: 0 item(s)
2025-09-20 15:41:57,385 [INFO] ApiDb:452 - User favorites MCUs=[]
2025-09-20 15:42:45,200 [WARN] IP:2250 - I2C_Coeff_DF not found: check if there is a RefParameter without a condition.
2025-09-20 15:42:45,200 [WARN] IP:2250 - Analog_Filter not found: check if there is a RefParameter without a condition.
2025-09-20 15:42:45,202 [WARN] IP:2250 - I2C_Coeff_DF not found: check if there is a RefParameter without a condition.
2025-09-20 15:42:45,202 [WARN] IP:2250 - Analog_Filter not found: check if there is a RefParameter without a condition.
2025-09-20 15:42:45,203 [WARN] IP:2250 - I2C_Coeff_DF not found: check if there is a RefParameter without a condition.
2025-09-20 15:42:45,203 [WARN] IP:2250 - Analog_Filter not found: check if there is a RefParameter without a condition.
2025-09-20 15:42:45,354 [WARN] IP:2250 - I2C_Coeff_DF not found: check if there is a RefParameter without a condition.
2025-09-20 15:42:45,354 [WARN] IP:2250 - Analog_Filter not found: check if there is a RefParameter without a condition.
2025-09-20 15:42:45,358 [WARN] IP:2250 - I2C_Coeff_DF not found: check if there is a RefParameter without a condition.
2025-09-20 15:42:45,358 [WARN] IP:2250 - Analog_Filter not found: check if there is a RefParameter without a condition.
2025-09-20 15:42:45,468 [WARN] IP:2250 - I2C_Coeff_DF not found: check if there is a RefParameter without a condition.
2025-09-20 15:42:45,468 [WARN] IP:2250 - Analog_Filter not found: check if there is a RefParameter without a condition.
2025-09-20 15:42:45,469 [WARN] IP:2250 - I2C_Coeff_DF not found: check if there is a RefParameter without a condition.
2025-09-20 15:42:45,469 [WARN] IP:2250 - Analog_Filter not found: check if there is a RefParameter without a condition.
2025-09-20 15:42:45,549 [WARN] IP:2250 - I2C_Coeff_DF not found: check if there is a RefParameter without a condition.
2025-09-20 15:42:45,550 [WARN] IP:2250 - Analog_Filter not found: check if there is a RefParameter without a condition.
2025-09-20 15:43:19,071 [INFO] UtilMem:75 - End SaveConfig() Used Memory: 380284896 Bytes (808452096)
2025-09-20 15:43:20,366 [INFO] UtilMem:75 - End SaveConfig() Used Memory: 402333152 Bytes (808452096)
2025-09-20 15:43:21,560 [ERROR] AdobePublisher:162 - Exception while opening the connection: java.net.ConnectException: Connection refused: getsockopt
2025-09-20 15:43:22,806 [INFO] UtilMem:75 - End SaveConfig() Used Memory: 471360600 Bytes (808452096)
2025-09-20 15:43:23,317 [INFO] BlockDiagram:2775 - set Specific Code input for plugin: NVIC
2025-09-20 15:43:23,317 [INFO] BlockDiagram:2775 - set Specific Code input for plugin: SYS
2025-09-20 15:43:23,317 [INFO] BlockDiagram:2775 - set Specific Code input for plugin: GPIO
2025-09-20 15:43:23,318 [INFO] BlockDiagram:2775 - set Specific Code input for plugin: RCC
2025-09-20 15:43:23,318 [INFO] BlockDiagram:2775 - set Specific Code input for plugin: I2C
2025-09-20 15:43:23,319 [INFO] CodeGenerator:892 - code generatio: config db path: G:\ST\STM32CubeIDE_1.19.0\STM32CubeIDE\plugins\com.st.stm32cube.common.mx_6.15.0.202507011659\\db\
2025-09-20 15:43:23,321 [WARN] IP:2250 - I2C_Coeff_DF not found: check if there is a RefParameter without a condition.
2025-09-20 15:43:23,322 [WARN] IP:2250 - Analog_Filter not found: check if there is a RefParameter without a condition.
2025-09-20 15:43:23,455 [INFO] CodeEngine:265 - oldGeneratedFile, G:\ST\workspace\MPR121\MXTmpFiles\license.tmp_save
2025-09-20 15:43:23,611 [ERROR] AdobePublisher:162 - Exception while opening the connection: java.net.ConnectException: Connection refused: getsockopt
2025-09-20 15:43:23,704 [INFO] CodeEngine:289 - Generated code: G:\ST\workspace\MPR121\MXTmpFiles\license.tmp
2025-09-20 15:43:23,774 [INFO] CodeEngine:265 - oldGeneratedFile, G:\ST\workspace\MPR121\MXTmpFiles\gpio.tmp_save
2025-09-20 15:43:23,904 [INFO] CodeEngine:289 - Generated code: G:\ST\workspace\MPR121\MXTmpFiles\gpio.tmp
2025-09-20 15:43:23,992 [INFO] CodeEngine:265 - oldGeneratedFile, G:\ST\workspace\MPR121\Core\Src\stm32f4xx_it.c_save
2025-09-20 15:43:24,114 [INFO] CodeEngine:289 - Generated code: G:\ST\workspace\MPR121\Core\Src\stm32f4xx_it.c
2025-09-20 15:43:24,125 [INFO] CodeEngine:265 - oldGeneratedFile, G:\ST\workspace\MPR121\Core\Inc\stm32f4xx_it.h_save
2025-09-20 15:43:24,231 [INFO] CodeEngine:289 - Generated code: G:\ST\workspace\MPR121\Core\Inc\stm32f4xx_it.h
2025-09-20 15:43:24,250 [INFO] CodeEngine:265 - oldGeneratedFile, G:\ST\workspace\MPR121\Core\Src\stm32f4xx_hal_msp.c_save
2025-09-20 15:43:24,407 [INFO] CodeEngine:289 - Generated code: G:\ST\workspace\MPR121\Core\Src\stm32f4xx_hal_msp.c
2025-09-20 15:43:24,413 [INFO] CodeEngine:265 - oldGeneratedFile, G:\ST\workspace\MPR121\MXTmpFiles\system.tmp_save
2025-09-20 15:43:24,493 [INFO] CodeEngine:289 - Generated code: G:\ST\workspace\MPR121\MXTmpFiles\system.tmp
2025-09-20 15:43:24,508 [INFO] CodeEngine:321 - oldGeneratedFile, G:\ST\workspace\MPR121\Core\Inc\stm32f4xx_hal_conf.h_save
2025-09-20 15:43:24,603 [INFO] CodeEngine:345 - Generated code: G:\ST\workspace\MPR121\Core\Inc\stm32f4xx_hal_conf.h
2025-09-20 15:43:24,646 [INFO] ApiDbMcu:532 - Load IP Config File for I2C1
2025-09-20 15:43:24,660 [INFO] CodeEngine:265 - oldGeneratedFile, G:\ST\workspace\MPR121\Core\Inc\main.h_save
2025-09-20 15:43:24,757 [INFO] CodeEngine:289 - Generated code: G:\ST\workspace\MPR121\Core\Inc\main.h
2025-09-20 15:43:24,766 [INFO] CodeEngine:265 - oldGeneratedFile, G:\ST\workspace\MPR121\Core\Src\main.c_save
2025-09-20 15:43:24,899 [INFO] CodeEngine:289 - Generated code: G:\ST\workspace\MPR121\Core\Src\main.c
2025-09-20 15:43:25,307 [INFO] ProjectBuilder:3606 - Time for Copy HAL[1] : 204mS.
2025-09-20 15:43:25,311 [INFO] ProjectBuilder:5216 - Project Generator version: 4.7.0-B52
2025-09-20 15:43:25,401 [INFO] ConfigFileManager:1595 - The Die is : DIE431
2025-09-20 15:43:25,664 [ERROR] AdobePublisher:162 - Exception while opening the connection: java.net.ConnectException: Connection refused: getsockopt
2025-09-20 15:43:26,757 [INFO] ProjectBuilder:5496 - Time for Generating toolchain IDE Files: 1444mS.
2025-09-20 15:43:26,758 [INFO] ProjectBuilder:3463 - Time for Copy CMSIS : 1mS.
2025-09-20 15:43:26,760 [INFO] ProjectBuilder:3463 - Time for Copy CMSIS : 0mS.
2025-09-20 15:43:27,699 [ERROR] AdobePublisher:162 - Exception while opening the connection: java.net.ConnectException: Connection refused: getsockopt
2025-09-20 15:43:29,753 [ERROR] AdobePublisher:162 - Exception while opening the connection: java.net.ConnectException: Connection refused: getsockopt
2025-09-20 16:53:07,481 [ERROR] AdobePublisher:162 - Exception while opening the connection: java.net.SocketTimeoutException: Connect timed out
2025-09-20 16:53:09,483 [ERROR] AdobePublisher:162 - Exception while opening the connection: java.net.SocketTimeoutException: Connect timed out
2025-09-20 16:53:11,484 [ERROR] AdobePublisher:162 - Exception while opening the connection: java.net.SocketTimeoutException: Connect timed out
2025-09-20 16:53:13,485 [ERROR] AdobePublisher:162 - Exception while opening the connection: java.net.SocketTimeoutException: Connect timed out
2025-09-20 16:53:15,487 [ERROR] AdobePublisher:162 - Exception while opening the connection: java.net.SocketTimeoutException: Connect timed out
2025-09-20 16:53:46,610 [ERROR] AdobePublisher:162 - Exception while opening the connection: java.net.SocketTimeoutException: Connect timed out
2025-09-20 16:53:48,611 [ERROR] AdobePublisher:162 - Exception while opening the connection: java.net.SocketTimeoutException: Connect timed out
2025-09-20 16:53:50,612 [ERROR] AdobePublisher:162 - Exception while opening the connection: java.net.SocketTimeoutException: Connect timed out
2025-09-20 16:53:52,614 [ERROR] AdobePublisher:162 - Exception while opening the connection: java.net.SocketTimeoutException: Connect timed out
2025-09-20 16:53:54,615 [ERROR] AdobePublisher:162 - Exception while opening the connection: java.net.SocketTimeoutException: Connect timed out
2025-09-20 16:54:08,922 [ERROR] AdobePublisher:162 - Exception while opening the connection: java.net.SocketTimeoutException: Connect timed out
2025-09-20 16:54:10,923 [ERROR] AdobePublisher:162 - Exception while opening the connection: java.net.SocketTimeoutException: Connect timed out
2025-09-20 16:54:12,924 [ERROR] AdobePublisher:162 - Exception while opening the connection: java.net.SocketTimeoutException: Connect timed out
2025-09-20 16:54:14,925 [ERROR] AdobePublisher:162 - Exception while opening the connection: java.net.SocketTimeoutException: Connect timed out
2025-09-20 16:54:16,932 [ERROR] AdobePublisher:162 - Exception while opening the connection: java.net.SocketTimeoutException: Connect timed out
2025-09-20 17:01:24,493 [WARN] IP:2250 - I2C_Coeff_DF not found: check if there is a RefParameter without a condition.
2025-09-20 17:01:24,494 [WARN] IP:2250 - Analog_Filter not found: check if there is a RefParameter without a condition.
2025-09-20 17:01:24,494 [WARN] IP:2250 - I2C_Coeff_DF not found: check if there is a RefParameter without a condition.
2025-09-20 17:01:24,494 [WARN] IP:2250 - Analog_Filter not found: check if there is a RefParameter without a condition.
2025-09-20 17:01:24,663 [WARN] IP:2250 - I2C_Coeff_DF not found: check if there is a RefParameter without a condition.
2025-09-20 17:01:24,663 [WARN] IP:2250 - Analog_Filter not found: check if there is a RefParameter without a condition.
2025-09-20 17:01:24,677 [WARN] IP:2250 - I2C_Coeff_DF not found: check if there is a RefParameter without a condition.
2025-09-20 17:01:24,677 [WARN] IP:2250 - Analog_Filter not found: check if there is a RefParameter without a condition.
2025-09-20 17:01:35,630 [INFO] UtilMem:75 - End SaveConfig() Used Memory: 338171504 Bytes (808452096)
2025-09-20 17:01:36,652 [INFO] UtilMem:75 - End SaveConfig() Used Memory: 359103960 Bytes (808452096)
2025-09-20 17:01:38,854 [INFO] UtilMem:75 - End SaveConfig() Used Memory: 395804360 Bytes (808452096)
2025-09-20 17:01:39,153 [INFO] BlockDiagram:2775 - set Specific Code input for plugin: NVIC
2025-09-20 17:01:39,153 [INFO] BlockDiagram:2775 - set Specific Code input for plugin: SYS
2025-09-20 17:01:39,153 [INFO] BlockDiagram:2775 - set Specific Code input for plugin: GPIO
2025-09-20 17:01:39,153 [INFO] BlockDiagram:2775 - set Specific Code input for plugin: RCC
2025-09-20 17:01:39,154 [INFO] BlockDiagram:2775 - set Specific Code input for plugin: I2C
2025-09-20 17:01:39,154 [INFO] CodeGenerator:892 - code generatio: config db path: G:\ST\STM32CubeIDE_1.19.0\STM32CubeIDE\plugins\com.st.stm32cube.common.mx_6.15.0.202507011659\\db\
2025-09-20 17:01:39,155 [WARN] IP:2250 - I2C_Coeff_DF not found: check if there is a RefParameter without a condition.
2025-09-20 17:01:39,156 [WARN] IP:2250 - Analog_Filter not found: check if there is a RefParameter without a condition.
2025-09-20 17:01:39,236 [INFO] CodeEngine:265 - oldGeneratedFile, G:\ST\workspace\MPR121\MXTmpFiles\license.tmp_save
2025-09-20 17:01:39,493 [INFO] CodeEngine:289 - Generated code: G:\ST\workspace\MPR121\MXTmpFiles\license.tmp
2025-09-20 17:01:39,529 [INFO] CodeEngine:265 - oldGeneratedFile, G:\ST\workspace\MPR121\MXTmpFiles\gpio.tmp_save
2025-09-20 17:01:39,658 [INFO] CodeEngine:289 - Generated code: G:\ST\workspace\MPR121\MXTmpFiles\gpio.tmp
2025-09-20 17:01:39,728 [INFO] CodeEngine:265 - oldGeneratedFile, G:\ST\workspace\MPR121\Core\Src\stm32f4xx_it.c_save
2025-09-20 17:01:39,952 [INFO] CodeEngine:289 - Generated code: G:\ST\workspace\MPR121\Core\Src\stm32f4xx_it.c
2025-09-20 17:01:39,960 [INFO] CodeEngine:265 - oldGeneratedFile, G:\ST\workspace\MPR121\Core\Inc\stm32f4xx_it.h_save
2025-09-20 17:01:40,044 [INFO] CodeEngine:289 - Generated code: G:\ST\workspace\MPR121\Core\Inc\stm32f4xx_it.h
2025-09-20 17:01:40,059 [INFO] CodeEngine:265 - oldGeneratedFile, G:\ST\workspace\MPR121\Core\Src\stm32f4xx_hal_msp.c_save
2025-09-20 17:01:40,187 [INFO] CodeEngine:289 - Generated code: G:\ST\workspace\MPR121\Core\Src\stm32f4xx_hal_msp.c
2025-09-20 17:01:40,193 [INFO] CodeEngine:265 - oldGeneratedFile, G:\ST\workspace\MPR121\MXTmpFiles\system.tmp_save
2025-09-20 17:01:40,269 [INFO] CodeEngine:289 - Generated code: G:\ST\workspace\MPR121\MXTmpFiles\system.tmp
2025-09-20 17:01:40,284 [INFO] CodeEngine:321 - oldGeneratedFile, G:\ST\workspace\MPR121\Core\Inc\stm32f4xx_hal_conf.h_save
2025-09-20 17:01:40,365 [INFO] CodeEngine:345 - Generated code: G:\ST\workspace\MPR121\Core\Inc\stm32f4xx_hal_conf.h
2025-09-20 17:01:40,403 [INFO] CodeEngine:265 - oldGeneratedFile, G:\ST\workspace\MPR121\Core\Inc\main.h_save
2025-09-20 17:01:40,510 [INFO] CodeEngine:289 - Generated code: G:\ST\workspace\MPR121\Core\Inc\main.h
2025-09-20 17:01:40,516 [INFO] CodeEngine:265 - oldGeneratedFile, G:\ST\workspace\MPR121\Core\Src\main.c_save
2025-09-20 17:01:40,629 [INFO] CodeEngine:289 - Generated code: G:\ST\workspace\MPR121\Core\Src\main.c
2025-09-20 17:01:41,038 [INFO] ProjectBuilder:3606 - Time for Copy HAL[1] : 184mS.
2025-09-20 17:01:41,043 [INFO] ProjectBuilder:5216 - Project Generator version: 4.7.0-B52
2025-09-20 17:01:41,124 [INFO] ConfigFileManager:1595 - The Die is : DIE431
2025-09-20 17:01:41,895 [INFO] ProjectBuilder:5496 - Time for Generating toolchain IDE Files: 851mS.
2025-09-20 17:01:41,895 [INFO] ProjectBuilder:3463 - Time for Copy CMSIS : 0mS.
2025-09-20 17:01:41,898 [INFO] ProjectBuilder:3463 - Time for Copy CMSIS : 0mS.
2025-09-20 17:01:49,594 [ERROR] AdobePublisher:162 - Exception while opening the connection: java.net.SocketTimeoutException: Connect timed out
2025-09-20 17:01:51,595 [ERROR] AdobePublisher:162 - Exception while opening the connection: java.net.SocketTimeoutException: Connect timed out
2025-09-20 17:01:53,596 [ERROR] AdobePublisher:162 - Exception while opening the connection: java.net.SocketTimeoutException: Connect timed out
2025-09-20 17:01:55,598 [ERROR] AdobePublisher:162 - Exception while opening the connection: java.net.SocketTimeoutException: Connect timed out
2025-09-20 17:01:57,600 [ERROR] AdobePublisher:162 - Exception while opening the connection: java.net.SocketTimeoutException: Connect timed out
2025-09-20 17:01:59,806 [ERROR] AdobePublisher:162 - Exception while opening the connection: java.net.SocketTimeoutException: Connect timed out
2025-09-20 17:02:01,808 [ERROR] AdobePublisher:162 - Exception while opening the connection: java.net.SocketTimeoutException: Connect timed out
2025-09-20 17:02:03,810 [ERROR] AdobePublisher:162 - Exception while opening the connection: java.net.SocketTimeoutException: Connect timed out
2025-09-20 17:02:05,811 [ERROR] AdobePublisher:162 - Exception while opening the connection: java.net.SocketTimeoutException: Connect timed out
2025-09-20 17:02:07,813 [ERROR] AdobePublisher:162 - Exception while opening the connection: java.net.SocketTimeoutException: Connect timed out
2025-09-20 17:05:51,757 [INFO] NvicIntPanel:101 - NVIC parent = com.st.microxplorer.plugins.ip.nvic.MultiNvicIntPanel[,0,0,450x161,layout=javax.swing.BoxLayout,alignmentX=0.0,alignmentY=0.0,border=,flags=9,maximumSize=,minimumSize=,preferredSize=]
2025-09-20 17:08:20,260 [ERROR] LogOutputStream:75 - [STDERR_REDIRECT] Exception in thread "AWT-EventQueue-0" java.lang.ClassCastException: class sun.awt.windows.WEmbeddedFrame cannot be cast to class javax.swing.JFrame (sun.awt.windows.WEmbeddedFrame and javax.swing.JFrame are in module java.desktop of loader 'bootstrap')
2025-09-20 17:08:20,261 [ERROR] LogOutputStream:75 - [STDERR_REDIRECT] 	at com.st.microxplorer.plugins.clock.ClockConfigurationView.activatePlugin(ClockConfigurationView.java:424)
2025-09-20 17:08:20,262 [ERROR] LogOutputStream:75 - [STDERR_REDIRECT] 	at com.st.microxplorer.maingui.MainPanel$1.stateChanged(MainPanel.java:385)
2025-09-20 17:08:20,263 [ERROR] LogOutputStream:75 - [STDERR_REDIRECT] 	at java.desktop/javax.swing.JTabbedPane.fireStateChanged(JTabbedPane.java:446)
2025-09-20 17:08:20,264 [ERROR] LogOutputStream:75 - [STDERR_REDIRECT] 	at java.desktop/javax.swing.JTabbedPane$ModelListener.stateChanged(JTabbedPane.java:297)
2025-09-20 17:08:20,267 [ERROR] LogOutputStream:75 - [STDERR_REDIRECT] 	at java.desktop/javax.swing.DefaultSingleSelectionModel.fireStateChanged(DefaultSingleSelectionModel.java:148)
2025-09-20 17:08:20,268 [ERROR] LogOutputStream:75 - [STDERR_REDIRECT] 	at java.desktop/javax.swing.DefaultSingleSelectionModel.setSelectedIndex(DefaultSingleSelectionModel.java:79)
2025-09-20 17:08:20,269 [ERROR] LogOutputStream:75 - [STDERR_REDIRECT] 	at java.desktop/javax.swing.JTabbedPane.setSelectedIndexImpl(JTabbedPane.java:650)
2025-09-20 17:08:20,269 [ERROR] LogOutputStream:75 - [STDERR_REDIRECT] 	at java.desktop/javax.swing.JTabbedPane.setSelectedIndex(JTabbedPane.java:625)
2025-09-20 17:08:20,271 [ERROR] LogOutputStream:75 - [STDERR_REDIRECT] 	at java.desktop/javax.swing.plaf.basic.BasicTabbedPaneUI$Handler.mousePressed(BasicTabbedPaneUI.java:4140)
2025-09-20 17:08:20,272 [ERROR] LogOutputStream:75 - [STDERR_REDIRECT] 	at java.desktop/java.awt.Component.processMouseEvent(Component.java:6618)
2025-09-20 17:08:20,273 [ERROR] LogOutputStream:75 - [STDERR_REDIRECT] 	at java.desktop/javax.swing.JComponent.processMouseEvent(JComponent.java:3398)
2025-09-20 17:08:20,273 [ERROR] LogOutputStream:75 - [STDERR_REDIRECT] 	at java.desktop/java.awt.Component.processEvent(Component.java:6386)
2025-09-20 17:08:20,274 [ERROR] LogOutputStream:75 - [STDERR_REDIRECT] 	at java.desktop/java.awt.Container.processEvent(Container.java:2266)
2025-09-20 17:08:20,275 [ERROR] LogOutputStream:75 - [STDERR_REDIRECT] 	at java.desktop/java.awt.Component.dispatchEventImpl(Component.java:4996)
2025-09-20 17:08:20,276 [ERROR] LogOutputStream:75 - [STDERR_REDIRECT] 	at java.desktop/java.awt.Container.dispatchEventImpl(Container.java:2324)
2025-09-20 17:08:20,276 [ERROR] LogOutputStream:75 - [STDERR_REDIRECT] 	at java.desktop/java.awt.Component.dispatchEvent(Component.java:4828)
2025-09-20 17:08:20,278 [ERROR] LogOutputStream:75 - [STDERR_REDIRECT] 	at java.desktop/java.awt.LightweightDispatcher.retargetMouseEvent(Container.java:4948)
2025-09-20 17:08:20,279 [ERROR] LogOutputStream:75 - [STDERR_REDIRECT] 	at java.desktop/java.awt.LightweightDispatcher.processMouseEvent(Container.java:4572)
2025-09-20 17:08:20,280 [ERROR] LogOutputStream:75 - [STDERR_REDIRECT] 	at java.desktop/java.awt.LightweightDispatcher.dispatchEvent(Container.java:4516)
2025-09-20 17:08:20,281 [ERROR] LogOutputStream:75 - [STDERR_REDIRECT] 	at java.desktop/java.awt.Container.dispatchEventImpl(Container.java:2310)
2025-09-20 17:08:20,282 [ERROR] LogOutputStream:75 - [STDERR_REDIRECT] 	at java.desktop/java.awt.Component.dispatchEvent(Component.java:4828)
2025-09-20 17:08:20,283 [ERROR] LogOutputStream:75 - [STDERR_REDIRECT] 	at java.desktop/java.awt.EventQueue.dispatchEventImpl(EventQueue.java:775)
2025-09-20 17:08:20,283 [ERROR] LogOutputStream:75 - [STDERR_REDIRECT] 	at java.desktop/java.awt.EventQueue$4.run(EventQueue.java:720)
2025-09-20 17:08:20,284 [ERROR] LogOutputStream:75 - [STDERR_REDIRECT] 	at java.desktop/java.awt.EventQueue$4.run(EventQueue.java:714)
2025-09-20 17:08:20,285 [ERROR] LogOutputStream:75 - [STDERR_REDIRECT] 	at java.base/java.security.AccessController.doPrivileged(AccessController.java:400)
2025-09-20 17:08:20,287 [ERROR] LogOutputStream:75 - [STDERR_REDIRECT] 	at java.base/java.security.ProtectionDomain$JavaSecurityAccessImpl.doIntersectionPrivilege(ProtectionDomain.java:87)
2025-09-20 17:08:20,287 [ERROR] LogOutputStream:75 - [STDERR_REDIRECT] 	at java.base/java.security.ProtectionDomain$JavaSecurityAccessImpl.doIntersectionPrivilege(ProtectionDomain.java:98)
2025-09-20 17:08:20,289 [ERROR] LogOutputStream:75 - [STDERR_REDIRECT] 	at java.desktop/java.awt.EventQueue$5.run(EventQueue.java:747)
2025-09-20 17:08:20,290 [ERROR] LogOutputStream:75 - [STDERR_REDIRECT] 	at java.desktop/java.awt.EventQueue$5.run(EventQueue.java:745)
2025-09-20 17:08:20,291 [ERROR] LogOutputStream:75 - [STDERR_REDIRECT] 	at java.base/java.security.AccessController.doPrivileged(AccessController.java:400)
2025-09-20 17:08:20,292 [ERROR] LogOutputStream:75 - [STDERR_REDIRECT] 	at java.base/java.security.ProtectionDomain$JavaSecurityAccessImpl.doIntersectionPrivilege(ProtectionDomain.java:87)
2025-09-20 17:08:20,293 [ERROR] LogOutputStream:75 - [STDERR_REDIRECT] 	at java.desktop/java.awt.EventQueue.dispatchEvent(EventQueue.java:744)
2025-09-20 17:08:20,294 [ERROR] LogOutputStream:75 - [STDERR_REDIRECT] 	at java.desktop/java.awt.EventDispatchThread.pumpOneEventForFilters(EventDispatchThread.java:203)
2025-09-20 17:08:20,295 [ERROR] LogOutputStream:75 - [STDERR_REDIRECT] 	at java.desktop/java.awt.EventDispatchThread.pumpEventsForFilter(EventDispatchThread.java:124)
2025-09-20 17:08:20,296 [ERROR] LogOutputStream:75 - [STDERR_REDIRECT] 	at java.desktop/java.awt.EventDispatchThread.pumpEventsForHierarchy(EventDispatchThread.java:113)
2025-09-20 17:08:20,297 [ERROR] LogOutputStream:75 - [STDERR_REDIRECT] 	at java.desktop/java.awt.EventDispatchThread.pumpEvents(EventDispatchThread.java:109)
2025-09-20 17:08:20,298 [ERROR] LogOutputStream:75 - [STDERR_REDIRECT] 	at java.desktop/java.awt.EventDispatchThread.pumpEvents(EventDispatchThread.java:101)
2025-09-20 17:08:20,299 [ERROR] LogOutputStream:75 - [STDERR_REDIRECT] 	at java.desktop/java.awt.EventDispatchThread.run(EventDispatchThread.java:90)
2025-09-20 17:08:27,149 [WARN] IP:2250 - I2C_Coeff_DF not found: check if there is a RefParameter without a condition.
2025-09-20 17:08:27,149 [WARN] IP:2250 - Analog_Filter not found: check if there is a RefParameter without a condition.
2025-09-20 17:08:27,150 [WARN] IP:2250 - I2C_Coeff_DF not found: check if there is a RefParameter without a condition.
2025-09-20 17:08:27,150 [WARN] IP:2250 - Analog_Filter not found: check if there is a RefParameter without a condition.
2025-09-20 17:08:36,201 [ERROR] LogOutputStream:75 - [STDERR_REDIRECT] Exception in thread "AWT-EventQueue-0" java.lang.ClassCastException: class sun.awt.windows.WEmbeddedFrame cannot be cast to class javax.swing.JFrame (sun.awt.windows.WEmbeddedFrame and javax.swing.JFrame are in module java.desktop of loader 'bootstrap')
2025-09-20 17:08:36,202 [ERROR] LogOutputStream:75 - [STDERR_REDIRECT] 	at com.st.microxplorer.plugins.clock.ClockConfigurationView.activatePlugin(ClockConfigurationView.java:424)
2025-09-20 17:08:36,204 [ERROR] LogOutputStream:75 - [STDERR_REDIRECT] 	at com.st.microxplorer.maingui.MainPanel$1.stateChanged(MainPanel.java:385)
2025-09-20 17:08:36,205 [ERROR] LogOutputStream:75 - [STDERR_REDIRECT] 	at java.desktop/javax.swing.JTabbedPane.fireStateChanged(JTabbedPane.java:446)
2025-09-20 17:08:36,206 [ERROR] LogOutputStream:75 - [STDERR_REDIRECT] 	at java.desktop/javax.swing.JTabbedPane$ModelListener.stateChanged(JTabbedPane.java:297)
2025-09-20 17:08:36,207 [ERROR] LogOutputStream:75 - [STDERR_REDIRECT] 	at java.desktop/javax.swing.DefaultSingleSelectionModel.fireStateChanged(DefaultSingleSelectionModel.java:148)
2025-09-20 17:08:36,210 [ERROR] LogOutputStream:75 - [STDERR_REDIRECT] 	at java.desktop/javax.swing.DefaultSingleSelectionModel.setSelectedIndex(DefaultSingleSelectionModel.java:79)
2025-09-20 17:08:36,211 [ERROR] LogOutputStream:75 - [STDERR_REDIRECT] 	at java.desktop/javax.swing.JTabbedPane.setSelectedIndexImpl(JTabbedPane.java:650)
2025-09-20 17:08:36,212 [ERROR] LogOutputStream:75 - [STDERR_REDIRECT] 	at java.desktop/javax.swing.JTabbedPane.setSelectedIndex(JTabbedPane.java:625)
2025-09-20 17:08:36,213 [ERROR] LogOutputStream:75 - [STDERR_REDIRECT] 	at java.desktop/javax.swing.plaf.basic.BasicTabbedPaneUI$Handler.mousePressed(BasicTabbedPaneUI.java:4140)
2025-09-20 17:08:36,213 [ERROR] LogOutputStream:75 - [STDERR_REDIRECT] 	at java.desktop/java.awt.Component.processMouseEvent(Component.java:6618)
2025-09-20 17:08:36,215 [ERROR] LogOutputStream:75 - [STDERR_REDIRECT] 	at java.desktop/javax.swing.JComponent.processMouseEvent(JComponent.java:3398)
2025-09-20 17:08:36,216 [ERROR] LogOutputStream:75 - [STDERR_REDIRECT] 	at java.desktop/java.awt.Component.processEvent(Component.java:6386)
2025-09-20 17:08:36,216 [ERROR] LogOutputStream:75 - [STDERR_REDIRECT] 	at java.desktop/java.awt.Container.processEvent(Container.java:2266)
2025-09-20 17:08:36,217 [ERROR] LogOutputStream:75 - [STDERR_REDIRECT] 	at java.desktop/java.awt.Component.dispatchEventImpl(Component.java:4996)
2025-09-20 17:08:36,218 [ERROR] LogOutputStream:75 - [STDERR_REDIRECT] 	at java.desktop/java.awt.Container.dispatchEventImpl(Container.java:2324)
2025-09-20 17:08:36,219 [ERROR] LogOutputStream:75 - [STDERR_REDIRECT] 	at java.desktop/java.awt.Component.dispatchEvent(Component.java:4828)
2025-09-20 17:08:36,220 [ERROR] LogOutputStream:75 - [STDERR_REDIRECT] 	at java.desktop/java.awt.LightweightDispatcher.retargetMouseEvent(Container.java:4948)
2025-09-20 17:08:36,222 [ERROR] LogOutputStream:75 - [STDERR_REDIRECT] 	at java.desktop/java.awt.LightweightDispatcher.processMouseEvent(Container.java:4572)
2025-09-20 17:08:36,223 [ERROR] LogOutputStream:75 - [STDERR_REDIRECT] 	at java.desktop/java.awt.LightweightDispatcher.dispatchEvent(Container.java:4516)
2025-09-20 17:08:36,224 [ERROR] LogOutputStream:75 - [STDERR_REDIRECT] 	at java.desktop/java.awt.Container.dispatchEventImpl(Container.java:2310)
2025-09-20 17:08:36,225 [ERROR] LogOutputStream:75 - [STDERR_REDIRECT] 	at java.desktop/java.awt.Component.dispatchEvent(Component.java:4828)
2025-09-20 17:08:36,225 [ERROR] LogOutputStream:75 - [STDERR_REDIRECT] 	at java.desktop/java.awt.EventQueue.dispatchEventImpl(EventQueue.java:775)
2025-09-20 17:08:36,226 [ERROR] LogOutputStream:75 - [STDERR_REDIRECT] 	at java.desktop/java.awt.EventQueue$4.run(EventQueue.java:720)
2025-09-20 17:08:36,227 [ERROR] LogOutputStream:75 - [STDERR_REDIRECT] 	at java.desktop/java.awt.EventQueue$4.run(EventQueue.java:714)
2025-09-20 17:08:36,228 [ERROR] LogOutputStream:75 - [STDERR_REDIRECT] 	at java.base/java.security.AccessController.doPrivileged(AccessController.java:400)
2025-09-20 17:08:36,229 [ERROR] LogOutputStream:75 - [STDERR_REDIRECT] 	at java.base/java.security.ProtectionDomain$JavaSecurityAccessImpl.doIntersectionPrivilege(ProtectionDomain.java:87)
2025-09-20 17:08:36,230 [ERROR] LogOutputStream:75 - [STDERR_REDIRECT] 	at java.base/java.security.ProtectionDomain$JavaSecurityAccessImpl.doIntersectionPrivilege(ProtectionDomain.java:98)
2025-09-20 17:08:36,232 [ERROR] LogOutputStream:75 - [STDERR_REDIRECT] 	at java.desktop/java.awt.EventQueue$5.run(EventQueue.java:747)
2025-09-20 17:08:36,233 [ERROR] LogOutputStream:75 - [STDERR_REDIRECT] 	at java.desktop/java.awt.EventQueue$5.run(EventQueue.java:745)
2025-09-20 17:08:36,234 [ERROR] LogOutputStream:75 - [STDERR_REDIRECT] 	at java.base/java.security.AccessController.doPrivileged(AccessController.java:400)
2025-09-20 17:08:36,235 [ERROR] LogOutputStream:75 - [STDERR_REDIRECT] 	at java.base/java.security.ProtectionDomain$JavaSecurityAccessImpl.doIntersectionPrivilege(ProtectionDomain.java:87)
2025-09-20 17:08:36,236 [ERROR] LogOutputStream:75 - [STDERR_REDIRECT] 	at java.desktop/java.awt.EventQueue.dispatchEvent(EventQueue.java:744)
2025-09-20 17:08:36,237 [ERROR] LogOutputStream:75 - [STDERR_REDIRECT] 	at java.desktop/java.awt.EventDispatchThread.pumpOneEventForFilters(EventDispatchThread.java:203)
2025-09-20 17:08:36,238 [ERROR] LogOutputStream:75 - [STDERR_REDIRECT] 	at java.desktop/java.awt.EventDispatchThread.pumpEventsForFilter(EventDispatchThread.java:124)
2025-09-20 17:08:36,240 [ERROR] LogOutputStream:75 - [STDERR_REDIRECT] 	at java.desktop/java.awt.EventDispatchThread.pumpEventsForHierarchy(EventDispatchThread.java:113)
2025-09-20 17:08:36,240 [ERROR] LogOutputStream:75 - [STDERR_REDIRECT] 	at java.desktop/java.awt.EventDispatchThread.pumpEvents(EventDispatchThread.java:109)
2025-09-20 17:08:36,241 [ERROR] LogOutputStream:75 - [STDERR_REDIRECT] 	at java.desktop/java.awt.EventDispatchThread.pumpEvents(EventDispatchThread.java:101)
2025-09-20 17:08:36,242 [ERROR] LogOutputStream:75 - [STDERR_REDIRECT] 	at java.desktop/java.awt.EventDispatchThread.run(EventDispatchThread.java:90)
2025-09-20 17:09:36,116 [WARN] IP:2250 - I2C_Coeff_DF not found: check if there is a RefParameter without a condition.
2025-09-20 17:09:36,116 [WARN] IP:2250 - Analog_Filter not found: check if there is a RefParameter without a condition.
2025-09-20 17:09:36,119 [WARN] IP:2250 - I2C_Coeff_DF not found: check if there is a RefParameter without a condition.
2025-09-20 17:09:36,119 [WARN] IP:2250 - Analog_Filter not found: check if there is a RefParameter without a condition.
2025-09-20 17:09:36,538 [WARN] IP:2250 - I2C_Coeff_DF not found: check if there is a RefParameter without a condition.
2025-09-20 17:09:36,539 [WARN] IP:2250 - Analog_Filter not found: check if there is a RefParameter without a condition.
2025-09-20 17:09:36,540 [WARN] IP:2250 - I2C_Coeff_DF not found: check if there is a RefParameter without a condition.
2025-09-20 17:09:36,540 [WARN] IP:2250 - Analog_Filter not found: check if there is a RefParameter without a condition.
2025-09-20 17:13:54,807 [ERROR] LogOutputStream:75 - [STDERR_REDIRECT] Exception in thread "AWT-EventQueue-0" java.lang.ClassCastException: class sun.awt.windows.WEmbeddedFrame cannot be cast to class javax.swing.JFrame (sun.awt.windows.WEmbeddedFrame and javax.swing.JFrame are in module java.desktop of loader 'bootstrap')
2025-09-20 17:13:54,809 [ERROR] LogOutputStream:75 - [STDERR_REDIRECT] 	at com.st.microxplorer.plugins.clock.ClockConfigurationView.activatePlugin(ClockConfigurationView.java:424)
2025-09-20 17:13:54,812 [ERROR] LogOutputStream:75 - [STDERR_REDIRECT] 	at com.st.microxplorer.maingui.MainPanel$1.stateChanged(MainPanel.java:385)
2025-09-20 17:13:54,814 [ERROR] LogOutputStream:75 - [STDERR_REDIRECT] 	at java.desktop/javax.swing.JTabbedPane.fireStateChanged(JTabbedPane.java:446)
2025-09-20 17:13:54,817 [ERROR] LogOutputStream:75 - [STDERR_REDIRECT] 	at java.desktop/javax.swing.JTabbedPane$ModelListener.stateChanged(JTabbedPane.java:297)
2025-09-20 17:13:54,820 [ERROR] LogOutputStream:75 - [STDERR_REDIRECT] 	at java.desktop/javax.swing.DefaultSingleSelectionModel.fireStateChanged(DefaultSingleSelectionModel.java:148)
2025-09-20 17:13:54,823 [ERROR] LogOutputStream:75 - [STDERR_REDIRECT] 	at java.desktop/javax.swing.DefaultSingleSelectionModel.setSelectedIndex(DefaultSingleSelectionModel.java:79)
2025-09-20 17:13:54,826 [ERROR] LogOutputStream:75 - [STDERR_REDIRECT] 	at java.desktop/javax.swing.JTabbedPane.setSelectedIndexImpl(JTabbedPane.java:650)
2025-09-20 17:13:54,828 [ERROR] LogOutputStream:75 - [STDERR_REDIRECT] 	at java.desktop/javax.swing.JTabbedPane.setSelectedIndex(JTabbedPane.java:625)
2025-09-20 17:13:54,830 [ERROR] LogOutputStream:75 - [STDERR_REDIRECT] 	at java.desktop/javax.swing.plaf.basic.BasicTabbedPaneUI$Handler.mousePressed(BasicTabbedPaneUI.java:4140)
2025-09-20 17:13:54,832 [ERROR] LogOutputStream:75 - [STDERR_REDIRECT] 	at java.desktop/java.awt.Component.processMouseEvent(Component.java:6618)
2025-09-20 17:13:54,834 [ERROR] LogOutputStream:75 - [STDERR_REDIRECT] 	at java.desktop/javax.swing.JComponent.processMouseEvent(JComponent.java:3398)
2025-09-20 17:13:54,837 [ERROR] LogOutputStream:75 - [STDERR_REDIRECT] 	at java.desktop/java.awt.Component.processEvent(Component.java:6386)
2025-09-20 17:13:54,838 [ERROR] LogOutputStream:75 - [STDERR_REDIRECT] 	at java.desktop/java.awt.Container.processEvent(Container.java:2266)
2025-09-20 17:13:54,839 [ERROR] LogOutputStream:75 - [STDERR_REDIRECT] 	at java.desktop/java.awt.Component.dispatchEventImpl(Component.java:4996)
2025-09-20 17:13:54,841 [ERROR] LogOutputStream:75 - [STDERR_REDIRECT] 	at java.desktop/java.awt.Container.dispatchEventImpl(Container.java:2324)
2025-09-20 17:13:54,843 [ERROR] LogOutputStream:75 - [STDERR_REDIRECT] 	at java.desktop/java.awt.Component.dispatchEvent(Component.java:4828)
2025-09-20 17:13:54,846 [ERROR] LogOutputStream:75 - [STDERR_REDIRECT] 	at java.desktop/java.awt.LightweightDispatcher.retargetMouseEvent(Container.java:4948)
2025-09-20 17:13:54,847 [ERROR] LogOutputStream:75 - [STDERR_REDIRECT] 	at java.desktop/java.awt.LightweightDispatcher.processMouseEvent(Container.java:4572)
2025-09-20 17:13:54,849 [ERROR] LogOutputStream:75 - [STDERR_REDIRECT] 	at java.desktop/java.awt.LightweightDispatcher.dispatchEvent(Container.java:4516)
2025-09-20 17:13:54,851 [ERROR] LogOutputStream:75 - [STDERR_REDIRECT] 	at java.desktop/java.awt.Container.dispatchEventImpl(Container.java:2310)
2025-09-20 17:13:54,852 [ERROR] LogOutputStream:75 - [STDERR_REDIRECT] 	at java.desktop/java.awt.Component.dispatchEvent(Component.java:4828)
2025-09-20 17:13:54,853 [ERROR] LogOutputStream:75 - [STDERR_REDIRECT] 	at java.desktop/java.awt.EventQueue.dispatchEventImpl(EventQueue.java:775)
2025-09-20 17:13:54,855 [ERROR] LogOutputStream:75 - [STDERR_REDIRECT] 	at java.desktop/java.awt.EventQueue$4.run(EventQueue.java:720)
2025-09-20 17:13:54,856 [ERROR] LogOutputStream:75 - [STDERR_REDIRECT] 	at java.desktop/java.awt.EventQueue$4.run(EventQueue.java:714)
2025-09-20 17:13:54,857 [ERROR] LogOutputStream:75 - [STDERR_REDIRECT] 	at java.base/java.security.AccessController.doPrivileged(AccessController.java:400)
2025-09-20 17:13:54,860 [ERROR] LogOutputStream:75 - [STDERR_REDIRECT] 	at java.base/java.security.ProtectionDomain$JavaSecurityAccessImpl.doIntersectionPrivilege(ProtectionDomain.java:87)
2025-09-20 17:13:54,862 [ERROR] LogOutputStream:75 - [STDERR_REDIRECT] 	at java.base/java.security.ProtectionDomain$JavaSecurityAccessImpl.doIntersectionPrivilege(ProtectionDomain.java:98)
2025-09-20 17:13:54,863 [ERROR] LogOutputStream:75 - [STDERR_REDIRECT] 	at java.desktop/java.awt.EventQueue$5.run(EventQueue.java:747)
2025-09-20 17:13:54,865 [ERROR] LogOutputStream:75 - [STDERR_REDIRECT] 	at java.desktop/java.awt.EventQueue$5.run(EventQueue.java:745)
2025-09-20 17:13:54,867 [ERROR] LogOutputStream:75 - [STDERR_REDIRECT] 	at java.base/java.security.AccessController.doPrivileged(AccessController.java:400)
2025-09-20 17:13:54,868 [ERROR] LogOutputStream:75 - [STDERR_REDIRECT] 	at java.base/java.security.ProtectionDomain$JavaSecurityAccessImpl.doIntersectionPrivilege(ProtectionDomain.java:87)
2025-09-20 17:13:54,869 [ERROR] LogOutputStream:75 - [STDERR_REDIRECT] 	at java.desktop/java.awt.EventQueue.dispatchEvent(EventQueue.java:744)
2025-09-20 17:13:54,870 [ERROR] LogOutputStream:75 - [STDERR_REDIRECT] 	at java.desktop/java.awt.EventDispatchThread.pumpOneEventForFilters(EventDispatchThread.java:203)
2025-09-20 17:13:54,872 [ERROR] LogOutputStream:75 - [STDERR_REDIRECT] 	at java.desktop/java.awt.EventDispatchThread.pumpEventsForFilter(EventDispatchThread.java:124)
2025-09-20 17:13:54,873 [ERROR] LogOutputStream:75 - [STDERR_REDIRECT] 	at java.desktop/java.awt.EventDispatchThread.pumpEventsForHierarchy(EventDispatchThread.java:113)
2025-09-20 17:13:54,876 [ERROR] LogOutputStream:75 - [STDERR_REDIRECT] 	at java.desktop/java.awt.EventDispatchThread.pumpEvents(EventDispatchThread.java:109)
2025-09-20 17:13:54,877 [ERROR] LogOutputStream:75 - [STDERR_REDIRECT] 	at java.desktop/java.awt.EventDispatchThread.pumpEvents(EventDispatchThread.java:101)
2025-09-20 17:13:54,878 [ERROR] LogOutputStream:75 - [STDERR_REDIRECT] 	at java.desktop/java.awt.EventDispatchThread.run(EventDispatchThread.java:90)
2025-09-20 17:13:56,862 [WARN] IP:2250 - I2C_Coeff_DF not found: check if there is a RefParameter without a condition.
2025-09-20 17:13:56,862 [WARN] IP:2250 - Analog_Filter not found: check if there is a RefParameter without a condition.
2025-09-20 17:13:56,862 [WARN] IP:2250 - I2C_Coeff_DF not found: check if there is a RefParameter without a condition.
2025-09-20 17:13:56,863 [WARN] IP:2250 - Analog_Filter not found: check if there is a RefParameter without a condition.
2025-09-20 17:13:57,438 [WARN] IP:2250 - I2C_Coeff_DF not found: check if there is a RefParameter without a condition.
2025-09-20 17:13:57,438 [WARN] IP:2250 - Analog_Filter not found: check if there is a RefParameter without a condition.
2025-09-20 17:13:57,440 [WARN] IP:2250 - I2C_Coeff_DF not found: check if there is a RefParameter without a condition.
2025-09-20 17:13:57,440 [WARN] IP:2250 - Analog_Filter not found: check if there is a RefParameter without a condition.
2025-09-20 17:13:58,345 [WARN] IP:2250 - I2C_Coeff_DF not found: check if there is a RefParameter without a condition.
2025-09-20 17:13:58,345 [WARN] IP:2250 - Analog_Filter not found: check if there is a RefParameter without a condition.
2025-09-20 17:13:58,345 [WARN] IP:2250 - I2C_Coeff_DF not found: check if there is a RefParameter without a condition.
2025-09-20 17:13:58,345 [WARN] IP:2250 - Analog_Filter not found: check if there is a RefParameter without a condition.
2025-09-20 17:28:17,829 [WARN] IP:2250 - I2C_Coeff_DF not found: check if there is a RefParameter without a condition.
2025-09-20 17:28:17,830 [WARN] IP:2250 - Analog_Filter not found: check if there is a RefParameter without a condition.
2025-09-20 17:28:17,830 [WARN] IP:2250 - I2C_Coeff_DF not found: check if there is a RefParameter without a condition.
2025-09-20 17:28:17,831 [WARN] IP:2250 - Analog_Filter not found: check if there is a RefParameter without a condition.
2025-09-20 17:28:19,614 [WARN] IP:2250 - I2C_Coeff_DF not found: check if there is a RefParameter without a condition.
2025-09-20 17:28:19,615 [WARN] IP:2250 - Analog_Filter not found: check if there is a RefParameter without a condition.
2025-09-20 17:28:19,615 [WARN] IP:2250 - I2C_Coeff_DF not found: check if there is a RefParameter without a condition.
2025-09-20 17:28:19,615 [WARN] IP:2250 - Analog_Filter not found: check if there is a RefParameter without a condition.
2025-09-20 17:51:24,349 [INFO] UtilMem:75 - End SaveConfig() Used Memory: 371519784 Bytes (808452096)
2025-09-20 17:51:26,841 [ERROR] AdobePublisher:162 - Exception while opening the connection: java.net.ConnectException: Connection refused: getsockopt
2025-09-20 17:51:28,885 [ERROR] AdobePublisher:162 - Exception while opening the connection: java.net.ConnectException: Connection refused: getsockopt
2025-09-20 17:51:29,972 [INFO] UtilMem:75 - End SaveConfig() Used Memory: 394831376 Bytes (808452096)
2025-09-20 17:51:30,927 [ERROR] AdobePublisher:162 - Exception while opening the connection: java.net.ConnectException: Connection refused: getsockopt
2025-09-20 17:51:31,701 [INFO] UtilMem:75 - End SaveConfig() Used Memory: 444897952 Bytes (808452096)
2025-09-20 17:51:32,186 [INFO] ProjectBuilder:2380 - IP not ready for code generation: Clock
2025-09-20 17:51:32,982 [ERROR] AdobePublisher:162 - Exception while opening the connection: java.net.ConnectException: Connection refused: getsockopt
2025-09-20 17:51:35,029 [ERROR] AdobePublisher:162 - Exception while opening the connection: java.net.ConnectException: Connection refused: getsockopt
2025-09-20 17:51:45,748 [WARN] IP:2250 - I2C_Coeff_DF not found: check if there is a RefParameter without a condition.
2025-09-20 17:51:45,748 [WARN] IP:2250 - Analog_Filter not found: check if there is a RefParameter without a condition.
2025-09-20 17:51:45,750 [WARN] IP:2250 - I2C_Coeff_DF not found: check if there is a RefParameter without a condition.
2025-09-20 17:51:45,750 [WARN] IP:2250 - Analog_Filter not found: check if there is a RefParameter without a condition.
2025-09-20 17:51:46,754 [WARN] IP:2250 - I2C_Coeff_DF not found: check if there is a RefParameter without a condition.
2025-09-20 17:51:46,754 [WARN] IP:2250 - Analog_Filter not found: check if there is a RefParameter without a condition.
2025-09-20 17:51:46,755 [WARN] IP:2250 - I2C_Coeff_DF not found: check if there is a RefParameter without a condition.
2025-09-20 17:51:46,755 [WARN] IP:2250 - Analog_Filter not found: check if there is a RefParameter without a condition.
2025-09-20 17:51:58,699 [WARN] IP:2250 - I2C_Coeff_DF not found: check if there is a RefParameter without a condition.
2025-09-20 17:51:58,699 [WARN] IP:2250 - Analog_Filter not found: check if there is a RefParameter without a condition.
2025-09-20 17:51:58,699 [WARN] IP:2250 - I2C_Coeff_DF not found: check if there is a RefParameter without a condition.
2025-09-20 17:51:58,700 [WARN] IP:2250 - Analog_Filter not found: check if there is a RefParameter without a condition.
2025-09-20 17:54:01,469 [WARN] IP:2250 - DEVICE_SERIAL0_HID_FS not found: check if there is a RefParameter without a condition.
2025-09-20 17:54:01,469 [WARN] IP:2250 - DEVICE_SERIAL1_HID_FS not found: check if there is a RefParameter without a condition.
2025-09-20 17:54:01,469 [WARN] IP:2250 - DEVICE_SERIAL2_HID_FS not found: check if there is a RefParameter without a condition.
2025-09-20 17:54:01,470 [WARN] IP:2250 - DEVICE_SERIAL0_HID_FS not found: check if there is a RefParameter without a condition.
2025-09-20 17:54:01,470 [WARN] IP:2250 - DEVICE_SERIAL1_HID_FS not found: check if there is a RefParameter without a condition.
2025-09-20 17:54:01,470 [WARN] IP:2250 - DEVICE_SERIAL2_HID_FS not found: check if there is a RefParameter without a condition.
2025-09-20 17:54:01,499 [WARN] IP:2250 - DEVICE_SERIAL0_HID_FS not found: check if there is a RefParameter without a condition.
2025-09-20 17:54:01,499 [WARN] IP:2250 - DEVICE_SERIAL1_HID_FS not found: check if there is a RefParameter without a condition.
2025-09-20 17:54:01,499 [WARN] IP:2250 - DEVICE_SERIAL2_HID_FS not found: check if there is a RefParameter without a condition.
2025-09-20 17:54:50,901 [WARN] IP:2250 - DEVICE_SERIAL0_HID_FS not found: check if there is a RefParameter without a condition.
2025-09-20 17:54:50,901 [WARN] IP:2250 - DEVICE_SERIAL1_HID_FS not found: check if there is a RefParameter without a condition.
2025-09-20 17:54:50,901 [WARN] IP:2250 - DEVICE_SERIAL2_HID_FS not found: check if there is a RefParameter without a condition.
2025-09-20 17:54:50,903 [WARN] IP:2250 - DEVICE_SERIAL0_HID_FS not found: check if there is a RefParameter without a condition.
2025-09-20 17:54:50,903 [WARN] IP:2250 - DEVICE_SERIAL1_HID_FS not found: check if there is a RefParameter without a condition.
2025-09-20 17:54:50,903 [WARN] IP:2250 - DEVICE_SERIAL2_HID_FS not found: check if there is a RefParameter without a condition.
2025-09-20 17:54:50,916 [WARN] IP:2250 - I2C_Coeff_DF not found: check if there is a RefParameter without a condition.
2025-09-20 17:54:50,916 [WARN] IP:2250 - Analog_Filter not found: check if there is a RefParameter without a condition.
2025-09-20 17:54:50,916 [WARN] IP:2250 - I2C_Coeff_DF not found: check if there is a RefParameter without a condition.
2025-09-20 17:54:50,916 [WARN] IP:2250 - Analog_Filter not found: check if there is a RefParameter without a condition.
2025-09-20 17:54:59,159 [WARN] IP:2250 - DEVICE_SERIAL0_HID_FS not found: check if there is a RefParameter without a condition.
2025-09-20 17:54:59,159 [WARN] IP:2250 - DEVICE_SERIAL1_HID_FS not found: check if there is a RefParameter without a condition.
2025-09-20 17:54:59,159 [WARN] IP:2250 - DEVICE_SERIAL2_HID_FS not found: check if there is a RefParameter without a condition.
2025-09-20 17:54:59,160 [WARN] IP:2250 - DEVICE_SERIAL0_HID_FS not found: check if there is a RefParameter without a condition.
2025-09-20 17:54:59,160 [WARN] IP:2250 - DEVICE_SERIAL1_HID_FS not found: check if there is a RefParameter without a condition.
2025-09-20 17:54:59,160 [WARN] IP:2250 - DEVICE_SERIAL2_HID_FS not found: check if there is a RefParameter without a condition.
2025-09-20 17:54:59,173 [WARN] IP:2250 - I2C_Coeff_DF not found: check if there is a RefParameter without a condition.
2025-09-20 17:54:59,173 [WARN] IP:2250 - Analog_Filter not found: check if there is a RefParameter without a condition.
2025-09-20 17:54:59,175 [WARN] IP:2250 - I2C_Coeff_DF not found: check if there is a RefParameter without a condition.
2025-09-20 17:54:59,175 [WARN] IP:2250 - Analog_Filter not found: check if there is a RefParameter without a condition.
2025-09-20 17:55:12,107 [WARN] IP:2250 - DEVICE_SERIAL0_HID_FS not found: check if there is a RefParameter without a condition.
2025-09-20 17:55:12,108 [WARN] IP:2250 - DEVICE_SERIAL1_HID_FS not found: check if there is a RefParameter without a condition.
2025-09-20 17:55:12,108 [WARN] IP:2250 - DEVICE_SERIAL2_HID_FS not found: check if there is a RefParameter without a condition.
2025-09-20 17:55:12,110 [WARN] IP:2250 - DEVICE_SERIAL0_HID_FS not found: check if there is a RefParameter without a condition.
2025-09-20 17:55:12,110 [WARN] IP:2250 - DEVICE_SERIAL1_HID_FS not found: check if there is a RefParameter without a condition.
2025-09-20 17:55:12,112 [WARN] IP:2250 - DEVICE_SERIAL2_HID_FS not found: check if there is a RefParameter without a condition.
2025-09-20 17:55:12,149 [WARN] IP:2250 - I2C_Coeff_DF not found: check if there is a RefParameter without a condition.
2025-09-20 17:55:12,149 [WARN] IP:2250 - Analog_Filter not found: check if there is a RefParameter without a condition.
2025-09-20 17:55:12,151 [WARN] IP:2250 - I2C_Coeff_DF not found: check if there is a RefParameter without a condition.
2025-09-20 17:55:12,151 [WARN] IP:2250 - Analog_Filter not found: check if there is a RefParameter without a condition.
2025-09-20 17:55:14,786 [WARN] IP:2250 - DEVICE_SERIAL0_HID_FS not found: check if there is a RefParameter without a condition.
2025-09-20 17:55:14,787 [WARN] IP:2250 - DEVICE_SERIAL1_HID_FS not found: check if there is a RefParameter without a condition.
2025-09-20 17:55:14,787 [WARN] IP:2250 - DEVICE_SERIAL2_HID_FS not found: check if there is a RefParameter without a condition.
2025-09-20 17:55:14,788 [WARN] IP:2250 - DEVICE_SERIAL0_HID_FS not found: check if there is a RefParameter without a condition.
2025-09-20 17:55:14,788 [WARN] IP:2250 - DEVICE_SERIAL1_HID_FS not found: check if there is a RefParameter without a condition.
2025-09-20 17:55:14,789 [WARN] IP:2250 - DEVICE_SERIAL2_HID_FS not found: check if there is a RefParameter without a condition.
2025-09-20 17:55:14,807 [WARN] IP:2250 - I2C_Coeff_DF not found: check if there is a RefParameter without a condition.
2025-09-20 17:55:14,807 [WARN] IP:2250 - Analog_Filter not found: check if there is a RefParameter without a condition.
2025-09-20 17:55:14,807 [WARN] IP:2250 - I2C_Coeff_DF not found: check if there is a RefParameter without a condition.
2025-09-20 17:55:14,807 [WARN] IP:2250 - Analog_Filter not found: check if there is a RefParameter without a condition.
2025-09-20 17:55:17,098 [WARN] IP:2250 - DEVICE_SERIAL0_HID_FS not found: check if there is a RefParameter without a condition.
2025-09-20 17:55:17,098 [WARN] IP:2250 - DEVICE_SERIAL1_HID_FS not found: check if there is a RefParameter without a condition.
2025-09-20 17:55:17,100 [WARN] IP:2250 - DEVICE_SERIAL2_HID_FS not found: check if there is a RefParameter without a condition.
2025-09-20 17:55:17,101 [WARN] IP:2250 - DEVICE_SERIAL0_HID_FS not found: check if there is a RefParameter without a condition.
2025-09-20 17:55:17,101 [WARN] IP:2250 - DEVICE_SERIAL1_HID_FS not found: check if there is a RefParameter without a condition.
2025-09-20 17:55:17,101 [WARN] IP:2250 - DEVICE_SERIAL2_HID_FS not found: check if there is a RefParameter without a condition.
2025-09-20 17:55:17,117 [WARN] IP:2250 - I2C_Coeff_DF not found: check if there is a RefParameter without a condition.
2025-09-20 17:55:17,117 [WARN] IP:2250 - Analog_Filter not found: check if there is a RefParameter without a condition.
2025-09-20 17:55:17,118 [WARN] IP:2250 - I2C_Coeff_DF not found: check if there is a RefParameter without a condition.
2025-09-20 17:55:17,118 [WARN] IP:2250 - Analog_Filter not found: check if there is a RefParameter without a condition.
2025-09-20 17:55:38,825 [WARN] IP:2250 - DEVICE_SERIAL0_HID_FS not found: check if there is a RefParameter without a condition.
2025-09-20 17:55:38,825 [WARN] IP:2250 - DEVICE_SERIAL1_HID_FS not found: check if there is a RefParameter without a condition.
2025-09-20 17:55:38,825 [WARN] IP:2250 - DEVICE_SERIAL2_HID_FS not found: check if there is a RefParameter without a condition.
2025-09-20 17:56:25,537 [INFO] UtilMem:75 - End SaveConfig() Used Memory: 296517832 Bytes (808452096)
2025-09-20 17:56:26,414 [INFO] UtilMem:75 - End SaveConfig() Used Memory: 320031456 Bytes (808452096)
2025-09-20 17:56:27,918 [ERROR] AdobePublisher:162 - Exception while opening the connection: java.net.ConnectException: Connection refused: getsockopt
2025-09-20 17:56:28,086 [INFO] UtilMem:75 - End SaveConfig() Used Memory: 389053648 Bytes (808452096)
2025-09-20 17:56:28,470 [INFO] BlockDiagram:2775 - set Specific Code input for plugin: USB_OTG_FS
2025-09-20 17:56:28,470 [INFO] BlockDiagram:2775 - set Specific Code input for plugin: NVIC
2025-09-20 17:56:28,470 [INFO] BlockDiagram:2775 - set Specific Code input for plugin: USB_DEVICE
2025-09-20 17:56:28,472 [INFO] BlockDiagram:2775 - set Specific Code input for plugin: SYS
2025-09-20 17:56:28,472 [INFO] BlockDiagram:2775 - set Specific Code input for plugin: GPIO
2025-09-20 17:56:28,472 [INFO] BlockDiagram:2775 - set Specific Code input for plugin: RCC
2025-09-20 17:56:28,472 [INFO] BlockDiagram:2775 - set Specific Code input for plugin: I2C
2025-09-20 17:56:28,474 [INFO] CodeGenerator:892 - code generatio: config db path: G:\ST\STM32CubeIDE_1.19.0\STM32CubeIDE\plugins\com.st.stm32cube.common.mx_6.15.0.202507011659\\db\
2025-09-20 17:56:28,477 [WARN] IP:2250 - I2C_Coeff_DF not found: check if there is a RefParameter without a condition.
2025-09-20 17:56:28,477 [WARN] IP:2250 - Analog_Filter not found: check if there is a RefParameter without a condition.
2025-09-20 17:56:28,488 [WARN] IP:2250 - DEVICE_SERIAL0_HID_FS not found: check if there is a RefParameter without a condition.
2025-09-20 17:56:28,488 [WARN] IP:2250 - DEVICE_SERIAL1_HID_FS not found: check if there is a RefParameter without a condition.
2025-09-20 17:56:28,488 [WARN] IP:2250 - DEVICE_SERIAL2_HID_FS not found: check if there is a RefParameter without a condition.
2025-09-20 17:56:28,583 [INFO] CodeEngine:265 - oldGeneratedFile, G:\ST\workspace\MPR121\MXTmpFiles\license.tmp_save
2025-09-20 17:56:28,840 [INFO] CodeEngine:289 - Generated code: G:\ST\workspace\MPR121\MXTmpFiles\license.tmp
2025-09-20 17:56:28,878 [INFO] CodeEngine:265 - oldGeneratedFile, G:\ST\workspace\MPR121\MXTmpFiles\gpio.tmp_save
2025-09-20 17:56:29,031 [INFO] CodeEngine:289 - Generated code: G:\ST\workspace\MPR121\MXTmpFiles\gpio.tmp
2025-09-20 17:56:29,083 [WARN] IPConfigManager:3238 - Warning: the RefConfig PWREx_EnableUSBVoltageDetector is not available in your config.xml file
2025-09-20 17:56:29,095 [INFO] CodeEngine:265 - oldGeneratedFile, G:\ST\workspace\MPR121\MXTmpFiles\usb_otg_fs_vars.tmp_save
2025-09-20 17:56:29,213 [INFO] CodeEngine:289 - Generated code: G:\ST\workspace\MPR121\MXTmpFiles\usb_otg_fs_vars.tmp
2025-09-20 17:56:29,220 [INFO] CodeEngine:265 - oldGeneratedFile, G:\ST\workspace\MPR121\MXTmpFiles\usb_otg_fs_inc.tmp_save
2025-09-20 17:56:29,326 [INFO] CodeEngine:289 - Generated code: G:\ST\workspace\MPR121\MXTmpFiles\usb_otg_fs_inc.tmp
2025-09-20 17:56:29,336 [INFO] CodeEngine:265 - oldGeneratedFile, G:\ST\workspace\MPR121\MXTmpFiles\usb_otg_fs_HalInit.tmp_save
2025-09-20 17:56:29,460 [INFO] CodeEngine:289 - Generated code: G:\ST\workspace\MPR121\MXTmpFiles\usb_otg_fs_HalInit.tmp
2025-09-20 17:56:29,468 [INFO] CodeEngine:265 - oldGeneratedFile, G:\ST\workspace\MPR121\MXTmpFiles\usb_otg_fs_Msp.tmp_save
2025-09-20 17:56:29,600 [INFO] CodeEngine:289 - Generated code: G:\ST\workspace\MPR121\MXTmpFiles\usb_otg_fs_Msp.tmp
2025-09-20 17:56:29,724 [INFO] Middleware:1452 - No code input for Bsp Dependency
2025-09-20 17:56:29,748 [INFO] Middleware:1452 - No code input for Bsp Dependency
2025-09-20 17:56:29,760 [INFO] CodeEngine:265 - oldGeneratedFile, G:\ST\workspace\MPR121\USB_DEVICE\App\usb_device.c_save
2025-09-20 17:56:29,858 [INFO] CodeEngine:289 - Generated code: G:\ST\workspace\MPR121\USB_DEVICE\App\usb_device.c
2025-09-20 17:56:29,864 [INFO] CodeEngine:265 - oldGeneratedFile, G:\ST\workspace\MPR121\USB_DEVICE\App\usb_device.h_save
2025-09-20 17:56:29,944 [ERROR] AdobePublisher:162 - Exception while opening the connection: java.net.ConnectException: Connection refused: getsockopt
2025-09-20 17:56:29,947 [INFO] CodeEngine:289 - Generated code: G:\ST\workspace\MPR121\USB_DEVICE\App\usb_device.h
2025-09-20 17:56:29,954 [INFO] CodeEngine:265 - oldGeneratedFile, G:\ST\workspace\MPR121\USB_DEVICE\Target\usbd_conf.h_save
2025-09-20 17:56:30,040 [INFO] CodeEngine:289 - Generated code: G:\ST\workspace\MPR121\USB_DEVICE\Target\usbd_conf.h
2025-09-20 17:56:30,048 [INFO] CodeEngine:265 - oldGeneratedFile, G:\ST\workspace\MPR121\USB_DEVICE\Target\usbd_conf.c_save
2025-09-20 17:56:30,135 [INFO] CodeEngine:289 - Generated code: G:\ST\workspace\MPR121\USB_DEVICE\Target\usbd_conf.c
2025-09-20 17:56:30,142 [INFO] CodeEngine:265 - oldGeneratedFile, G:\ST\workspace\MPR121\USB_DEVICE\App\usbd_desc.h_save
2025-09-20 17:56:30,222 [INFO] CodeEngine:289 - Generated code: G:\ST\workspace\MPR121\USB_DEVICE\App\usbd_desc.h
2025-09-20 17:56:30,229 [INFO] CodeEngine:265 - oldGeneratedFile, G:\ST\workspace\MPR121\USB_DEVICE\App\usbd_desc.c_save
2025-09-20 17:56:30,311 [INFO] CodeEngine:289 - Generated code: G:\ST\workspace\MPR121\USB_DEVICE\App\usbd_desc.c
2025-09-20 17:56:30,326 [INFO] CodeEngine:265 - oldGeneratedFile, G:\ST\workspace\MPR121\Core\Src\stm32f4xx_it.c_save
2025-09-20 17:56:30,550 [INFO] CodeEngine:289 - Generated code: G:\ST\workspace\MPR121\Core\Src\stm32f4xx_it.c
2025-09-20 17:56:30,559 [INFO] CodeEngine:265 - oldGeneratedFile, G:\ST\workspace\MPR121\Core\Inc\stm32f4xx_it.h_save
2025-09-20 17:56:30,638 [INFO] CodeEngine:289 - Generated code: G:\ST\workspace\MPR121\Core\Inc\stm32f4xx_it.h
2025-09-20 17:56:30,658 [INFO] CodeEngine:265 - oldGeneratedFile, G:\ST\workspace\MPR121\Core\Src\stm32f4xx_hal_msp.c_save
2025-09-20 17:56:30,812 [INFO] CodeEngine:289 - Generated code: G:\ST\workspace\MPR121\Core\Src\stm32f4xx_hal_msp.c
2025-09-20 17:56:30,817 [INFO] CodeEngine:265 - oldGeneratedFile, G:\ST\workspace\MPR121\MXTmpFiles\system.tmp_save
2025-09-20 17:56:30,888 [INFO] CodeEngine:289 - Generated code: G:\ST\workspace\MPR121\MXTmpFiles\system.tmp
2025-09-20 17:56:30,900 [INFO] CodeEngine:321 - oldGeneratedFile, G:\ST\workspace\MPR121\Core\Inc\stm32f4xx_hal_conf.h_save
2025-09-20 17:56:30,991 [INFO] CodeEngine:345 - Generated code: G:\ST\workspace\MPR121\Core\Inc\stm32f4xx_hal_conf.h
2025-09-20 17:56:31,036 [INFO] CodeEngine:265 - oldGeneratedFile, G:\ST\workspace\MPR121\Core\Inc\main.h_save
2025-09-20 17:56:31,130 [INFO] CodeEngine:289 - Generated code: G:\ST\workspace\MPR121\Core\Inc\main.h
2025-09-20 17:56:31,138 [INFO] CodeEngine:265 - oldGeneratedFile, G:\ST\workspace\MPR121\Core\Src\main.c_save
2025-09-20 17:56:31,256 [INFO] CodeEngine:289 - Generated code: G:\ST\workspace\MPR121\Core\Src\main.c
2025-09-20 17:56:31,688 [INFO] ProjectBuilder:3606 - Time for Copy HAL[1] : 241mS.
2025-09-20 17:56:31,697 [INFO] ProjectBuilder:5216 - Project Generator version: 4.7.0-B52
2025-09-20 17:56:31,780 [INFO] ConfigFileManager:1595 - The Die is : DIE431
2025-09-20 17:56:31,990 [ERROR] AdobePublisher:162 - Exception while opening the connection: java.net.ConnectException: Connection refused: getsockopt
2025-09-20 17:56:33,110 [INFO] ProjectBuilder:5496 - Time for Generating toolchain IDE Files: 1413mS.
2025-09-20 17:56:33,111 [INFO] ProjectBuilder:3463 - Time for Copy CMSIS : 1mS.
2025-09-20 17:56:33,119 [INFO] ProjectBuilder:3463 - Time for Copy CMSIS : 0mS.
2025-09-20 17:56:34,014 [ERROR] AdobePublisher:162 - Exception while opening the connection: java.net.ConnectException: Connection refused: getsockopt
2025-09-20 17:56:36,070 [ERROR] AdobePublisher:162 - Exception while opening the connection: java.net.ConnectException: Connection refused: getsockopt
2025-09-20 17:59:06,688 [WARN] IP:2250 - DEVICE_SERIAL0_CUSTOM_HID_FS not found: check if there is a RefParameter without a condition.
2025-09-20 17:59:06,688 [WARN] IP:2250 - DEVICE_SERIAL1_CUSTOM_HID_FS not found: check if there is a RefParameter without a condition.
2025-09-20 17:59:06,688 [WARN] IP:2250 - DEVICE_SERIAL2_CUSTOM_HID_FS not found: check if there is a RefParameter without a condition.
2025-09-20 17:59:06,721 [WARN] IP:2250 - DEVICE_SERIAL0_CUSTOM_HID_FS not found: check if there is a RefParameter without a condition.
2025-09-20 17:59:06,721 [WARN] IP:2250 - DEVICE_SERIAL1_CUSTOM_HID_FS not found: check if there is a RefParameter without a condition.
2025-09-20 17:59:06,721 [WARN] IP:2250 - DEVICE_SERIAL2_CUSTOM_HID_FS not found: check if there is a RefParameter without a condition.
2025-09-20 17:59:06,722 [WARN] IP:2250 - DEVICE_SERIAL0_CUSTOM_HID_FS not found: check if there is a RefParameter without a condition.
2025-09-20 17:59:06,722 [WARN] IP:2250 - DEVICE_SERIAL1_CUSTOM_HID_FS not found: check if there is a RefParameter without a condition.
2025-09-20 17:59:06,722 [WARN] IP:2250 - DEVICE_SERIAL2_CUSTOM_HID_FS not found: check if there is a RefParameter without a condition.
2025-09-20 17:59:06,914 [WARN] IP:2250 - DEVICE_SERIAL0_CUSTOM_HID_FS not found: check if there is a RefParameter without a condition.
2025-09-20 17:59:06,914 [WARN] IP:2250 - DEVICE_SERIAL1_CUSTOM_HID_FS not found: check if there is a RefParameter without a condition.
2025-09-20 17:59:06,914 [WARN] IP:2250 - DEVICE_SERIAL2_CUSTOM_HID_FS not found: check if there is a RefParameter without a condition.
2025-09-20 17:59:06,915 [WARN] IP:2250 - DEVICE_SERIAL0_CUSTOM_HID_FS not found: check if there is a RefParameter without a condition.
2025-09-20 17:59:06,915 [WARN] IP:2250 - DEVICE_SERIAL1_CUSTOM_HID_FS not found: check if there is a RefParameter without a condition.
2025-09-20 17:59:06,915 [WARN] IP:2250 - DEVICE_SERIAL2_CUSTOM_HID_FS not found: check if there is a RefParameter without a condition.
2025-09-20 17:59:43,015 [INFO] UtilMem:75 - End SaveConfig() Used Memory: 730150976 Bytes (808452096)
2025-09-20 17:59:44,213 [INFO] UtilMem:75 - End SaveConfig() Used Memory: 295779416 Bytes (808452096)
2025-09-20 17:59:45,494 [ERROR] AdobePublisher:162 - Exception while opening the connection: java.net.ConnectException: Connection refused: getsockopt
2025-09-20 17:59:46,891 [INFO] UtilMem:75 - End SaveConfig() Used Memory: 329876248 Bytes (808452096)
2025-09-20 17:59:47,185 [INFO] BlockDiagram:2775 - set Specific Code input for plugin: USB_OTG_FS
2025-09-20 17:59:47,185 [INFO] BlockDiagram:2775 - set Specific Code input for plugin: NVIC
2025-09-20 17:59:47,185 [INFO] BlockDiagram:2775 - set Specific Code input for plugin: USB_DEVICE
2025-09-20 17:59:47,185 [INFO] BlockDiagram:2775 - set Specific Code input for plugin: SYS
2025-09-20 17:59:47,185 [INFO] BlockDiagram:2775 - set Specific Code input for plugin: GPIO
2025-09-20 17:59:47,185 [INFO] BlockDiagram:2775 - set Specific Code input for plugin: RCC
2025-09-20 17:59:47,186 [INFO] BlockDiagram:2775 - set Specific Code input for plugin: I2C
2025-09-20 17:59:47,186 [INFO] CodeGenerator:892 - code generatio: config db path: G:\ST\STM32CubeIDE_1.19.0\STM32CubeIDE\plugins\com.st.stm32cube.common.mx_6.15.0.202507011659\\db\
2025-09-20 17:59:47,189 [WARN] IP:2250 - I2C_Coeff_DF not found: check if there is a RefParameter without a condition.
2025-09-20 17:59:47,189 [WARN] IP:2250 - Analog_Filter not found: check if there is a RefParameter without a condition.
2025-09-20 17:59:47,197 [WARN] IP:2250 - DEVICE_SERIAL0_CUSTOM_HID_FS not found: check if there is a RefParameter without a condition.
2025-09-20 17:59:47,197 [WARN] IP:2250 - DEVICE_SERIAL1_CUSTOM_HID_FS not found: check if there is a RefParameter without a condition.
2025-09-20 17:59:47,197 [WARN] IP:2250 - DEVICE_SERIAL2_CUSTOM_HID_FS not found: check if there is a RefParameter without a condition.
2025-09-20 17:59:47,267 [INFO] CodeEngine:265 - oldGeneratedFile, G:\ST\workspace\MPR121\MXTmpFiles\license.tmp_save
2025-09-20 17:59:47,331 [INFO] CodeEngine:289 - Generated code: G:\ST\workspace\MPR121\MXTmpFiles\license.tmp
2025-09-20 17:59:47,347 [INFO] CodeEngine:265 - oldGeneratedFile, G:\ST\workspace\MPR121\MXTmpFiles\gpio.tmp_save
2025-09-20 17:59:47,413 [INFO] CodeEngine:289 - Generated code: G:\ST\workspace\MPR121\MXTmpFiles\gpio.tmp
2025-09-20 17:59:47,435 [WARN] IPConfigManager:3238 - Warning: the RefConfig PWREx_EnableUSBVoltageDetector is not available in your config.xml file
2025-09-20 17:59:47,444 [INFO] CodeEngine:265 - oldGeneratedFile, G:\ST\workspace\MPR121\MXTmpFiles\usb_otg_fs_vars.tmp_save
2025-09-20 17:59:47,507 [INFO] CodeEngine:289 - Generated code: G:\ST\workspace\MPR121\MXTmpFiles\usb_otg_fs_vars.tmp
2025-09-20 17:59:47,512 [INFO] CodeEngine:265 - oldGeneratedFile, G:\ST\workspace\MPR121\MXTmpFiles\usb_otg_fs_inc.tmp_save
2025-09-20 17:59:47,543 [ERROR] AdobePublisher:162 - Exception while opening the connection: java.net.ConnectException: Connection refused: getsockopt
2025-09-20 17:59:47,575 [INFO] CodeEngine:289 - Generated code: G:\ST\workspace\MPR121\MXTmpFiles\usb_otg_fs_inc.tmp
2025-09-20 17:59:47,580 [INFO] CodeEngine:265 - oldGeneratedFile, G:\ST\workspace\MPR121\MXTmpFiles\usb_otg_fs_HalInit.tmp_save
2025-09-20 17:59:47,656 [INFO] CodeEngine:289 - Generated code: G:\ST\workspace\MPR121\MXTmpFiles\usb_otg_fs_HalInit.tmp
2025-09-20 17:59:47,661 [INFO] CodeEngine:265 - oldGeneratedFile, G:\ST\workspace\MPR121\MXTmpFiles\usb_otg_fs_Msp.tmp_save
2025-09-20 17:59:47,736 [INFO] CodeEngine:289 - Generated code: G:\ST\workspace\MPR121\MXTmpFiles\usb_otg_fs_Msp.tmp
2025-09-20 17:59:47,798 [INFO] Middleware:1452 - No code input for Bsp Dependency
2025-09-20 17:59:47,818 [INFO] Middleware:1452 - No code input for Bsp Dependency
2025-09-20 17:59:47,826 [INFO] CodeEngine:265 - oldGeneratedFile, G:\ST\workspace\MPR121\USB_DEVICE\App\usb_device.c_save
2025-09-20 17:59:47,902 [INFO] CodeEngine:289 - Generated code: G:\ST\workspace\MPR121\USB_DEVICE\App\usb_device.c
2025-09-20 17:59:47,910 [INFO] CodeEngine:265 - oldGeneratedFile, G:\ST\workspace\MPR121\USB_DEVICE\App\usb_device.h_save
2025-09-20 17:59:47,979 [INFO] CodeEngine:289 - Generated code: G:\ST\workspace\MPR121\USB_DEVICE\App\usb_device.h
2025-09-20 17:59:47,985 [INFO] CodeEngine:265 - oldGeneratedFile, G:\ST\workspace\MPR121\USB_DEVICE\Target\usbd_conf.h_save
2025-09-20 17:59:48,055 [INFO] CodeEngine:289 - Generated code: G:\ST\workspace\MPR121\USB_DEVICE\Target\usbd_conf.h
2025-09-20 17:59:48,060 [INFO] CodeEngine:265 - oldGeneratedFile, G:\ST\workspace\MPR121\USB_DEVICE\Target\usbd_conf.c_save
2025-09-20 17:59:48,141 [INFO] CodeEngine:289 - Generated code: G:\ST\workspace\MPR121\USB_DEVICE\Target\usbd_conf.c
2025-09-20 17:59:48,147 [INFO] CodeEngine:265 - oldGeneratedFile, G:\ST\workspace\MPR121\USB_DEVICE\App\usbd_desc.h_save
2025-09-20 17:59:48,213 [INFO] CodeEngine:289 - Generated code: G:\ST\workspace\MPR121\USB_DEVICE\App\usbd_desc.h
2025-09-20 17:59:48,219 [INFO] CodeEngine:265 - oldGeneratedFile, G:\ST\workspace\MPR121\USB_DEVICE\App\usbd_desc.c_save
2025-09-20 17:59:48,293 [INFO] CodeEngine:289 - Generated code: G:\ST\workspace\MPR121\USB_DEVICE\App\usbd_desc.c
2025-09-20 17:59:48,303 [INFO] CodeEngine:265 - oldGeneratedFile, G:\ST\workspace\MPR121\USB_DEVICE\App\usbd_custom_hid_if.h_save
2025-09-20 17:59:48,367 [INFO] CodeEngine:289 - Generated code: G:\ST\workspace\MPR121\USB_DEVICE\App\usbd_custom_hid_if.h
2025-09-20 17:59:48,372 [INFO] CodeEngine:265 - oldGeneratedFile, G:\ST\workspace\MPR121\USB_DEVICE\App\usbd_custom_hid_if.c_save
2025-09-20 17:59:48,437 [INFO] CodeEngine:289 - Generated code: G:\ST\workspace\MPR121\USB_DEVICE\App\usbd_custom_hid_if.c
2025-09-20 17:59:48,450 [INFO] CodeEngine:265 - oldGeneratedFile, G:\ST\workspace\MPR121\Core\Src\stm32f4xx_it.c_save
2025-09-20 17:59:48,523 [INFO] CodeEngine:289 - Generated code: G:\ST\workspace\MPR121\Core\Src\stm32f4xx_it.c
2025-09-20 17:59:48,529 [INFO] CodeEngine:265 - oldGeneratedFile, G:\ST\workspace\MPR121\Core\Inc\stm32f4xx_it.h_save
2025-09-20 17:59:48,596 [INFO] CodeEngine:289 - Generated code: G:\ST\workspace\MPR121\Core\Inc\stm32f4xx_it.h
2025-09-20 17:59:48,612 [INFO] CodeEngine:265 - oldGeneratedFile, G:\ST\workspace\MPR121\Core\Src\stm32f4xx_hal_msp.c_save
2025-09-20 17:59:48,707 [INFO] CodeEngine:289 - Generated code: G:\ST\workspace\MPR121\Core\Src\stm32f4xx_hal_msp.c
2025-09-20 17:59:48,711 [INFO] CodeEngine:265 - oldGeneratedFile, G:\ST\workspace\MPR121\MXTmpFiles\system.tmp_save
2025-09-20 17:59:48,773 [INFO] CodeEngine:289 - Generated code: G:\ST\workspace\MPR121\MXTmpFiles\system.tmp
2025-09-20 17:59:48,784 [INFO] CodeEngine:321 - oldGeneratedFile, G:\ST\workspace\MPR121\Core\Inc\stm32f4xx_hal_conf.h_save
2025-09-20 17:59:48,858 [INFO] CodeEngine:345 - Generated code: G:\ST\workspace\MPR121\Core\Inc\stm32f4xx_hal_conf.h
2025-09-20 17:59:48,883 [INFO] CodeEngine:265 - oldGeneratedFile, G:\ST\workspace\MPR121\Core\Inc\main.h_save
2025-09-20 17:59:48,952 [INFO] CodeEngine:289 - Generated code: G:\ST\workspace\MPR121\Core\Inc\main.h
2025-09-20 17:59:48,958 [INFO] CodeEngine:265 - oldGeneratedFile, G:\ST\workspace\MPR121\Core\Src\main.c_save
2025-09-20 17:59:49,066 [INFO] CodeEngine:289 - Generated code: G:\ST\workspace\MPR121\Core\Src\main.c
2025-09-20 17:59:49,449 [INFO] ProjectBuilder:4221 - Deleted empty folder: G:\ST\workspace\MPR121\Middlewares\ST\STM32_USB_Device_Library\Class\HID\Inc
2025-09-20 17:59:49,449 [INFO] ProjectBuilder:4221 - Deleted empty folder: G:\ST\workspace\MPR121\Middlewares\ST\STM32_USB_Device_Library\Class\HID\Src
2025-09-20 17:59:49,450 [INFO] ProjectBuilder:4221 - Deleted empty folder: G:\ST\workspace\MPR121\Middlewares\ST\STM32_USB_Device_Library\Class\HID
2025-09-20 17:59:49,453 [INFO] ProjectBuilder:3606 - Time for Copy HAL[1] : 219mS.
2025-09-20 17:59:49,459 [INFO] ProjectBuilder:5216 - Project Generator version: 4.7.0-B52
2025-09-20 17:59:49,539 [INFO] ConfigFileManager:1595 - The Die is : DIE431
2025-09-20 17:59:49,582 [ERROR] AdobePublisher:162 - Exception while opening the connection: java.net.ConnectException: Connection refused: getsockopt
2025-09-20 17:59:50,459 [INFO] ProjectBuilder:5496 - Time for Generating toolchain IDE Files: 1000mS.
2025-09-20 17:59:50,460 [INFO] ProjectBuilder:3463 - Time for Copy CMSIS : 1mS.
2025-09-20 17:59:50,469 [INFO] ProjectBuilder:3463 - Time for Copy CMSIS : 0mS.
2025-09-20 17:59:51,623 [ERROR] AdobePublisher:162 - Exception while opening the connection: java.net.ConnectException: Connection refused: getsockopt
2025-09-20 17:59:52,828 [ERROR] AdobePublisher:162 - Exception while opening the connection: java.net.SocketTimeoutException: Connect timed out
2025-09-20 17:59:53,664 [ERROR] AdobePublisher:162 - Exception while opening the connection: java.net.ConnectException: Connection refused: getsockopt
2025-09-20 17:59:54,830 [ERROR] AdobePublisher:162 - Exception while opening the connection: java.net.SocketTimeoutException: Connect timed out
2025-09-20 17:59:56,832 [ERROR] AdobePublisher:162 - Exception while opening the connection: java.net.SocketTimeoutException: Connect timed out
2025-09-20 17:59:58,833 [ERROR] AdobePublisher:162 - Exception while opening the connection: java.net.SocketTimeoutException: Connect timed out
2025-09-20 18:00:00,835 [ERROR] AdobePublisher:162 - Exception while opening the connection: java.net.SocketTimeoutException: Connect timed out
2025-09-20 18:25:44,975 [WARN] IP:2250 - DEVICE_SERIAL0_CUSTOM_HID_FS not found: check if there is a RefParameter without a condition.
2025-09-20 18:25:44,975 [WARN] IP:2250 - DEVICE_SERIAL1_CUSTOM_HID_FS not found: check if there is a RefParameter without a condition.
2025-09-20 18:25:44,975 [WARN] IP:2250 - DEVICE_SERIAL2_CUSTOM_HID_FS not found: check if there is a RefParameter without a condition.
2025-09-20 18:25:48,289 [WARN] IP:2250 - DEVICE_SERIAL0_CUSTOM_HID_FS not found: check if there is a RefParameter without a condition.
2025-09-20 18:25:48,290 [WARN] IP:2250 - DEVICE_SERIAL1_CUSTOM_HID_FS not found: check if there is a RefParameter without a condition.
2025-09-20 18:25:48,290 [WARN] IP:2250 - DEVICE_SERIAL2_CUSTOM_HID_FS not found: check if there is a RefParameter without a condition.
2025-09-20 18:26:18,408 [WARN] IP:2250 - DEVICE_SERIAL0_CUSTOM_HID_FS not found: check if there is a RefParameter without a condition.
2025-09-20 18:26:18,408 [WARN] IP:2250 - DEVICE_SERIAL1_CUSTOM_HID_FS not found: check if there is a RefParameter without a condition.
2025-09-20 18:26:18,408 [WARN] IP:2250 - DEVICE_SERIAL2_CUSTOM_HID_FS not found: check if there is a RefParameter without a condition.
2025-09-20 18:26:27,981 [WARN] IP:2250 - DEVICE_SERIAL0_CUSTOM_HID_FS not found: check if there is a RefParameter without a condition.
2025-09-20 18:26:27,981 [WARN] IP:2250 - DEVICE_SERIAL1_CUSTOM_HID_FS not found: check if there is a RefParameter without a condition.
2025-09-20 18:26:27,981 [WARN] IP:2250 - DEVICE_SERIAL2_CUSTOM_HID_FS not found: check if there is a RefParameter without a condition.
2025-09-20 18:28:02,882 [WARN] IP:2250 - DEVICE_SERIAL0_CUSTOM_HID_FS not found: check if there is a RefParameter without a condition.
2025-09-20 18:28:02,882 [WARN] IP:2250 - DEVICE_SERIAL1_CUSTOM_HID_FS not found: check if there is a RefParameter without a condition.
2025-09-20 18:28:02,882 [WARN] IP:2250 - DEVICE_SERIAL2_CUSTOM_HID_FS not found: check if there is a RefParameter without a condition.
2025-09-20 18:28:02,883 [WARN] IP:2250 - DEVICE_SERIAL0_CUSTOM_HID_FS not found: check if there is a RefParameter without a condition.
2025-09-20 18:28:02,883 [WARN] IP:2250 - DEVICE_SERIAL1_CUSTOM_HID_FS not found: check if there is a RefParameter without a condition.
2025-09-20 18:28:02,883 [WARN] IP:2250 - DEVICE_SERIAL2_CUSTOM_HID_FS not found: check if there is a RefParameter without a condition.
2025-09-20 18:28:02,921 [WARN] IP:2250 - DEVICE_SERIAL0_CUSTOM_HID_FS not found: check if there is a RefParameter without a condition.
2025-09-20 18:28:02,921 [WARN] IP:2250 - DEVICE_SERIAL1_CUSTOM_HID_FS not found: check if there is a RefParameter without a condition.
2025-09-20 18:28:02,921 [WARN] IP:2250 - DEVICE_SERIAL2_CUSTOM_HID_FS not found: check if there is a RefParameter without a condition.
2025-09-20 18:28:09,589 [WARN] IP:2250 - DEVICE_SERIAL0_CUSTOM_HID_FS not found: check if there is a RefParameter without a condition.
2025-09-20 18:28:09,589 [WARN] IP:2250 - DEVICE_SERIAL1_CUSTOM_HID_FS not found: check if there is a RefParameter without a condition.
2025-09-20 18:28:09,590 [WARN] IP:2250 - DEVICE_SERIAL2_CUSTOM_HID_FS not found: check if there is a RefParameter without a condition.
2025-09-20 18:28:09,590 [WARN] IP:2250 - DEVICE_SERIAL0_CUSTOM_HID_FS not found: check if there is a RefParameter without a condition.
2025-09-20 18:28:09,590 [WARN] IP:2250 - DEVICE_SERIAL1_CUSTOM_HID_FS not found: check if there is a RefParameter without a condition.
2025-09-20 18:28:09,590 [WARN] IP:2250 - DEVICE_SERIAL2_CUSTOM_HID_FS not found: check if there is a RefParameter without a condition.
2025-09-20 18:28:09,605 [WARN] IP:2250 - DEVICE_SERIAL0_CUSTOM_HID_FS not found: check if there is a RefParameter without a condition.
2025-09-20 18:28:09,605 [WARN] IP:2250 - DEVICE_SERIAL1_CUSTOM_HID_FS not found: check if there is a RefParameter without a condition.
2025-09-20 18:28:09,605 [WARN] IP:2250 - DEVICE_SERIAL2_CUSTOM_HID_FS not found: check if there is a RefParameter without a condition.
2025-09-20 18:30:56,545 [WARN] IP:2250 - DEVICE_SERIAL0_CUSTOM_HID_FS not found: check if there is a RefParameter without a condition.
2025-09-20 18:30:56,545 [WARN] IP:2250 - DEVICE_SERIAL1_CUSTOM_HID_FS not found: check if there is a RefParameter without a condition.
2025-09-20 18:30:56,545 [WARN] IP:2250 - DEVICE_SERIAL2_CUSTOM_HID_FS not found: check if there is a RefParameter without a condition.
2025-09-20 18:30:56,546 [WARN] IP:2250 - DEVICE_SERIAL0_CUSTOM_HID_FS not found: check if there is a RefParameter without a condition.
2025-09-20 18:30:56,546 [WARN] IP:2250 - DEVICE_SERIAL1_CUSTOM_HID_FS not found: check if there is a RefParameter without a condition.
2025-09-20 18:30:56,546 [WARN] IP:2250 - DEVICE_SERIAL2_CUSTOM_HID_FS not found: check if there is a RefParameter without a condition.
2025-09-20 18:30:56,558 [WARN] IP:2250 - DEVICE_SERIAL0_CUSTOM_HID_FS not found: check if there is a RefParameter without a condition.
2025-09-20 18:30:56,558 [WARN] IP:2250 - DEVICE_SERIAL1_CUSTOM_HID_FS not found: check if there is a RefParameter without a condition.
2025-09-20 18:30:56,558 [WARN] IP:2250 - DEVICE_SERIAL2_CUSTOM_HID_FS not found: check if there is a RefParameter without a condition.
2025-09-20 18:31:18,615 [INFO] UtilMem:75 - End SaveConfig() Used Memory: 383760736 Bytes (808452096)
2025-09-20 18:31:19,417 [INFO] UtilMem:75 - End SaveConfig() Used Memory: 404732256 Bytes (808452096)
2025-09-20 18:31:20,712 [INFO] UtilMem:75 - End SaveConfig() Used Memory: 449298784 Bytes (808452096)
2025-09-20 18:31:21,021 [INFO] BlockDiagram:2775 - set Specific Code input for plugin: USB_OTG_FS
2025-09-20 18:31:21,021 [INFO] BlockDiagram:2775 - set Specific Code input for plugin: NVIC
2025-09-20 18:31:21,021 [INFO] BlockDiagram:2775 - set Specific Code input for plugin: USB_DEVICE
2025-09-20 18:31:21,021 [INFO] BlockDiagram:2775 - set Specific Code input for plugin: SYS
2025-09-20 18:31:21,021 [INFO] BlockDiagram:2775 - set Specific Code input for plugin: GPIO
2025-09-20 18:31:21,021 [INFO] BlockDiagram:2775 - set Specific Code input for plugin: RCC
2025-09-20 18:31:21,021 [INFO] BlockDiagram:2775 - set Specific Code input for plugin: I2C
2025-09-20 18:31:21,022 [INFO] CodeGenerator:892 - code generatio: config db path: G:\ST\STM32CubeIDE_1.19.0\STM32CubeIDE\plugins\com.st.stm32cube.common.mx_6.15.0.202507011659\\db\
2025-09-20 18:31:21,022 [WARN] IP:2250 - I2C_Coeff_DF not found: check if there is a RefParameter without a condition.
2025-09-20 18:31:21,022 [WARN] IP:2250 - Analog_Filter not found: check if there is a RefParameter without a condition.
2025-09-20 18:31:21,030 [WARN] IP:2250 - DEVICE_SERIAL0_CUSTOM_HID_FS not found: check if there is a RefParameter without a condition.
2025-09-20 18:31:21,031 [WARN] IP:2250 - DEVICE_SERIAL1_CUSTOM_HID_FS not found: check if there is a RefParameter without a condition.
2025-09-20 18:31:21,031 [WARN] IP:2250 - DEVICE_SERIAL2_CUSTOM_HID_FS not found: check if there is a RefParameter without a condition.
2025-09-20 18:31:21,094 [INFO] CodeEngine:265 - oldGeneratedFile, G:\ST\workspace\MPR121\MXTmpFiles\license.tmp_save
2025-09-20 18:31:21,158 [INFO] CodeEngine:289 - Generated code: G:\ST\workspace\MPR121\MXTmpFiles\license.tmp
2025-09-20 18:31:21,174 [INFO] CodeEngine:265 - oldGeneratedFile, G:\ST\workspace\MPR121\MXTmpFiles\gpio.tmp_save
2025-09-20 18:31:21,241 [INFO] CodeEngine:289 - Generated code: G:\ST\workspace\MPR121\MXTmpFiles\gpio.tmp
2025-09-20 18:31:21,261 [WARN] IPConfigManager:3238 - Warning: the RefConfig PWREx_EnableUSBVoltageDetector is not available in your config.xml file
2025-09-20 18:31:21,269 [INFO] CodeEngine:265 - oldGeneratedFile, G:\ST\workspace\MPR121\MXTmpFiles\usb_otg_fs_vars.tmp_save
2025-09-20 18:31:21,333 [INFO] CodeEngine:289 - Generated code: G:\ST\workspace\MPR121\MXTmpFiles\usb_otg_fs_vars.tmp
2025-09-20 18:31:21,337 [INFO] CodeEngine:265 - oldGeneratedFile, G:\ST\workspace\MPR121\MXTmpFiles\usb_otg_fs_inc.tmp_save
2025-09-20 18:31:21,397 [INFO] CodeEngine:289 - Generated code: G:\ST\workspace\MPR121\MXTmpFiles\usb_otg_fs_inc.tmp
2025-09-20 18:31:21,402 [INFO] CodeEngine:265 - oldGeneratedFile, G:\ST\workspace\MPR121\MXTmpFiles\usb_otg_fs_HalInit.tmp_save
2025-09-20 18:31:21,473 [INFO] CodeEngine:289 - Generated code: G:\ST\workspace\MPR121\MXTmpFiles\usb_otg_fs_HalInit.tmp
2025-09-20 18:31:21,477 [INFO] CodeEngine:265 - oldGeneratedFile, G:\ST\workspace\MPR121\MXTmpFiles\usb_otg_fs_Msp.tmp_save
2025-09-20 18:31:21,552 [INFO] CodeEngine:289 - Generated code: G:\ST\workspace\MPR121\MXTmpFiles\usb_otg_fs_Msp.tmp
2025-09-20 18:31:21,606 [INFO] Middleware:1452 - No code input for Bsp Dependency
2025-09-20 18:31:21,622 [INFO] Middleware:1452 - No code input for Bsp Dependency
2025-09-20 18:31:21,630 [INFO] CodeEngine:265 - oldGeneratedFile, G:\ST\workspace\MPR121\USB_DEVICE\App\usb_device.c_save
2025-09-20 18:31:21,700 [INFO] CodeEngine:289 - Generated code: G:\ST\workspace\MPR121\USB_DEVICE\App\usb_device.c
2025-09-20 18:31:21,706 [INFO] CodeEngine:265 - oldGeneratedFile, G:\ST\workspace\MPR121\USB_DEVICE\App\usb_device.h_save
2025-09-20 18:31:21,768 [INFO] CodeEngine:289 - Generated code: G:\ST\workspace\MPR121\USB_DEVICE\App\usb_device.h
2025-09-20 18:31:21,775 [INFO] CodeEngine:265 - oldGeneratedFile, G:\ST\workspace\MPR121\USB_DEVICE\Target\usbd_conf.h_save
2025-09-20 18:31:21,840 [INFO] CodeEngine:289 - Generated code: G:\ST\workspace\MPR121\USB_DEVICE\Target\usbd_conf.h
2025-09-20 18:31:21,846 [INFO] CodeEngine:265 - oldGeneratedFile, G:\ST\workspace\MPR121\USB_DEVICE\Target\usbd_conf.c_save
2025-09-20 18:31:21,930 [INFO] CodeEngine:289 - Generated code: G:\ST\workspace\MPR121\USB_DEVICE\Target\usbd_conf.c
2025-09-20 18:31:21,936 [INFO] CodeEngine:265 - oldGeneratedFile, G:\ST\workspace\MPR121\USB_DEVICE\App\usbd_desc.h_save
2025-09-20 18:31:22,002 [INFO] CodeEngine:289 - Generated code: G:\ST\workspace\MPR121\USB_DEVICE\App\usbd_desc.h
2025-09-20 18:31:22,008 [INFO] CodeEngine:265 - oldGeneratedFile, G:\ST\workspace\MPR121\USB_DEVICE\App\usbd_desc.c_save
2025-09-20 18:31:22,077 [INFO] CodeEngine:289 - Generated code: G:\ST\workspace\MPR121\USB_DEVICE\App\usbd_desc.c
2025-09-20 18:31:22,084 [INFO] CodeEngine:265 - oldGeneratedFile, G:\ST\workspace\MPR121\USB_DEVICE\App\usbd_custom_hid_if.h_save
2025-09-20 18:31:22,147 [INFO] CodeEngine:289 - Generated code: G:\ST\workspace\MPR121\USB_DEVICE\App\usbd_custom_hid_if.h
2025-09-20 18:31:22,154 [INFO] CodeEngine:265 - oldGeneratedFile, G:\ST\workspace\MPR121\USB_DEVICE\App\usbd_custom_hid_if.c_save
2025-09-20 18:31:22,220 [INFO] CodeEngine:289 - Generated code: G:\ST\workspace\MPR121\USB_DEVICE\App\usbd_custom_hid_if.c
2025-09-20 18:31:22,232 [INFO] CodeEngine:265 - oldGeneratedFile, G:\ST\workspace\MPR121\Core\Src\stm32f4xx_it.c_save
2025-09-20 18:31:22,368 [INFO] CodeEngine:289 - Generated code: G:\ST\workspace\MPR121\Core\Src\stm32f4xx_it.c
2025-09-20 18:31:22,375 [INFO] CodeEngine:265 - oldGeneratedFile, G:\ST\workspace\MPR121\Core\Inc\stm32f4xx_it.h_save
2025-09-20 18:31:22,438 [INFO] CodeEngine:289 - Generated code: G:\ST\workspace\MPR121\Core\Inc\stm32f4xx_it.h
2025-09-20 18:31:22,453 [INFO] CodeEngine:265 - oldGeneratedFile, G:\ST\workspace\MPR121\Core\Src\stm32f4xx_hal_msp.c_save
2025-09-20 18:31:22,546 [INFO] CodeEngine:289 - Generated code: G:\ST\workspace\MPR121\Core\Src\stm32f4xx_hal_msp.c
2025-09-20 18:31:22,551 [INFO] CodeEngine:265 - oldGeneratedFile, G:\ST\workspace\MPR121\MXTmpFiles\system.tmp_save
2025-09-20 18:31:22,610 [INFO] CodeEngine:289 - Generated code: G:\ST\workspace\MPR121\MXTmpFiles\system.tmp
2025-09-20 18:31:22,620 [INFO] CodeEngine:321 - oldGeneratedFile, G:\ST\workspace\MPR121\Core\Inc\stm32f4xx_hal_conf.h_save
2025-09-20 18:31:22,698 [INFO] CodeEngine:345 - Generated code: G:\ST\workspace\MPR121\Core\Inc\stm32f4xx_hal_conf.h
2025-09-20 18:31:22,722 [INFO] CodeEngine:265 - oldGeneratedFile, G:\ST\workspace\MPR121\Core\Inc\main.h_save
2025-09-20 18:31:22,800 [INFO] CodeEngine:289 - Generated code: G:\ST\workspace\MPR121\Core\Inc\main.h
2025-09-20 18:31:22,806 [INFO] CodeEngine:265 - oldGeneratedFile, G:\ST\workspace\MPR121\Core\Src\main.c_save
2025-09-20 18:31:22,903 [INFO] CodeEngine:289 - Generated code: G:\ST\workspace\MPR121\Core\Src\main.c
2025-09-20 18:31:23,372 [INFO] ProjectBuilder:3606 - Time for Copy HAL[1] : 230mS.
2025-09-20 18:31:23,379 [INFO] ProjectBuilder:5216 - Project Generator version: 4.7.0-B52
2025-09-20 18:31:23,458 [INFO] ConfigFileManager:1595 - The Die is : DIE431
2025-09-20 18:31:24,238 [INFO] ProjectBuilder:5496 - Time for Generating toolchain IDE Files: 859mS.
2025-09-20 18:31:24,239 [INFO] ProjectBuilder:3463 - Time for Copy CMSIS : 0mS.
2025-09-20 18:31:24,246 [INFO] ProjectBuilder:3463 - Time for Copy CMSIS : 0mS.
2025-09-20 18:32:21,428 [WARN] IP:2250 - DEVICE_SERIAL0_CUSTOM_HID_FS not found: check if there is a RefParameter without a condition.
2025-09-20 18:32:21,428 [WARN] IP:2250 - DEVICE_SERIAL1_CUSTOM_HID_FS not found: check if there is a RefParameter without a condition.
2025-09-20 18:32:21,428 [WARN] IP:2250 - DEVICE_SERIAL2_CUSTOM_HID_FS not found: check if there is a RefParameter without a condition.
2025-09-20 18:32:23,218 [WARN] IP:2250 - DEVICE_SERIAL0_CUSTOM_HID_FS not found: check if there is a RefParameter without a condition.
2025-09-20 18:32:23,218 [WARN] IP:2250 - DEVICE_SERIAL1_CUSTOM_HID_FS not found: check if there is a RefParameter without a condition.
2025-09-20 18:32:23,218 [WARN] IP:2250 - DEVICE_SERIAL2_CUSTOM_HID_FS not found: check if there is a RefParameter without a condition.
2025-09-20 18:57:20,199 [ERROR] AdobePublisher:162 - Exception while opening the connection: java.net.SocketTimeoutException: Connect timed out
2025-09-20 18:57:22,202 [ERROR] AdobePublisher:162 - Exception while opening the connection: java.net.SocketTimeoutException: Connect timed out
2025-09-20 18:57:24,203 [ERROR] AdobePublisher:162 - Exception while opening the connection: java.net.SocketTimeoutException: Connect timed out
2025-09-20 18:57:26,206 [ERROR] AdobePublisher:162 - Exception while opening the connection: java.net.SocketTimeoutException: Connect timed out
2025-09-20 18:57:28,207 [ERROR] AdobePublisher:162 - Exception while opening the connection: java.net.SocketTimeoutException: Connect timed out
2025-09-20 18:57:33,446 [ERROR] AdobePublisher:162 - Exception while opening the connection: java.net.SocketTimeoutException: Connect timed out
2025-09-20 18:57:35,449 [ERROR] AdobePublisher:162 - Exception while opening the connection: java.net.SocketTimeoutException: Connect timed out
2025-09-20 18:57:37,450 [ERROR] AdobePublisher:162 - Exception while opening the connection: java.net.SocketTimeoutException: Connect timed out
2025-09-20 18:57:39,451 [ERROR] AdobePublisher:162 - Exception while opening the connection: java.net.SocketTimeoutException: Connect timed out
2025-09-20 18:57:41,453 [ERROR] AdobePublisher:162 - Exception while opening the connection: java.net.SocketTimeoutException: Connect timed out
2025-09-20 19:02:46,194 [ERROR] AdobePublisher:162 - Exception while opening the connection: java.net.SocketTimeoutException: Connect timed out
2025-09-20 19:02:48,196 [ERROR] AdobePublisher:162 - Exception while opening the connection: java.net.SocketTimeoutException: Connect timed out
2025-09-20 19:02:50,198 [ERROR] AdobePublisher:162 - Exception while opening the connection: java.net.SocketTimeoutException: Connect timed out
2025-09-20 19:02:52,199 [ERROR] AdobePublisher:162 - Exception while opening the connection: java.net.SocketTimeoutException: Connect timed out
2025-09-20 19:02:54,201 [ERROR] AdobePublisher:162 - Exception while opening the connection: java.net.SocketTimeoutException: Connect timed out
2025-09-20 19:02:56,517 [ERROR] AdobePublisher:162 - Exception while opening the connection: java.net.SocketTimeoutException: Connect timed out
2025-09-20 19:02:58,519 [ERROR] AdobePublisher:162 - Exception while opening the connection: java.net.SocketTimeoutException: Connect timed out
2025-09-20 19:03:00,521 [ERROR] AdobePublisher:162 - Exception while opening the connection: java.net.SocketTimeoutException: Connect timed out
2025-09-20 19:03:02,522 [ERROR] AdobePublisher:162 - Exception while opening the connection: java.net.SocketTimeoutException: Connect timed out
2025-09-20 19:03:04,523 [ERROR] AdobePublisher:162 - Exception while opening the connection: java.net.SocketTimeoutException: Connect timed out
2025-09-20 19:04:09,380 [ERROR] AdobePublisher:162 - Exception while opening the connection: java.net.SocketTimeoutException: Connect timed out
2025-09-20 19:04:11,381 [ERROR] AdobePublisher:162 - Exception while opening the connection: java.net.SocketTimeoutException: Connect timed out
2025-09-20 19:04:13,383 [ERROR] AdobePublisher:162 - Exception while opening the connection: java.net.SocketTimeoutException: Connect timed out
2025-09-20 19:04:15,384 [ERROR] AdobePublisher:162 - Exception while opening the connection: java.net.SocketTimeoutException: Connect timed out
2025-09-20 19:04:17,386 [ERROR] AdobePublisher:162 - Exception while opening the connection: java.net.SocketTimeoutException: Connect timed out
2025-09-20 19:04:19,605 [ERROR] AdobePublisher:162 - Exception while opening the connection: java.net.SocketTimeoutException: Connect timed out
2025-09-20 19:04:21,607 [ERROR] AdobePublisher:162 - Exception while opening the connection: java.net.SocketTimeoutException: Connect timed out
2025-09-20 19:04:23,608 [ERROR] AdobePublisher:162 - Exception while opening the connection: java.net.SocketTimeoutException: Connect timed out
2025-09-20 19:04:25,610 [ERROR] AdobePublisher:162 - Exception while opening the connection: java.net.SocketTimeoutException: Connect timed out
2025-09-20 19:04:27,611 [ERROR] AdobePublisher:162 - Exception while opening the connection: java.net.SocketTimeoutException: Connect timed out
2025-09-20 19:08:20,574 [INFO] NvicIntPanel:101 - NVIC parent = com.st.microxplorer.plugins.ip.nvic.MultiNvicIntPanel[,0,0,450x161,layout=javax.swing.BoxLayout,alignmentX=0.0,alignmentY=0.0,border=,flags=9,maximumSize=,minimumSize=,preferredSize=]
2025-09-20 19:08:29,855 [WARN] IP:2250 - DEVICE_SERIAL0_CUSTOM_HID_FS not found: check if there is a RefParameter without a condition.
2025-09-20 19:08:29,855 [WARN] IP:2250 - DEVICE_SERIAL1_CUSTOM_HID_FS not found: check if there is a RefParameter without a condition.
2025-09-20 19:08:29,855 [WARN] IP:2250 - DEVICE_SERIAL2_CUSTOM_HID_FS not found: check if there is a RefParameter without a condition.
2025-09-20 19:08:51,285 [WARN] IP:2250 - DEVICE_SERIAL0_CUSTOM_HID_FS not found: check if there is a RefParameter without a condition.
2025-09-20 19:08:51,285 [WARN] IP:2250 - DEVICE_SERIAL1_CUSTOM_HID_FS not found: check if there is a RefParameter without a condition.
2025-09-20 19:08:51,285 [WARN] IP:2250 - DEVICE_SERIAL2_CUSTOM_HID_FS not found: check if there is a RefParameter without a condition.
2025-09-20 19:08:51,285 [WARN] IP:2250 - DEVICE_SERIAL0_CUSTOM_HID_FS not found: check if there is a RefParameter without a condition.
2025-09-20 19:08:51,285 [WARN] IP:2250 - DEVICE_SERIAL1_CUSTOM_HID_FS not found: check if there is a RefParameter without a condition.
2025-09-20 19:08:51,285 [WARN] IP:2250 - DEVICE_SERIAL2_CUSTOM_HID_FS not found: check if there is a RefParameter without a condition.
2025-09-20 19:08:51,302 [WARN] IP:2250 - DEVICE_SERIAL0_CUSTOM_HID_FS not found: check if there is a RefParameter without a condition.
2025-09-20 19:08:51,304 [WARN] IP:2250 - DEVICE_SERIAL1_CUSTOM_HID_FS not found: check if there is a RefParameter without a condition.
2025-09-20 19:08:51,304 [WARN] IP:2250 - DEVICE_SERIAL2_CUSTOM_HID_FS not found: check if there is a RefParameter without a condition.
2025-09-20 19:08:59,167 [INFO] UtilMem:75 - End SaveConfig() Used Memory: 490916520 Bytes (808452096)
2025-09-20 19:09:01,222 [INFO] UtilMem:75 - End SaveConfig() Used Memory: 512936616 Bytes (808452096)
2025-09-20 19:09:02,941 [INFO] UtilMem:75 - End SaveConfig() Used Memory: 567462568 Bytes (808452096)
2025-09-20 19:09:03,397 [INFO] BlockDiagram:2775 - set Specific Code input for plugin: USB_OTG_FS
2025-09-20 19:09:03,399 [INFO] BlockDiagram:2775 - set Specific Code input for plugin: NVIC
2025-09-20 19:09:03,399 [INFO] BlockDiagram:2775 - set Specific Code input for plugin: USB_DEVICE
2025-09-20 19:09:03,399 [INFO] BlockDiagram:2775 - set Specific Code input for plugin: SYS
2025-09-20 19:09:03,399 [INFO] BlockDiagram:2775 - set Specific Code input for plugin: GPIO
2025-09-20 19:09:03,399 [INFO] BlockDiagram:2775 - set Specific Code input for plugin: RCC
2025-09-20 19:09:03,399 [INFO] BlockDiagram:2775 - set Specific Code input for plugin: I2C
2025-09-20 19:09:03,400 [INFO] CodeGenerator:892 - code generatio: config db path: G:\ST\STM32CubeIDE_1.19.0\STM32CubeIDE\plugins\com.st.stm32cube.common.mx_6.15.0.202507011659\\db\
2025-09-20 19:09:03,403 [WARN] IP:2250 - I2C_Coeff_DF not found: check if there is a RefParameter without a condition.
2025-09-20 19:09:03,403 [WARN] IP:2250 - Analog_Filter not found: check if there is a RefParameter without a condition.
2025-09-20 19:09:03,414 [WARN] IP:2250 - DEVICE_SERIAL0_CUSTOM_HID_FS not found: check if there is a RefParameter without a condition.
2025-09-20 19:09:03,414 [WARN] IP:2250 - DEVICE_SERIAL1_CUSTOM_HID_FS not found: check if there is a RefParameter without a condition.
2025-09-20 19:09:03,414 [WARN] IP:2250 - DEVICE_SERIAL2_CUSTOM_HID_FS not found: check if there is a RefParameter without a condition.
2025-09-20 19:09:03,498 [INFO] CodeEngine:265 - oldGeneratedFile, G:\ST\workspace\MPR121\MXTmpFiles\license.tmp_save
2025-09-20 19:09:03,820 [INFO] CodeEngine:289 - Generated code: G:\ST\workspace\MPR121\MXTmpFiles\license.tmp
2025-09-20 19:09:03,864 [INFO] CodeEngine:265 - oldGeneratedFile, G:\ST\workspace\MPR121\MXTmpFiles\gpio.tmp_save
2025-09-20 19:09:04,018 [INFO] CodeEngine:289 - Generated code: G:\ST\workspace\MPR121\MXTmpFiles\gpio.tmp
2025-09-20 19:09:04,069 [WARN] IPConfigManager:3238 - Warning: the RefConfig PWREx_EnableUSBVoltageDetector is not available in your config.xml file
2025-09-20 19:09:04,080 [INFO] CodeEngine:265 - oldGeneratedFile, G:\ST\workspace\MPR121\MXTmpFiles\usb_otg_fs_vars.tmp_save
2025-09-20 19:09:04,188 [INFO] CodeEngine:289 - Generated code: G:\ST\workspace\MPR121\MXTmpFiles\usb_otg_fs_vars.tmp
2025-09-20 19:09:04,194 [INFO] CodeEngine:265 - oldGeneratedFile, G:\ST\workspace\MPR121\MXTmpFiles\usb_otg_fs_inc.tmp_save
2025-09-20 19:09:04,280 [INFO] CodeEngine:289 - Generated code: G:\ST\workspace\MPR121\MXTmpFiles\usb_otg_fs_inc.tmp
2025-09-20 19:09:04,286 [INFO] CodeEngine:265 - oldGeneratedFile, G:\ST\workspace\MPR121\MXTmpFiles\usb_otg_fs_HalInit.tmp_save
2025-09-20 19:09:04,383 [INFO] CodeEngine:289 - Generated code: G:\ST\workspace\MPR121\MXTmpFiles\usb_otg_fs_HalInit.tmp
2025-09-20 19:09:04,389 [INFO] CodeEngine:265 - oldGeneratedFile, G:\ST\workspace\MPR121\MXTmpFiles\usb_otg_fs_Msp.tmp_save
2025-09-20 19:09:04,491 [INFO] CodeEngine:289 - Generated code: G:\ST\workspace\MPR121\MXTmpFiles\usb_otg_fs_Msp.tmp
2025-09-20 19:09:04,594 [INFO] Middleware:1452 - No code input for Bsp Dependency
2025-09-20 19:09:04,612 [INFO] Middleware:1452 - No code input for Bsp Dependency
2025-09-20 19:09:04,622 [INFO] CodeEngine:265 - oldGeneratedFile, G:\ST\workspace\MPR121\USB_DEVICE\App\usb_device.c_save
2025-09-20 19:09:04,704 [INFO] CodeEngine:289 - Generated code: G:\ST\workspace\MPR121\USB_DEVICE\App\usb_device.c
2025-09-20 19:09:04,711 [INFO] CodeEngine:265 - oldGeneratedFile, G:\ST\workspace\MPR121\USB_DEVICE\App\usb_device.h_save
2025-09-20 19:09:04,790 [INFO] CodeEngine:289 - Generated code: G:\ST\workspace\MPR121\USB_DEVICE\App\usb_device.h
2025-09-20 19:09:04,796 [INFO] CodeEngine:265 - oldGeneratedFile, G:\ST\workspace\MPR121\USB_DEVICE\Target\usbd_conf.h_save
2025-09-20 19:09:04,878 [INFO] CodeEngine:289 - Generated code: G:\ST\workspace\MPR121\USB_DEVICE\Target\usbd_conf.h
2025-09-20 19:09:04,887 [INFO] CodeEngine:265 - oldGeneratedFile, G:\ST\workspace\MPR121\USB_DEVICE\Target\usbd_conf.c_save
2025-09-20 19:09:04,971 [INFO] CodeEngine:289 - Generated code: G:\ST\workspace\MPR121\USB_DEVICE\Target\usbd_conf.c
2025-09-20 19:09:04,977 [INFO] CodeEngine:265 - oldGeneratedFile, G:\ST\workspace\MPR121\USB_DEVICE\App\usbd_desc.h_save
2025-09-20 19:09:05,042 [INFO] CodeEngine:289 - Generated code: G:\ST\workspace\MPR121\USB_DEVICE\App\usbd_desc.h
2025-09-20 19:09:05,049 [INFO] CodeEngine:265 - oldGeneratedFile, G:\ST\workspace\MPR121\USB_DEVICE\App\usbd_desc.c_save
2025-09-20 19:09:05,123 [INFO] CodeEngine:289 - Generated code: G:\ST\workspace\MPR121\USB_DEVICE\App\usbd_desc.c
2025-09-20 19:09:05,128 [INFO] CodeEngine:265 - oldGeneratedFile, G:\ST\workspace\MPR121\USB_DEVICE\App\usbd_custom_hid_if.h_save
2025-09-20 19:09:05,194 [INFO] CodeEngine:289 - Generated code: G:\ST\workspace\MPR121\USB_DEVICE\App\usbd_custom_hid_if.h
2025-09-20 19:09:05,201 [INFO] CodeEngine:265 - oldGeneratedFile, G:\ST\workspace\MPR121\USB_DEVICE\App\usbd_custom_hid_if.c_save
2025-09-20 19:09:05,278 [INFO] CodeEngine:289 - Generated code: G:\ST\workspace\MPR121\USB_DEVICE\App\usbd_custom_hid_if.c
2025-09-20 19:09:05,292 [INFO] CodeEngine:265 - oldGeneratedFile, G:\ST\workspace\MPR121\Core\Src\stm32f4xx_it.c_save
2025-09-20 19:09:05,447 [INFO] CodeEngine:289 - Generated code: G:\ST\workspace\MPR121\Core\Src\stm32f4xx_it.c
2025-09-20 19:09:05,454 [INFO] CodeEngine:265 - oldGeneratedFile, G:\ST\workspace\MPR121\Core\Inc\stm32f4xx_it.h_save
2025-09-20 19:09:05,519 [INFO] CodeEngine:289 - Generated code: G:\ST\workspace\MPR121\Core\Inc\stm32f4xx_it.h
2025-09-20 19:09:05,534 [INFO] CodeEngine:265 - oldGeneratedFile, G:\ST\workspace\MPR121\Core\Src\stm32f4xx_hal_msp.c_save
2025-09-20 19:09:05,628 [INFO] CodeEngine:289 - Generated code: G:\ST\workspace\MPR121\Core\Src\stm32f4xx_hal_msp.c
2025-09-20 19:09:05,633 [INFO] CodeEngine:265 - oldGeneratedFile, G:\ST\workspace\MPR121\MXTmpFiles\system.tmp_save
2025-09-20 19:09:05,694 [INFO] CodeEngine:289 - Generated code: G:\ST\workspace\MPR121\MXTmpFiles\system.tmp
2025-09-20 19:09:05,705 [INFO] CodeEngine:321 - oldGeneratedFile, G:\ST\workspace\MPR121\Core\Inc\stm32f4xx_hal_conf.h_save
2025-09-20 19:09:05,778 [INFO] CodeEngine:345 - Generated code: G:\ST\workspace\MPR121\Core\Inc\stm32f4xx_hal_conf.h
2025-09-20 19:09:05,811 [INFO] CodeEngine:265 - oldGeneratedFile, G:\ST\workspace\MPR121\Core\Inc\main.h_save
2025-09-20 19:09:05,897 [INFO] CodeEngine:289 - Generated code: G:\ST\workspace\MPR121\Core\Inc\main.h
2025-09-20 19:09:05,905 [INFO] CodeEngine:265 - oldGeneratedFile, G:\ST\workspace\MPR121\Core\Src\main.c_save
2025-09-20 19:09:06,011 [INFO] CodeEngine:289 - Generated code: G:\ST\workspace\MPR121\Core\Src\main.c
2025-09-20 19:09:06,417 [INFO] ProjectBuilder:3606 - Time for Copy HAL[1] : 220mS.
2025-09-20 19:09:06,423 [INFO] ProjectBuilder:5216 - Project Generator version: 4.7.0-B52
2025-09-20 19:09:06,506 [INFO] ConfigFileManager:1595 - The Die is : DIE431
2025-09-20 19:09:07,390 [INFO] ProjectBuilder:5496 - Time for Generating toolchain IDE Files: 966mS.
2025-09-20 19:09:07,391 [INFO] ProjectBuilder:3463 - Time for Copy CMSIS : 1mS.
2025-09-20 19:09:07,400 [INFO] ProjectBuilder:3463 - Time for Copy CMSIS : 0mS.
2025-09-20 19:09:52,590 [WARN] IP:2250 - DEVICE_SERIAL0_CUSTOM_HID_FS not found: check if there is a RefParameter without a condition.
2025-09-20 19:09:52,590 [WARN] IP:2250 - DEVICE_SERIAL1_CUSTOM_HID_FS not found: check if there is a RefParameter without a condition.
2025-09-20 19:09:52,590 [WARN] IP:2250 - DEVICE_SERIAL2_CUSTOM_HID_FS not found: check if there is a RefParameter without a condition.
2025-09-20 19:09:52,591 [WARN] IP:2250 - DEVICE_SERIAL0_CUSTOM_HID_FS not found: check if there is a RefParameter without a condition.
2025-09-20 19:09:52,591 [WARN] IP:2250 - DEVICE_SERIAL1_CUSTOM_HID_FS not found: check if there is a RefParameter without a condition.
2025-09-20 19:09:52,591 [WARN] IP:2250 - DEVICE_SERIAL2_CUSTOM_HID_FS not found: check if there is a RefParameter without a condition.
2025-09-20 19:09:52,604 [WARN] IP:2250 - DEVICE_SERIAL0_CUSTOM_HID_FS not found: check if there is a RefParameter without a condition.
2025-09-20 19:09:52,604 [WARN] IP:2250 - DEVICE_SERIAL1_CUSTOM_HID_FS not found: check if there is a RefParameter without a condition.
2025-09-20 19:09:52,604 [WARN] IP:2250 - DEVICE_SERIAL2_CUSTOM_HID_FS not found: check if there is a RefParameter without a condition.
2025-09-20 19:10:13,719 [WARN] IP:2250 - DEVICE_SERIAL0_CUSTOM_HID_FS not found: check if there is a RefParameter without a condition.
2025-09-20 19:10:13,719 [WARN] IP:2250 - DEVICE_SERIAL1_CUSTOM_HID_FS not found: check if there is a RefParameter without a condition.
2025-09-20 19:10:13,719 [WARN] IP:2250 - DEVICE_SERIAL2_CUSTOM_HID_FS not found: check if there is a RefParameter without a condition.
2025-09-20 19:10:13,720 [WARN] IP:2250 - DEVICE_SERIAL0_CUSTOM_HID_FS not found: check if there is a RefParameter without a condition.
2025-09-20 19:10:13,720 [WARN] IP:2250 - DEVICE_SERIAL1_CUSTOM_HID_FS not found: check if there is a RefParameter without a condition.
2025-09-20 19:10:13,720 [WARN] IP:2250 - DEVICE_SERIAL2_CUSTOM_HID_FS not found: check if there is a RefParameter without a condition.
2025-09-20 19:10:13,734 [WARN] IP:2250 - DEVICE_SERIAL0_CUSTOM_HID_FS not found: check if there is a RefParameter without a condition.
2025-09-20 19:10:13,734 [WARN] IP:2250 - DEVICE_SERIAL1_CUSTOM_HID_FS not found: check if there is a RefParameter without a condition.
2025-09-20 19:10:13,734 [WARN] IP:2250 - DEVICE_SERIAL2_CUSTOM_HID_FS not found: check if there is a RefParameter without a condition.
2025-09-20 19:10:14,534 [INFO] UtilMem:75 - End SaveConfig() Used Memory: 674338752 Bytes (808452096)
2025-09-20 19:10:15,383 [INFO] UtilMem:75 - End SaveConfig() Used Memory: 696885184 Bytes (808452096)
2025-09-20 19:10:17,143 [INFO] UtilMem:75 - End SaveConfig() Used Memory: 349869840 Bytes (808452096)
2025-09-20 19:10:17,466 [INFO] BlockDiagram:2775 - set Specific Code input for plugin: USB_OTG_FS
2025-09-20 19:10:17,466 [INFO] BlockDiagram:2775 - set Specific Code input for plugin: NVIC
2025-09-20 19:10:17,466 [INFO] BlockDiagram:2775 - set Specific Code input for plugin: USB_DEVICE
2025-09-20 19:10:17,466 [INFO] BlockDiagram:2775 - set Specific Code input for plugin: SYS
2025-09-20 19:10:17,466 [INFO] BlockDiagram:2775 - set Specific Code input for plugin: GPIO
2025-09-20 19:10:17,466 [INFO] BlockDiagram:2775 - set Specific Code input for plugin: RCC
2025-09-20 19:10:17,467 [INFO] BlockDiagram:2775 - set Specific Code input for plugin: I2C
2025-09-20 19:10:17,467 [INFO] CodeGenerator:892 - code generatio: config db path: G:\ST\STM32CubeIDE_1.19.0\STM32CubeIDE\plugins\com.st.stm32cube.common.mx_6.15.0.202507011659\\db\
2025-09-20 19:10:17,469 [WARN] IP:2250 - I2C_Coeff_DF not found: check if there is a RefParameter without a condition.
2025-09-20 19:10:17,469 [WARN] IP:2250 - Analog_Filter not found: check if there is a RefParameter without a condition.
2025-09-20 19:10:17,475 [WARN] IP:2250 - DEVICE_SERIAL0_CUSTOM_HID_FS not found: check if there is a RefParameter without a condition.
2025-09-20 19:10:17,477 [WARN] IP:2250 - DEVICE_SERIAL1_CUSTOM_HID_FS not found: check if there is a RefParameter without a condition.
2025-09-20 19:10:17,477 [WARN] IP:2250 - DEVICE_SERIAL2_CUSTOM_HID_FS not found: check if there is a RefParameter without a condition.
2025-09-20 19:10:17,541 [INFO] CodeEngine:265 - oldGeneratedFile, G:\ST\workspace\MPR121\MXTmpFiles\license.tmp_save
2025-09-20 19:10:17,604 [INFO] CodeEngine:289 - Generated code: G:\ST\workspace\MPR121\MXTmpFiles\license.tmp
2025-09-20 19:10:17,620 [INFO] CodeEngine:265 - oldGeneratedFile, G:\ST\workspace\MPR121\MXTmpFiles\gpio.tmp_save
2025-09-20 19:10:17,687 [INFO] CodeEngine:289 - Generated code: G:\ST\workspace\MPR121\MXTmpFiles\gpio.tmp
2025-09-20 19:10:17,708 [WARN] IPConfigManager:3238 - Warning: the RefConfig PWREx_EnableUSBVoltageDetector is not available in your config.xml file
2025-09-20 19:10:17,716 [INFO] CodeEngine:265 - oldGeneratedFile, G:\ST\workspace\MPR121\MXTmpFiles\usb_otg_fs_vars.tmp_save
2025-09-20 19:10:17,777 [INFO] CodeEngine:289 - Generated code: G:\ST\workspace\MPR121\MXTmpFiles\usb_otg_fs_vars.tmp
2025-09-20 19:10:17,782 [INFO] CodeEngine:265 - oldGeneratedFile, G:\ST\workspace\MPR121\MXTmpFiles\usb_otg_fs_inc.tmp_save
2025-09-20 19:10:17,841 [INFO] CodeEngine:289 - Generated code: G:\ST\workspace\MPR121\MXTmpFiles\usb_otg_fs_inc.tmp
2025-09-20 19:10:17,846 [INFO] CodeEngine:265 - oldGeneratedFile, G:\ST\workspace\MPR121\MXTmpFiles\usb_otg_fs_HalInit.tmp_save
2025-09-20 19:10:17,917 [INFO] CodeEngine:289 - Generated code: G:\ST\workspace\MPR121\MXTmpFiles\usb_otg_fs_HalInit.tmp
2025-09-20 19:10:17,921 [INFO] CodeEngine:265 - oldGeneratedFile, G:\ST\workspace\MPR121\MXTmpFiles\usb_otg_fs_Msp.tmp_save
2025-09-20 19:10:17,995 [INFO] CodeEngine:289 - Generated code: G:\ST\workspace\MPR121\MXTmpFiles\usb_otg_fs_Msp.tmp
2025-09-20 19:10:18,048 [INFO] Middleware:1452 - No code input for Bsp Dependency
2025-09-20 19:10:18,064 [INFO] Middleware:1452 - No code input for Bsp Dependency
2025-09-20 19:10:18,073 [INFO] CodeEngine:265 - oldGeneratedFile, G:\ST\workspace\MPR121\USB_DEVICE\App\usb_device.c_save
2025-09-20 19:10:18,147 [INFO] CodeEngine:289 - Generated code: G:\ST\workspace\MPR121\USB_DEVICE\App\usb_device.c
2025-09-20 19:10:18,153 [INFO] CodeEngine:265 - oldGeneratedFile, G:\ST\workspace\MPR121\USB_DEVICE\App\usb_device.h_save
2025-09-20 19:10:18,221 [INFO] CodeEngine:289 - Generated code: G:\ST\workspace\MPR121\USB_DEVICE\App\usb_device.h
2025-09-20 19:10:18,227 [INFO] CodeEngine:265 - oldGeneratedFile, G:\ST\workspace\MPR121\USB_DEVICE\Target\usbd_conf.h_save
2025-09-20 19:10:18,293 [INFO] CodeEngine:289 - Generated code: G:\ST\workspace\MPR121\USB_DEVICE\Target\usbd_conf.h
2025-09-20 19:10:18,300 [INFO] CodeEngine:265 - oldGeneratedFile, G:\ST\workspace\MPR121\USB_DEVICE\Target\usbd_conf.c_save
2025-09-20 19:10:18,374 [INFO] CodeEngine:289 - Generated code: G:\ST\workspace\MPR121\USB_DEVICE\Target\usbd_conf.c
2025-09-20 19:10:18,380 [INFO] CodeEngine:265 - oldGeneratedFile, G:\ST\workspace\MPR121\USB_DEVICE\App\usbd_desc.h_save
2025-09-20 19:10:18,443 [INFO] CodeEngine:289 - Generated code: G:\ST\workspace\MPR121\USB_DEVICE\App\usbd_desc.h
2025-09-20 19:10:18,450 [INFO] CodeEngine:265 - oldGeneratedFile, G:\ST\workspace\MPR121\USB_DEVICE\App\usbd_desc.c_save
2025-09-20 19:10:18,518 [INFO] CodeEngine:289 - Generated code: G:\ST\workspace\MPR121\USB_DEVICE\App\usbd_desc.c
2025-09-20 19:10:18,525 [INFO] CodeEngine:265 - oldGeneratedFile, G:\ST\workspace\MPR121\USB_DEVICE\App\usbd_custom_hid_if.h_save
2025-09-20 19:10:18,588 [INFO] CodeEngine:289 - Generated code: G:\ST\workspace\MPR121\USB_DEVICE\App\usbd_custom_hid_if.h
2025-09-20 19:10:18,594 [INFO] CodeEngine:265 - oldGeneratedFile, G:\ST\workspace\MPR121\USB_DEVICE\App\usbd_custom_hid_if.c_save
2025-09-20 19:10:18,664 [INFO] CodeEngine:289 - Generated code: G:\ST\workspace\MPR121\USB_DEVICE\App\usbd_custom_hid_if.c
2025-09-20 19:10:18,674 [INFO] CodeEngine:265 - oldGeneratedFile, G:\ST\workspace\MPR121\Core\Src\stm32f4xx_it.c_save
2025-09-20 19:10:18,745 [INFO] CodeEngine:289 - Generated code: G:\ST\workspace\MPR121\Core\Src\stm32f4xx_it.c
2025-09-20 19:10:18,751 [INFO] CodeEngine:265 - oldGeneratedFile, G:\ST\workspace\MPR121\Core\Inc\stm32f4xx_it.h_save
2025-09-20 19:10:18,813 [INFO] CodeEngine:289 - Generated code: G:\ST\workspace\MPR121\Core\Inc\stm32f4xx_it.h
2025-09-20 19:10:18,827 [INFO] CodeEngine:265 - oldGeneratedFile, G:\ST\workspace\MPR121\Core\Src\stm32f4xx_hal_msp.c_save
2025-09-20 19:10:18,916 [INFO] CodeEngine:289 - Generated code: G:\ST\workspace\MPR121\Core\Src\stm32f4xx_hal_msp.c
2025-09-20 19:10:18,921 [INFO] CodeEngine:265 - oldGeneratedFile, G:\ST\workspace\MPR121\MXTmpFiles\system.tmp_save
2025-09-20 19:10:18,981 [INFO] CodeEngine:289 - Generated code: G:\ST\workspace\MPR121\MXTmpFiles\system.tmp
2025-09-20 19:10:18,992 [INFO] CodeEngine:321 - oldGeneratedFile, G:\ST\workspace\MPR121\Core\Inc\stm32f4xx_hal_conf.h_save
2025-09-20 19:10:19,062 [INFO] CodeEngine:345 - Generated code: G:\ST\workspace\MPR121\Core\Inc\stm32f4xx_hal_conf.h
2025-09-20 19:10:19,098 [INFO] CodeEngine:265 - oldGeneratedFile, G:\ST\workspace\MPR121\Core\Inc\main.h_save
2025-09-20 19:10:19,170 [INFO] CodeEngine:289 - Generated code: G:\ST\workspace\MPR121\Core\Inc\main.h
2025-09-20 19:10:19,176 [INFO] CodeEngine:265 - oldGeneratedFile, G:\ST\workspace\MPR121\Core\Src\main.c_save
2025-09-20 19:10:19,274 [INFO] CodeEngine:289 - Generated code: G:\ST\workspace\MPR121\Core\Src\main.c
2025-09-20 19:10:19,707 [INFO] ProjectBuilder:3606 - Time for Copy HAL[1] : 205mS.
2025-09-20 19:10:19,713 [INFO] ProjectBuilder:5216 - Project Generator version: 4.7.0-B52
2025-09-20 19:10:19,795 [INFO] ConfigFileManager:1595 - The Die is : DIE431
2025-09-20 19:10:20,491 [INFO] ProjectBuilder:5496 - Time for Generating toolchain IDE Files: 778mS.
2025-09-20 19:10:20,492 [INFO] ProjectBuilder:3463 - Time for Copy CMSIS : 0mS.
2025-09-20 19:10:20,501 [INFO] ProjectBuilder:3463 - Time for Copy CMSIS : 0mS.
2025-09-20 19:10:42,980 [ERROR] AdobePublisher:162 - Exception while opening the connection: java.net.SocketTimeoutException: Connect timed out
2025-09-20 19:10:44,982 [ERROR] AdobePublisher:162 - Exception while opening the connection: java.net.SocketTimeoutException: Connect timed out
2025-09-20 19:10:46,983 [ERROR] AdobePublisher:162 - Exception while opening the connection: java.net.SocketTimeoutException: Connect timed out
2025-09-20 19:10:48,985 [ERROR] AdobePublisher:162 - Exception while opening the connection: java.net.SocketTimeoutException: Connect timed out
2025-09-20 19:10:50,986 [ERROR] AdobePublisher:162 - Exception while opening the connection: java.net.SocketTimeoutException: Connect timed out
2025-09-20 19:10:53,294 [ERROR] AdobePublisher:162 - Exception while opening the connection: java.net.SocketTimeoutException: Connect timed out
2025-09-20 19:10:55,296 [ERROR] AdobePublisher:162 - Exception while opening the connection: java.net.SocketTimeoutException: Connect timed out
2025-09-20 19:10:57,297 [ERROR] AdobePublisher:162 - Exception while opening the connection: java.net.SocketTimeoutException: Connect timed out
2025-09-20 19:10:59,299 [ERROR] AdobePublisher:162 - Exception while opening the connection: java.net.SocketTimeoutException: Connect timed out
2025-09-20 19:11:01,300 [ERROR] AdobePublisher:162 - Exception while opening the connection: java.net.SocketTimeoutException: Connect timed out
2025-09-20 19:16:03,529 [ERROR] AdobePublisher:162 - Exception while opening the connection: java.net.SocketTimeoutException: Connect timed out
2025-09-20 19:16:05,531 [ERROR] AdobePublisher:162 - Exception while opening the connection: java.net.SocketTimeoutException: Connect timed out
2025-09-20 19:16:07,533 [ERROR] AdobePublisher:162 - Exception while opening the connection: java.net.SocketTimeoutException: Connect timed out
2025-09-20 19:16:09,535 [ERROR] AdobePublisher:162 - Exception while opening the connection: java.net.SocketTimeoutException: Connect timed out
2025-09-20 19:16:11,536 [ERROR] AdobePublisher:162 - Exception while opening the connection: java.net.SocketTimeoutException: Connect timed out
2025-09-20 19:16:13,790 [ERROR] AdobePublisher:162 - Exception while opening the connection: java.net.SocketTimeoutException: Connect timed out
2025-09-20 19:16:15,792 [ERROR] AdobePublisher:162 - Exception while opening the connection: java.net.SocketTimeoutException: Connect timed out
2025-09-20 19:16:17,794 [ERROR] AdobePublisher:162 - Exception while opening the connection: java.net.SocketTimeoutException: Connect timed out
2025-09-20 19:16:19,795 [ERROR] AdobePublisher:162 - Exception while opening the connection: java.net.SocketTimeoutException: Connect timed out
2025-09-20 19:16:21,797 [ERROR] AdobePublisher:162 - Exception while opening the connection: java.net.SocketTimeoutException: Connect timed out
2025-09-20 19:18:06,186 [ERROR] AdobePublisher:162 - Exception while opening the connection: java.net.SocketTimeoutException: Connect timed out
2025-09-20 19:18:08,189 [ERROR] AdobePublisher:162 - Exception while opening the connection: java.net.SocketTimeoutException: Connect timed out
2025-09-20 19:18:10,190 [ERROR] AdobePublisher:162 - Exception while opening the connection: java.net.SocketTimeoutException: Connect timed out
2025-09-20 19:18:12,191 [ERROR] AdobePublisher:162 - Exception while opening the connection: java.net.SocketTimeoutException: Connect timed out
2025-09-20 19:18:14,193 [ERROR] AdobePublisher:162 - Exception while opening the connection: java.net.SocketTimeoutException: Connect timed out
2025-09-20 19:18:16,498 [ERROR] AdobePublisher:162 - Exception while opening the connection: java.net.SocketTimeoutException: Connect timed out
2025-09-20 19:18:18,499 [ERROR] AdobePublisher:162 - Exception while opening the connection: java.net.SocketTimeoutException: Connect timed out
2025-09-20 19:18:20,500 [ERROR] AdobePublisher:162 - Exception while opening the connection: java.net.SocketTimeoutException: Connect timed out
2025-09-20 19:18:22,501 [ERROR] AdobePublisher:162 - Exception while opening the connection: java.net.SocketTimeoutException: Connect timed out
2025-09-20 19:18:24,503 [ERROR] AdobePublisher:162 - Exception while opening the connection: java.net.SocketTimeoutException: Connect timed out
2025-09-20 19:28:09,322 [WARN] IP:2250 - DEVICE_SERIAL0_CUSTOM_HID_FS not found: check if there is a RefParameter without a condition.
2025-09-20 19:28:09,322 [WARN] IP:2250 - DEVICE_SERIAL1_CUSTOM_HID_FS not found: check if there is a RefParameter without a condition.
2025-09-20 19:28:09,322 [WARN] IP:2250 - DEVICE_SERIAL2_CUSTOM_HID_FS not found: check if there is a RefParameter without a condition.
2025-09-20 19:28:09,323 [WARN] IP:2250 - DEVICE_SERIAL0_CUSTOM_HID_FS not found: check if there is a RefParameter without a condition.
2025-09-20 19:28:09,323 [WARN] IP:2250 - DEVICE_SERIAL1_CUSTOM_HID_FS not found: check if there is a RefParameter without a condition.
2025-09-20 19:28:09,323 [WARN] IP:2250 - DEVICE_SERIAL2_CUSTOM_HID_FS not found: check if there is a RefParameter without a condition.
2025-09-20 19:28:09,335 [WARN] IP:2250 - I2C_Coeff_DF not found: check if there is a RefParameter without a condition.
2025-09-20 19:28:09,335 [WARN] IP:2250 - Analog_Filter not found: check if there is a RefParameter without a condition.
2025-09-20 19:28:09,335 [WARN] IP:2250 - I2C_Coeff_DF not found: check if there is a RefParameter without a condition.
2025-09-20 19:28:09,335 [WARN] IP:2250 - Analog_Filter not found: check if there is a RefParameter without a condition.
2025-09-20 19:28:11,049 [WARN] IP:2250 - DEVICE_SERIAL0_CUSTOM_HID_FS not found: check if there is a RefParameter without a condition.
2025-09-20 19:28:11,049 [WARN] IP:2250 - DEVICE_SERIAL1_CUSTOM_HID_FS not found: check if there is a RefParameter without a condition.
2025-09-20 19:28:11,049 [WARN] IP:2250 - DEVICE_SERIAL2_CUSTOM_HID_FS not found: check if there is a RefParameter without a condition.
2025-09-20 19:28:11,049 [WARN] IP:2250 - DEVICE_SERIAL0_CUSTOM_HID_FS not found: check if there is a RefParameter without a condition.
2025-09-20 19:28:11,049 [WARN] IP:2250 - DEVICE_SERIAL1_CUSTOM_HID_FS not found: check if there is a RefParameter without a condition.
2025-09-20 19:28:11,049 [WARN] IP:2250 - DEVICE_SERIAL2_CUSTOM_HID_FS not found: check if there is a RefParameter without a condition.
2025-09-20 19:28:11,062 [WARN] IP:2250 - I2C_Coeff_DF not found: check if there is a RefParameter without a condition.
2025-09-20 19:28:11,062 [WARN] IP:2250 - Analog_Filter not found: check if there is a RefParameter without a condition.
2025-09-20 19:28:11,062 [WARN] IP:2250 - I2C_Coeff_DF not found: check if there is a RefParameter without a condition.
2025-09-20 19:28:11,062 [WARN] IP:2250 - Analog_Filter not found: check if there is a RefParameter without a condition.
2025-09-20 19:33:45,116 [INFO] UtilMem:75 - End SaveConfig() Used Memory: 396828368 Bytes (808452096)
2025-09-20 19:33:45,930 [INFO] UtilMem:75 - End SaveConfig() Used Memory: 419359048 Bytes (808452096)
2025-09-20 19:33:48,390 [INFO] UtilMem:75 - End SaveConfig() Used Memory: 534180168 Bytes (808452096)
2025-09-20 19:33:48,734 [INFO] BlockDiagram:2775 - set Specific Code input for plugin: USB_OTG_FS
2025-09-20 19:33:48,734 [INFO] BlockDiagram:2775 - set Specific Code input for plugin: NVIC
2025-09-20 19:33:48,734 [INFO] BlockDiagram:2775 - set Specific Code input for plugin: USB_DEVICE
2025-09-20 19:33:48,734 [INFO] BlockDiagram:2775 - set Specific Code input for plugin: SYS
2025-09-20 19:33:48,734 [INFO] BlockDiagram:2775 - set Specific Code input for plugin: GPIO
2025-09-20 19:33:48,734 [INFO] BlockDiagram:2775 - set Specific Code input for plugin: RCC
2025-09-20 19:33:48,734 [INFO] BlockDiagram:2775 - set Specific Code input for plugin: I2C
2025-09-20 19:33:48,735 [INFO] CodeGenerator:892 - code generatio: config db path: G:\ST\STM32CubeIDE_1.19.0\STM32CubeIDE\plugins\com.st.stm32cube.common.mx_6.15.0.202507011659\\db\
2025-09-20 19:33:48,737 [WARN] IP:2250 - I2C_Coeff_DF not found: check if there is a RefParameter without a condition.
2025-09-20 19:33:48,737 [WARN] IP:2250 - Analog_Filter not found: check if there is a RefParameter without a condition.
2025-09-20 19:33:48,744 [WARN] IP:2250 - DEVICE_SERIAL0_CUSTOM_HID_FS not found: check if there is a RefParameter without a condition.
2025-09-20 19:33:48,745 [WARN] IP:2250 - DEVICE_SERIAL1_CUSTOM_HID_FS not found: check if there is a RefParameter without a condition.
2025-09-20 19:33:48,745 [WARN] IP:2250 - DEVICE_SERIAL2_CUSTOM_HID_FS not found: check if there is a RefParameter without a condition.
2025-09-20 19:33:48,814 [INFO] CodeEngine:265 - oldGeneratedFile, G:\ST\workspace\MPR121\MXTmpFiles\license.tmp_save
2025-09-20 19:33:48,982 [INFO] CodeEngine:289 - Generated code: G:\ST\workspace\MPR121\MXTmpFiles\license.tmp
2025-09-20 19:33:49,020 [INFO] CodeEngine:265 - oldGeneratedFile, G:\ST\workspace\MPR121\MXTmpFiles\gpio.tmp_save
2025-09-20 19:33:49,114 [INFO] CodeEngine:289 - Generated code: G:\ST\workspace\MPR121\MXTmpFiles\gpio.tmp
2025-09-20 19:33:49,152 [WARN] IPConfigManager:3238 - Warning: the RefConfig PWREx_EnableUSBVoltageDetector is not available in your config.xml file
2025-09-20 19:33:49,164 [INFO] CodeEngine:265 - oldGeneratedFile, G:\ST\workspace\MPR121\MXTmpFiles\usb_otg_fs_vars.tmp_save
2025-09-20 19:33:49,240 [INFO] CodeEngine:289 - Generated code: G:\ST\workspace\MPR121\MXTmpFiles\usb_otg_fs_vars.tmp
2025-09-20 19:33:49,243 [INFO] CodeEngine:265 - oldGeneratedFile, G:\ST\workspace\MPR121\MXTmpFiles\usb_otg_fs_inc.tmp_save
2025-09-20 19:33:49,303 [INFO] CodeEngine:289 - Generated code: G:\ST\workspace\MPR121\MXTmpFiles\usb_otg_fs_inc.tmp
2025-09-20 19:33:49,307 [INFO] CodeEngine:265 - oldGeneratedFile, G:\ST\workspace\MPR121\MXTmpFiles\usb_otg_fs_HalInit.tmp_save
2025-09-20 19:33:49,382 [INFO] CodeEngine:289 - Generated code: G:\ST\workspace\MPR121\MXTmpFiles\usb_otg_fs_HalInit.tmp
2025-09-20 19:33:49,386 [INFO] CodeEngine:265 - oldGeneratedFile, G:\ST\workspace\MPR121\MXTmpFiles\usb_otg_fs_Msp.tmp_save
2025-09-20 19:33:49,464 [INFO] CodeEngine:289 - Generated code: G:\ST\workspace\MPR121\MXTmpFiles\usb_otg_fs_Msp.tmp
2025-09-20 19:33:49,548 [INFO] Middleware:1452 - No code input for Bsp Dependency
2025-09-20 19:33:49,565 [INFO] Middleware:1452 - No code input for Bsp Dependency
2025-09-20 19:33:49,572 [INFO] CodeEngine:265 - oldGeneratedFile, G:\ST\workspace\MPR121\USB_DEVICE\App\usb_device.c_save
2025-09-20 19:33:49,645 [INFO] CodeEngine:289 - Generated code: G:\ST\workspace\MPR121\USB_DEVICE\App\usb_device.c
2025-09-20 19:33:49,652 [INFO] CodeEngine:265 - oldGeneratedFile, G:\ST\workspace\MPR121\USB_DEVICE\App\usb_device.h_save
2025-09-20 19:33:49,718 [INFO] CodeEngine:289 - Generated code: G:\ST\workspace\MPR121\USB_DEVICE\App\usb_device.h
2025-09-20 19:33:49,725 [INFO] CodeEngine:265 - oldGeneratedFile, G:\ST\workspace\MPR121\USB_DEVICE\Target\usbd_conf.h_save
2025-09-20 19:33:49,790 [INFO] CodeEngine:289 - Generated code: G:\ST\workspace\MPR121\USB_DEVICE\Target\usbd_conf.h
2025-09-20 19:33:49,796 [INFO] CodeEngine:265 - oldGeneratedFile, G:\ST\workspace\MPR121\USB_DEVICE\Target\usbd_conf.c_save
2025-09-20 19:33:49,869 [INFO] CodeEngine:289 - Generated code: G:\ST\workspace\MPR121\USB_DEVICE\Target\usbd_conf.c
2025-09-20 19:33:49,875 [INFO] CodeEngine:265 - oldGeneratedFile, G:\ST\workspace\MPR121\USB_DEVICE\App\usbd_desc.h_save
2025-09-20 19:33:49,938 [INFO] CodeEngine:289 - Generated code: G:\ST\workspace\MPR121\USB_DEVICE\App\usbd_desc.h
2025-09-20 19:33:49,944 [INFO] CodeEngine:265 - oldGeneratedFile, G:\ST\workspace\MPR121\USB_DEVICE\App\usbd_desc.c_save
2025-09-20 19:33:50,012 [INFO] CodeEngine:289 - Generated code: G:\ST\workspace\MPR121\USB_DEVICE\App\usbd_desc.c
2025-09-20 19:33:50,019 [INFO] CodeEngine:265 - oldGeneratedFile, G:\ST\workspace\MPR121\USB_DEVICE\App\usbd_custom_hid_if.h_save
2025-09-20 19:33:50,082 [INFO] CodeEngine:289 - Generated code: G:\ST\workspace\MPR121\USB_DEVICE\App\usbd_custom_hid_if.h
2025-09-20 19:33:50,088 [INFO] CodeEngine:265 - oldGeneratedFile, G:\ST\workspace\MPR121\USB_DEVICE\App\usbd_custom_hid_if.c_save
2025-09-20 19:33:50,159 [INFO] CodeEngine:289 - Generated code: G:\ST\workspace\MPR121\USB_DEVICE\App\usbd_custom_hid_if.c
2025-09-20 19:33:50,171 [INFO] CodeEngine:265 - oldGeneratedFile, G:\ST\workspace\MPR121\Core\Src\stm32f4xx_it.c_save
2025-09-20 19:33:50,307 [INFO] CodeEngine:289 - Generated code: G:\ST\workspace\MPR121\Core\Src\stm32f4xx_it.c
2025-09-20 19:33:50,314 [INFO] CodeEngine:265 - oldGeneratedFile, G:\ST\workspace\MPR121\Core\Inc\stm32f4xx_it.h_save
2025-09-20 19:33:50,376 [INFO] CodeEngine:289 - Generated code: G:\ST\workspace\MPR121\Core\Inc\stm32f4xx_it.h
2025-09-20 19:33:50,391 [INFO] CodeEngine:265 - oldGeneratedFile, G:\ST\workspace\MPR121\Core\Src\stm32f4xx_hal_msp.c_save
2025-09-20 19:33:50,482 [INFO] CodeEngine:289 - Generated code: G:\ST\workspace\MPR121\Core\Src\stm32f4xx_hal_msp.c
2025-09-20 19:33:50,487 [INFO] CodeEngine:265 - oldGeneratedFile, G:\ST\workspace\MPR121\MXTmpFiles\system.tmp_save
2025-09-20 19:33:50,545 [INFO] CodeEngine:289 - Generated code: G:\ST\workspace\MPR121\MXTmpFiles\system.tmp
2025-09-20 19:33:50,555 [INFO] CodeEngine:321 - oldGeneratedFile, G:\ST\workspace\MPR121\Core\Inc\stm32f4xx_hal_conf.h_save
2025-09-20 19:33:50,629 [INFO] CodeEngine:345 - Generated code: G:\ST\workspace\MPR121\Core\Inc\stm32f4xx_hal_conf.h
2025-09-20 19:33:50,657 [INFO] CodeEngine:265 - oldGeneratedFile, G:\ST\workspace\MPR121\Core\Inc\main.h_save
2025-09-20 19:33:50,734 [INFO] CodeEngine:289 - Generated code: G:\ST\workspace\MPR121\Core\Inc\main.h
2025-09-20 19:33:50,740 [INFO] CodeEngine:265 - oldGeneratedFile, G:\ST\workspace\MPR121\Core\Src\main.c_save
2025-09-20 19:33:50,838 [INFO] CodeEngine:289 - Generated code: G:\ST\workspace\MPR121\Core\Src\main.c
2025-09-20 19:33:51,225 [INFO] ProjectBuilder:3606 - Time for Copy HAL[1] : 214mS.
2025-09-20 19:33:51,232 [INFO] ProjectBuilder:5216 - Project Generator version: 4.7.0-B52
2025-09-20 19:33:51,333 [INFO] ConfigFileManager:1595 - The Die is : DIE431
2025-09-20 19:33:52,107 [INFO] ProjectBuilder:5496 - Time for Generating toolchain IDE Files: 875mS.
2025-09-20 19:33:52,108 [INFO] ProjectBuilder:3463 - Time for Copy CMSIS : 0mS.
2025-09-20 19:33:52,114 [INFO] ProjectBuilder:3463 - Time for Copy CMSIS : 0mS.
2025-09-20 19:35:59,001 [ERROR] AdobePublisher:162 - Exception while opening the connection: java.net.SocketTimeoutException: Connect timed out
2025-09-20 19:36:01,004 [ERROR] AdobePublisher:162 - Exception while opening the connection: java.net.SocketTimeoutException: Connect timed out
2025-09-20 19:36:03,006 [ERROR] AdobePublisher:162 - Exception while opening the connection: java.net.SocketTimeoutException: Connect timed out
2025-09-20 19:36:05,006 [ERROR] AdobePublisher:162 - Exception while opening the connection: java.net.SocketTimeoutException: Connect timed out
2025-09-20 19:36:07,007 [ERROR] AdobePublisher:162 - Exception while opening the connection: java.net.SocketTimeoutException: Connect timed out
2025-09-20 19:40:24,746 [ERROR] AdobePublisher:162 - Exception while opening the connection: java.net.SocketTimeoutException: Connect timed out
2025-09-20 19:40:26,748 [ERROR] AdobePublisher:162 - Exception while opening the connection: java.net.SocketTimeoutException: Connect timed out
2025-09-20 19:40:28,749 [ERROR] AdobePublisher:162 - Exception while opening the connection: java.net.SocketTimeoutException: Connect timed out
2025-09-20 19:40:30,751 [ERROR] AdobePublisher:162 - Exception while opening the connection: java.net.SocketTimeoutException: Connect timed out
2025-09-20 19:40:32,752 [ERROR] AdobePublisher:162 - Exception while opening the connection: java.net.SocketTimeoutException: Connect timed out
2025-09-20 19:41:05,400 [ERROR] AdobePublisher:162 - Exception while opening the connection: java.net.SocketTimeoutException: Connect timed out
2025-09-20 19:41:07,402 [ERROR] AdobePublisher:162 - Exception while opening the connection: java.net.SocketTimeoutException: Connect timed out
2025-09-20 19:41:09,403 [ERROR] AdobePublisher:162 - Exception while opening the connection: java.net.SocketTimeoutException: Connect timed out
2025-09-20 19:41:11,405 [ERROR] AdobePublisher:162 - Exception while opening the connection: java.net.SocketTimeoutException: Connect timed out
2025-09-20 19:41:13,406 [ERROR] AdobePublisher:162 - Exception while opening the connection: java.net.SocketTimeoutException: Connect timed out
2025-09-20 19:41:16,213 [INFO] MainUpdater:2872 - connection check result : 10
2025-09-20 19:41:16,213 [INFO] MainUpdater:2872 - connection check result : 10
2025-09-20 19:41:16,247 [INFO] MicroXplorer:468 - Change Database Path : 
2025-09-20 19:41:16,248 [INFO] MicroXplorer:498 - Change Database Version : DB.6.0.150
2025-09-20 19:41:16,266 [ERROR] ProjectManagerView:395 - 
java.lang.NullPointerException: Cannot invoke "javax.swing.JTextField.getText()" because the return value of "java.util.List.get(int)" is null
	at com.st.microxplorer.plugins.projectmanager.gui.ProjectChoiceTab$9.caretUpdate(ProjectChoiceTab.java:2706) ~[filemanager.jar:?]
	at javax.swing.text.JTextComponent.fireCaretUpdate(JTextComponent.java:408) ~[?:?]
	at javax.swing.text.JTextComponent$MutableCaretEvent.fire(JTextComponent.java:4484) ~[?:?]
	at javax.swing.text.JTextComponent$MutableCaretEvent.stateChanged(JTextComponent.java:4506) ~[?:?]
	at javax.swing.text.DefaultCaret.fireStateChanged(DefaultCaret.java:857) ~[?:?]
	at javax.swing.text.DefaultCaret.changeCaretPosition(DefaultCaret.java:1343) ~[?:?]
	at javax.swing.text.DefaultCaret.handleSetDot(DefaultCaret.java:1242) ~[?:?]
	at javax.swing.text.DefaultCaret.setDot(DefaultCaret.java:1223) ~[?:?]
	at javax.swing.text.DefaultCaret$Handler.insertUpdate(DefaultCaret.java:1819) ~[?:?]
	at javax.swing.text.AbstractDocument.fireInsertUpdate(AbstractDocument.java:227) ~[?:?]
	at javax.swing.text.AbstractDocument.handleInsertString(AbstractDocument.java:781) ~[?:?]
	at javax.swing.text.AbstractDocument.insertString(AbstractDocument.java:740) ~[?:?]
	at javax.swing.text.PlainDocument.insertString(PlainDocument.java:131) ~[?:?]
	at javax.swing.text.AbstractDocument.replace(AbstractDocument.java:699) ~[?:?]
	at javax.swing.text.JTextComponent.setText(JTextComponent.java:1725) ~[?:?]
	at com.st.microxplorer.plugins.projectmanager.gui.ProjectChoiceTab.createHeapStackFields(ProjectChoiceTab.java:993) ~[filemanager.jar:?]
	at com.st.microxplorer.plugins.projectmanager.gui.ProjectChoiceTab.buildLinkSettingsPanel(ProjectChoiceTab.java:3813) ~[filemanager.jar:?]
	at com.st.microxplorer.plugins.projectmanager.gui.ProjectChoiceTab.defineWindowsFields(ProjectChoiceTab.java:1987) ~[filemanager.jar:?]
	at com.st.microxplorer.plugins.projectmanager.gui.ProjectChoiceTab.updateSettings(ProjectChoiceTab.java:558) ~[filemanager.jar:?]
	at com.st.microxplorer.plugins.projectmanager.gui.ProjectSettingsPanel.UpdateDialog(ProjectSettingsPanel.java:247) ~[filemanager.jar:?]
	at com.st.microxplorer.plugins.projectmanager.ProjectManagerView.propertyChange(ProjectManagerView.java:392) ~[filemanager.jar:?]
	at java.beans.PropertyChangeSupport.fire(PropertyChangeSupport.java:343) ~[?:?]
	at java.beans.PropertyChangeSupport.firePropertyChange(PropertyChangeSupport.java:335) ~[?:?]
	at java.beans.PropertyChangeSupport.firePropertyChange(PropertyChangeSupport.java:268) ~[?:?]
	at com.st.microxplorer.util.MXPropertyChangeSupport.firePropertyChange(MXPropertyChangeSupport.java:54) ~[STM32CubeMX.jar:?]
	at com.st.microxplorer.mxsystem.MxSystem.closeConfig(MxSystem.java:899) ~[STM32CubeMX.jar:?]
	at com.st.microxplorer.maingui.MainPanel.closeConfig(MainPanel.java:792) ~[STM32CubeMX.jar:?]
	at com.st.microxplorer.plugins.filemanager.engine.OpenFileManager.loadConfigurationFile(OpenFileManager.java:288) ~[filemanager.jar:?]
	at com.st.microxplorer.plugins.filemanager.engine.MainFileManager.userLoadConfig(MainFileManager.java:364) ~[filemanager.jar:?]
	at com.st.microxplorer.plugins.filemanager.engine.MainFileManager.userLoadConfig(MainFileManager.java:342) ~[filemanager.jar:?]
	at com.st.microxplorer.plugins.filemanager.FileManagerView.getSpecificTask(FileManagerView.java:264) ~[filemanager.jar:?]
	at com.st.stm32cube.common.mx.editor.CubeMxEditor.getMxTabbedPaneInstance(CubeMxEditor.java:1198) ~[com.st.stm32cube.common.mx_6.15.0.202507011659/:?]
	at com.st.stm32cube.common.mx.editor.CubeMxEditor$12$1.createSwingComponent(CubeMxEditor.java:1068) ~[com.st.stm32cube.common.mx_6.15.0.202507011659/:?]
	at com.st.stm32cube.common.mx.oss.core.awtswtbridge.EmbeddedSwingComposite.doComponentCreation(EmbeddedSwingComposite.java:492) ~[com.st.stm32cube.common.mx.oss_6.15.0.202507011659/:?]
	at com.st.stm32cube.common.mx.oss.core.awtswtbridge.EmbeddedSwingComposite$4.run(EmbeddedSwingComposite.java:291) ~[com.st.stm32cube.common.mx.oss_6.15.0.202507011659/:?]
	at com.st.stm32cube.common.mx.oss.core.awtswtbridge.AwtEnvironment$2.run(AwtEnvironment.java:166) ~[com.st.stm32cube.common.mx.oss_6.15.0.202507011659/:?]
	at java.awt.event.InvocationEvent.dispatch(InvocationEvent.java:318) ~[?:?]
	at java.awt.EventQueue.dispatchEventImpl(EventQueue.java:773) ~[?:?]
	at java.awt.EventQueue$4.run(EventQueue.java:720) ~[?:?]
	at java.awt.EventQueue$4.run(EventQueue.java:714) ~[?:?]
	at java.security.AccessController.doPrivileged(AccessController.java:400) ~[?:?]
	at java.security.ProtectionDomain$JavaSecurityAccessImpl.doIntersectionPrivilege(ProtectionDomain.java:87) ~[?:?]
	at java.awt.EventQueue.dispatchEvent(EventQueue.java:742) ~[?:?]
	at java.awt.EventDispatchThread.pumpOneEventForFilters(EventDispatchThread.java:203) ~[?:?]
	at java.awt.EventDispatchThread.pumpEventsForFilter(EventDispatchThread.java:124) ~[?:?]
	at java.awt.EventDispatchThread.pumpEventsForHierarchy(EventDispatchThread.java:113) ~[?:?]
	at java.awt.EventDispatchThread.pumpEvents(EventDispatchThread.java:109) ~[?:?]
	at java.awt.EventDispatchThread.pumpEvents(EventDispatchThread.java:101) ~[?:?]
	at java.awt.EventDispatchThread.run(EventDispatchThread.java:90) ~[?:?]
2025-09-20 19:41:16,268 [WARN] ThirdParty:871 - waiting for thirdparty lock release [close project]
2025-09-20 19:41:16,268 [INFO] ThirdParty:873 - entering critical section [close project]
2025-09-20 19:41:16,268 [INFO] ThirdParty:883 - exiting critical section [close project]
2025-09-20 19:41:16,269 [INFO] PinOutPanel:1589 - setPackage(No Configuration,No Configuration)
2025-09-20 19:41:16,274 [WARN] IpParametersView:155 - Warning: This peripheral hasn't parameters
2025-09-20 19:41:16,279 [WARN] MainPanel:289 - <html><b><center>Warning: This peripheral has no parameters to be configured<br></b></html>
2025-09-20 19:41:16,282 [INFO] UtilMem:75 - Begin LoadConfig() Used Memory: 653988352 Bytes (808452096)
2025-09-20 19:41:16,283 [INFO] MicroXplorer:468 - Change Database Path : 
2025-09-20 19:41:16,283 [INFO] MicroXplorer:498 - Change Database Version : DB.6.0.150
2025-09-20 19:41:16,283 [INFO] OpenFileManager:355 - Change cursor
2025-09-20 19:41:16,298 [INFO] RulesReader:64 - Compatibility file has been processed (317 Rules)
2025-09-20 19:41:16,302 [INFO] Mcu:2029 - Initializing MCU STM32F411C(C-E)Ux STM32F411CEUx STM32F411CEU6
2025-09-20 19:41:17,233 [INFO] Context:786 - Trying to add GPIOservice into a context  which must be forbidden
2025-09-20 19:41:17,623 [INFO] ImportTextPane:234 - (OptionalMessage_ERROR) Pin4 (VP_RIF_VS_RIF1) cannot be retrieved for this MCU
2025-09-20 19:41:17,669 [INFO] RtosManager:558 - Registered RTOS mode: class=CMSIS, group=RTOS, mode=CMSIS_V1, owner=FREERTOS
2025-09-20 19:41:17,669 [INFO] RtosManager:558 - Registered RTOS mode: class=CMSIS, group=RTOS2, mode=CMSIS_V2, owner=FREERTOS
2025-09-20 19:41:17,669 [INFO] RtosManager:558 - Registered RTOS mode: class=RTOS, group=Core, mode=CMSIS_V1, owner=FREERTOS
2025-09-20 19:41:17,669 [INFO] RtosManager:558 - Registered RTOS mode: class=RTOS, group=Core, mode=CMSIS_V2, owner=FREERTOS
2025-09-20 19:41:17,669 [WARN] ModelIntegratedComponent:184 - Missing modes for component STMicroelectronics:FreeRTOS:0.0.1:STMicroelectronics:RTOS:FreeRTOS:Core:::10.2.0:
2025-09-20 19:41:17,687 [WARN] ModelIntegratedComponent:182 - Modes not found for component STMicroelectronics:USB_HOST:1.0.0:STMicroelectronics:USB::USB Host:Audio HS::1.0:USB_HOST_1_0_RESTRICTED_HS
2025-09-20 19:41:17,687 [WARN] ModelIntegratedComponent:188 - Modes not found for component STMicroelectronics:USB_HOST:1.0.0:STMicroelectronics:USB::USB Host:Audio HS::1.0:USB_HOST_1_0_RESTRICTED_HS
2025-09-20 19:41:17,687 [WARN] ModelIntegratedComponent:182 - Modes not found for component STMicroelectronics:USB_HOST:1.0.0:STMicroelectronics:USB::USB Host:CDC HS::1.0:USB_HOST_1_0_RESTRICTED_HS
2025-09-20 19:41:17,687 [WARN] ModelIntegratedComponent:188 - Modes not found for component STMicroelectronics:USB_HOST:1.0.0:STMicroelectronics:USB::USB Host:CDC HS::1.0:USB_HOST_1_0_RESTRICTED_HS
2025-09-20 19:41:17,687 [WARN] ModelIntegratedComponent:182 - Modes not found for component STMicroelectronics:USB_HOST:1.0.0:STMicroelectronics:USB::USB Host:MSC HS::1.0:USB_HOST_1_0_RESTRICTED_HS
2025-09-20 19:41:17,687 [WARN] ModelIntegratedComponent:188 - Modes not found for component STMicroelectronics:USB_HOST:1.0.0:STMicroelectronics:USB::USB Host:MSC HS::1.0:USB_HOST_1_0_RESTRICTED_HS
2025-09-20 19:41:17,687 [WARN] ModelIntegratedComponent:182 - Modes not found for component STMicroelectronics:USB_HOST:1.0.0:STMicroelectronics:USB::USB Host:HID HS::1.0:USB_HOST_1_0_RESTRICTED_HS
2025-09-20 19:41:17,687 [WARN] ModelIntegratedComponent:188 - Modes not found for component STMicroelectronics:USB_HOST:1.0.0:STMicroelectronics:USB::USB Host:HID HS::1.0:USB_HOST_1_0_RESTRICTED_HS
2025-09-20 19:41:17,687 [WARN] ModelIntegratedComponent:182 - Modes not found for component STMicroelectronics:USB_HOST:1.0.0:STMicroelectronics:USB::USB Host:MTP HS::1.0:USB_HOST_1_0_RESTRICTED_HS
2025-09-20 19:41:17,687 [WARN] ModelIntegratedComponent:188 - Modes not found for component STMicroelectronics:USB_HOST:1.0.0:STMicroelectronics:USB::USB Host:MTP HS::1.0:USB_HOST_1_0_RESTRICTED_HS
2025-09-20 19:41:17,701 [WARN] ModelIntegratedComponent:63 - No mode defined for component null
2025-09-20 19:41:17,701 [WARN] ModelIntegratedComponent:63 - No mode defined for component null
2025-09-20 19:41:17,701 [WARN] ModelIntegratedComponent:63 - No mode defined for component null
2025-09-20 19:41:17,701 [WARN] ModelIntegratedComponent:63 - No mode defined for component null
2025-09-20 19:41:17,702 [WARN] ModelIntegratedComponent:63 - No mode defined for component null
2025-09-20 19:41:17,702 [WARN] ModelIntegratedComponent:63 - No mode defined for component null
2025-09-20 19:41:17,702 [WARN] ModelIntegratedComponent:63 - No mode defined for component null
2025-09-20 19:41:17,702 [WARN] ModelIntegratedComponent:63 - No mode defined for component null
2025-09-20 19:41:17,702 [WARN] ModelIntegratedComponent:63 - No mode defined for component null
2025-09-20 19:41:17,702 [WARN] ModelIntegratedComponent:63 - No mode defined for component null
2025-09-20 19:41:17,702 [WARN] ModelIntegratedComponent:63 - No mode defined for component null
2025-09-20 19:41:17,702 [WARN] ModelIntegratedComponent:63 - No mode defined for component null
2025-09-20 19:41:17,702 [WARN] ModelIntegratedComponent:63 - No mode defined for component null
2025-09-20 19:41:17,702 [WARN] ModelIntegratedComponent:63 - No mode defined for component null
2025-09-20 19:41:17,702 [WARN] ModelIntegratedComponent:63 - No mode defined for component null
2025-09-20 19:41:17,702 [WARN] ModelIntegratedComponent:63 - No mode defined for component null
2025-09-20 19:41:17,702 [WARN] ModelIntegratedComponent:63 - No mode defined for component null
2025-09-20 19:41:17,702 [WARN] ModelIntegratedComponent:63 - No mode defined for component null
2025-09-20 19:41:17,702 [WARN] ModelIntegratedComponent:63 - No mode defined for component null
2025-09-20 19:41:17,702 [WARN] ModelIntegratedComponent:63 - No mode defined for component null
2025-09-20 19:41:17,702 [WARN] ModelIntegratedComponent:63 - No mode defined for component null
2025-09-20 19:41:17,702 [WARN] ModelIntegratedComponent:63 - No mode defined for component null
2025-09-20 19:41:17,702 [WARN] ModelIntegratedComponent:63 - No mode defined for component null
2025-09-20 19:41:17,702 [WARN] ModelIntegratedComponent:63 - No mode defined for component null
2025-09-20 19:41:17,702 [WARN] ModelIntegratedComponent:63 - No mode defined for component null
2025-09-20 19:41:17,702 [WARN] ModelIntegratedComponent:63 - No mode defined for component null
2025-09-20 19:41:17,702 [WARN] ModelIntegratedComponent:63 - No mode defined for component null
2025-09-20 19:41:17,702 [WARN] ModelIntegratedComponent:63 - No mode defined for component null
2025-09-20 19:41:17,702 [WARN] ModelIntegratedComponent:63 - No mode defined for component null
2025-09-20 19:41:17,702 [WARN] ModelIntegratedComponent:63 - No mode defined for component null
2025-09-20 19:41:17,702 [WARN] ModelIntegratedComponent:63 - No mode defined for component null
2025-09-20 19:41:17,702 [WARN] ModelIntegratedComponent:63 - No mode defined for component null
2025-09-20 19:41:17,702 [WARN] ModelIntegratedComponent:63 - No mode defined for component null
2025-09-20 19:41:17,702 [WARN] ModelIntegratedComponent:63 - No mode defined for component null
2025-09-20 19:41:17,702 [WARN] ModelIntegratedComponent:63 - No mode defined for component null
2025-09-20 19:41:17,702 [WARN] ModelPack:524 - Component already loaded: STMicroelectronics:HAL Drivers:0.0.0:STMicroelectronics:Device:STMicro_Driver:XSPI:HAL::0.0.1:HAL_XSPI
2025-09-20 19:41:17,792 [WARN] ModelIntegratedComponent:182 - Modes not found for component STMicroelectronics:USB_DEVICE:1.0.0:STMicroelectronics:USB::USB Device:Audio HS::1.0:USB_DEVICE_1_0_RESTRICTED_HS
2025-09-20 19:41:17,792 [WARN] ModelIntegratedComponent:188 - Modes not found for component STMicroelectronics:USB_DEVICE:1.0.0:STMicroelectronics:USB::USB Device:Audio HS::1.0:USB_DEVICE_1_0_RESTRICTED_HS
2025-09-20 19:41:17,792 [WARN] ModelIntegratedComponent:182 - Modes not found for component STMicroelectronics:USB_DEVICE:1.0.0:STMicroelectronics:USB::USB Device:CDC HS::1.0:USB_DEVICE_1_0_RESTRICTED_HS
2025-09-20 19:41:17,792 [WARN] ModelIntegratedComponent:188 - Modes not found for component STMicroelectronics:USB_DEVICE:1.0.0:STMicroelectronics:USB::USB Device:CDC HS::1.0:USB_DEVICE_1_0_RESTRICTED_HS
2025-09-20 19:41:17,792 [WARN] ModelIntegratedComponent:182 - Modes not found for component STMicroelectronics:USB_DEVICE:1.0.0:STMicroelectronics:USB::USB Device:DFU HS::1.0:USB_DEVICE_1_0_RESTRICTED_HS
2025-09-20 19:41:17,792 [WARN] ModelIntegratedComponent:188 - Modes not found for component STMicroelectronics:USB_DEVICE:1.0.0:STMicroelectronics:USB::USB Device:DFU HS::1.0:USB_DEVICE_1_0_RESTRICTED_HS
2025-09-20 19:41:17,792 [WARN] ModelIntegratedComponent:182 - Modes not found for component STMicroelectronics:USB_DEVICE:1.0.0:STMicroelectronics:USB::USB Device:HID HS::1.0:USB_DEVICE_1_0_RESTRICTED_HS
2025-09-20 19:41:17,792 [WARN] ModelIntegratedComponent:188 - Modes not found for component STMicroelectronics:USB_DEVICE:1.0.0:STMicroelectronics:USB::USB Device:HID HS::1.0:USB_DEVICE_1_0_RESTRICTED_HS
2025-09-20 19:41:17,792 [WARN] ModelIntegratedComponent:182 - Modes not found for component STMicroelectronics:USB_DEVICE:1.0.0:STMicroelectronics:USB::USB Device:Custom HID HS::1.0:USB_DEVICE_1_0_RESTRICTED_HS
2025-09-20 19:41:17,792 [WARN] ModelIntegratedComponent:188 - Modes not found for component STMicroelectronics:USB_DEVICE:1.0.0:STMicroelectronics:USB::USB Device:Custom HID HS::1.0:USB_DEVICE_1_0_RESTRICTED_HS
2025-09-20 19:41:17,793 [WARN] ModelIntegratedComponent:182 - Modes not found for component STMicroelectronics:USB_DEVICE:1.0.0:STMicroelectronics:USB::USB Device:MSC HS::1.0:USB_DEVICE_1_0_RESTRICTED_HS
2025-09-20 19:41:17,793 [WARN] ModelIntegratedComponent:188 - Modes not found for component STMicroelectronics:USB_DEVICE:1.0.0:STMicroelectronics:USB::USB Device:MSC HS::1.0:USB_DEVICE_1_0_RESTRICTED_HS
2025-09-20 19:41:17,806 [INFO] ThirdPartyModel:298 - Start build external matchings
2025-09-20 19:41:18,311 [INFO] ThirdPartyModel:316 - End build external matchings
2025-09-20 19:41:18,322 [WARN] IP:2250 - I2C_Coeff_DF not found: check if there is a RefParameter without a condition.
2025-09-20 19:41:18,322 [WARN] IP:2250 - Analog_Filter not found: check if there is a RefParameter without a condition.
2025-09-20 19:41:18,566 [INFO] UtilMem:75 - End LoadConfig() Used Memory: 522286000 Bytes (808452096)
2025-09-20 19:41:18,613 [WARN] ThirdParty:833 - waiting for thirdparty lock release [change project]
2025-09-20 19:41:18,613 [INFO] ThirdParty:835 - entering critical section [change project]
2025-09-20 19:41:18,613 [INFO] ThirdParty:1030 - CMSIS Pack Vendor :STMicroelectronics X-CUBE-PM33A1 1.0.0
2025-09-20 19:41:18,613 [INFO] ThirdParty:1030 - CMSIS Pack Vendor :STMicroelectronics USBPD 4.1
2025-09-20 19:41:18,613 [INFO] ThirdParty:1030 - CMSIS Pack Vendor :STMicroelectronics X-CUBE-NFC9 1.0.0
2025-09-20 19:41:18,613 [INFO] ThirdParty:1030 - CMSIS Pack Vendor :STMicroelectronics USB_HOST 2.0.0
2025-09-20 19:41:18,613 [INFO] ThirdParty:1030 - CMSIS Pack Vendor :STMicroelectronics FP-SNS-MOTENVWB1 1.4.0
2025-09-20 19:41:18,613 [INFO] ThirdParty:1030 - CMSIS Pack Vendor :STMicroelectronics X-CUBE-AZRTOS-F4 1.1.0
2025-09-20 19:41:18,613 [INFO] ThirdParty:1030 - CMSIS Pack Vendor :STMicroelectronics LIBJPEG 8.0.0
2025-09-20 19:41:18,613 [INFO] ThirdParty:1030 - CMSIS Pack Vendor :STMicroelectronics FP-ATR-ASTRA1 2.0.2
2025-09-20 19:41:18,613 [INFO] ThirdParty:1030 - CMSIS Pack Vendor :wolfSSL I-CUBE-wolfSSL 5.8.2
2025-09-20 19:41:18,613 [INFO] ThirdParty:1030 - CMSIS Pack Vendor :STMicroelectronics X-CUBE-BLE1 7.1.0
2025-09-20 19:41:18,613 [INFO] ThirdParty:1030 - CMSIS Pack Vendor :Avnet-IotConnect X-CUBE-IoTC-DA16k-PMOD 1.0.0
2025-09-20 19:41:18,613 [INFO] ThirdParty:1030 - CMSIS Pack Vendor :STMicroelectronics X-CUBE-SMBUS 2.1.0
2025-09-20 19:41:18,613 [INFO] ThirdParty:1030 - CMSIS Pack Vendor :wolfSSL I-CUBE-wolfMQTT 1.19.2
2025-09-20 19:41:18,613 [INFO] ThirdParty:1030 - CMSIS Pack Vendor :STMicroelectronics USB_DEVICE 3.0.0
2025-09-20 19:41:18,613 [INFO] ThirdParty:1030 - CMSIS Pack Vendor :STMicroelectronics X-CUBE-ISPU 2.1.0
2025-09-20 19:41:18,613 [INFO] ThirdParty:1030 - CMSIS Pack Vendor :STMicroelectronics X-CUBE-EEPRMA1 5.2.0
2025-09-20 19:41:18,613 [INFO] ThirdParty:1030 - CMSIS Pack Vendor :STMicroelectronics X-CUBE-BLEMGR 4.1.0
2025-09-20 19:41:18,613 [INFO] ThirdParty:1030 - CMSIS Pack Vendor :STMicroelectronics X-CUBE-AZRTOS-WB 2.0.0
2025-09-20 19:41:18,613 [INFO] ThirdParty:1030 - CMSIS Pack Vendor :STMicroelectronics X-CUBE-ST60 1.0.0
2025-09-20 19:41:18,613 [INFO] ThirdParty:1030 - CMSIS Pack Vendor :STMicroelectronics X-CUBE-GNSS1 7.0.1
2025-09-20 19:41:18,613 [INFO] ThirdParty:1030 - CMSIS Pack Vendor :STMicroelectronics X-CUBE-NFC12 1.0.0
2025-09-20 19:41:18,613 [INFO] ThirdParty:1030 - CMSIS Pack Vendor :STMicroelectronics X-CUBE-AZRTOS-F7 1.1.0
2025-09-20 19:41:18,613 [INFO] ThirdParty:1030 - CMSIS Pack Vendor :STMicroelectronics X-CUBE-AZRTOS-L5 2.0.0
2025-09-20 19:41:18,613 [INFO] ThirdParty:1030 - CMSIS Pack Vendor :STMicroelectronics X-CUBE-TOUCHGFX 4.25.0
2025-09-20 19:41:18,613 [INFO] ThirdParty:1030 - CMSIS Pack Vendor :STMicroelectronics USB_DEVICE 2.0.0
2025-09-20 19:41:18,613 [INFO] ThirdParty:1030 - CMSIS Pack Vendor :STMicroelectronics X-CUBE-NFC6 3.1.0
2025-09-20 19:41:18,613 [INFO] ThirdParty:1030 - CMSIS Pack Vendor :quantropi X-CUBE-qispace-sdk-base 2.1.0
2025-09-20 19:41:18,613 [INFO] ThirdParty:1030 - CMSIS Pack Vendor :STMicroelectronics FreeRTOS 0.0.1
2025-09-20 19:41:18,615 [INFO] ThirdParty:1030 - CMSIS Pack Vendor :STMicroelectronics X-CUBE-AZRTOS-G0 1.1.0
2025-09-20 19:41:18,615 [INFO] ThirdParty:1030 - CMSIS Pack Vendor :STMicroelectronics X-CUBE-SAFEA1 1.2.2
2025-09-20 19:41:18,615 [INFO] ThirdParty:1030 - CMSIS Pack Vendor :STMicroelectronics X-CUBE-NFC4 3.0.0
2025-09-20 19:41:18,615 [INFO] ThirdParty:1030 - CMSIS Pack Vendor :STMicroelectronics X-CUBE-SUBG2 5.0.0
2025-09-20 19:41:18,615 [INFO] ThirdParty:1030 - CMSIS Pack Vendor :STMicroelectronics X-CUBE-AZRTOS-H7RS 1.1.0
2025-09-20 19:41:18,615 [INFO] ThirdParty:1030 - CMSIS Pack Vendor :STMicroelectronics STM32_WPAN 1.0.0
2025-09-20 19:41:18,615 [INFO] ThirdParty:1030 - CMSIS Pack Vendor :EmbeddedOffice I-CUBE-FS-RTOS 1.0.1
2025-09-20 19:41:18,615 [INFO] ThirdParty:1030 - CMSIS Pack Vendor :STMicroelectronics lwIP 2.0.3
2025-09-20 19:41:18,615 [INFO] ThirdParty:1030 - CMSIS Pack Vendor :WES I-CUBE-Cesium 1.4.0
2025-09-20 19:41:18,615 [INFO] ThirdParty:1030 - CMSIS Pack Vendor :Cesanta I-CUBE-Mongoose 7.13.0
2025-09-20 19:41:18,615 [INFO] ThirdParty:1030 - CMSIS Pack Vendor :STMicroelectronics USB_HOST 1.0.0
2025-09-20 19:41:18,615 [INFO] ThirdParty:1030 - CMSIS Pack Vendor :Infineon AIROC-Wi-Fi-Bluetooth-STM32 1.7.1
2025-09-20 19:41:18,615 [INFO] ThirdParty:1030 - CMSIS Pack Vendor :STMicroelectronics X-CUBE-AZRTOS-G4 2.0.0
2025-09-20 19:41:18,615 [INFO] ThirdParty:1030 - CMSIS Pack Vendor :STMicroelectronics X-CUBE-WB05N 2.0.0
2025-09-20 19:41:18,615 [INFO] ThirdParty:1030 - CMSIS Pack Vendor :STMicroelectronics PDM2PCM 3.1.0
2025-09-20 19:41:18,615 [INFO] ThirdParty:1030 - CMSIS Pack Vendor :STMicroelectronics PDM2PCM 3.3.0
2025-09-20 19:41:18,615 [INFO] ThirdParty:1030 - CMSIS Pack Vendor :wolfSSL I-CUBE-wolfTPM 3.8.0
2025-09-20 19:41:18,615 [INFO] ThirdParty:1030 - CMSIS Pack Vendor :STMicroelectronics X-CUBE-AZRTOS-H7 3.4.0
2025-09-20 19:41:18,615 [INFO] ThirdParty:1030 - CMSIS Pack Vendor :STMicroelectronics X-CUBE-DISPLAY 3.0.0
2025-09-20 19:41:18,615 [INFO] ThirdParty:1030 - CMSIS Pack Vendor :wolfSSL I-CUBE-wolfSSH 1.4.20
2025-09-20 19:41:18,615 [INFO] ThirdParty:1030 - CMSIS Pack Vendor :STMicroelectronics X-CUBE-NFC7 2.0.0
2025-09-20 19:41:18,615 [INFO] ThirdParty:1030 - CMSIS Pack Vendor :STMicroelectronics X-CUBE-TCPP 4.2.0
2025-09-20 19:41:18,615 [INFO] ThirdParty:1030 - CMSIS Pack Vendor :RealThread X-CUBE-RT-Thread_Nano 4.1.1
2025-09-20 19:41:18,615 [INFO] ThirdParty:1030 - CMSIS Pack Vendor :STMicroelectronics FP-ATR-SIGFOX1 3.2.0
2025-09-20 19:41:18,615 [INFO] ThirdParty:1030 - CMSIS Pack Vendor :STMicroelectronics X-CUBE-NFC10 1.0.0
2025-09-20 19:41:18,615 [INFO] ThirdParty:1030 - CMSIS Pack Vendor :STMicroelectronics X-CUBE-FREERTOS 1.3.1
2025-09-20 19:41:18,615 [INFO] ThirdParty:1030 - CMSIS Pack Vendor :STMicroelectronics HAL Drivers 0.0.0
2025-09-20 19:41:18,615 [INFO] ThirdParty:1030 - CMSIS Pack Vendor :STMicroelectronics MBEDTLS 2.16.2
2025-09-20 19:41:18,615 [INFO] ThirdParty:1030 - CMSIS Pack Vendor :STMicroelectronics X-CUBE-IPS 3.1.0
2025-09-20 19:41:18,615 [INFO] ThirdParty:1030 - CMSIS Pack Vendor :STMicroelectronics X-CUBE-ALS 1.0.2
2025-09-20 19:41:18,615 [INFO] ThirdParty:1030 - CMSIS Pack Vendor :emotas I-CUBE-CANOPEN 1.3.0
2025-09-20 19:41:18,615 [INFO] ThirdParty:1030 - CMSIS Pack Vendor :STMicroelectronics MBEDTLS 2.14.1
2025-09-20 19:41:18,615 [INFO] ThirdParty:1030 - CMSIS Pack Vendor :ITTIA_DB I-CUBE-ITTIADB 8.9.0
2025-09-20 19:41:18,615 [INFO] ThirdParty:1030 - CMSIS Pack Vendor :STMicroelectronics X-CUBE-STSE01 1.0.0
2025-09-20 19:41:18,615 [INFO] ThirdParty:1030 - CMSIS Pack Vendor :STMicroelectronics X-CUBE-ST67W61 1.0.0
2025-09-20 19:41:18,615 [INFO] ThirdParty:1030 - CMSIS Pack Vendor :STMicroelectronics FP-SNS-STBOX1 2.1.0
2025-09-20 19:41:18,615 [INFO] ThirdParty:1030 - CMSIS Pack Vendor :STMicroelectronics X-CUBE-AI 10.2.0
2025-09-20 19:41:18,615 [INFO] ThirdParty:1030 - CMSIS Pack Vendor :STMicroelectronics FP-SNS-STAIOTCFT 1.0.0
2025-09-20 19:41:18,615 [INFO] ThirdParty:1030 - CMSIS Pack Vendor :STMicroelectronics ThreadX 1.0.0
2025-09-20 19:41:18,615 [INFO] ThirdParty:1030 - CMSIS Pack Vendor :STMicroelectronics FP-SNS-SMARTAG2 1.2.0
2025-09-20 19:41:18,615 [INFO] ThirdParty:1030 - CMSIS Pack Vendor :STMicroelectronics FP-SNS-FLIGHT1 5.1.0
2025-09-20 19:41:18,615 [INFO] ThirdParty:1030 - CMSIS Pack Vendor :STMicroelectronics X-CUBE-AZRTOS-WL 2.0.0
2025-09-20 19:41:18,616 [INFO] ThirdParty:1030 - CMSIS Pack Vendor :SEGGER I-CUBE-embOS 1.3.1
2025-09-20 19:41:18,616 [INFO] ThirdParty:1030 - CMSIS Pack Vendor :STMicroelectronics X-CUBE-ALGOBUILD 1.4.0
2025-09-20 19:41:18,616 [INFO] ThirdParty:1030 - CMSIS Pack Vendor :STMicroelectronics X-CUBE-DPower 1.3.0
2025-09-20 19:41:18,616 [INFO] ThirdParty:1030 - CMSIS Pack Vendor :STMicroelectronics X-CUBE-MEMS1 11.3.0
2025-09-20 19:41:18,616 [INFO] ThirdParty:1030 - CMSIS Pack Vendor :STMicroelectronics FP-SNS-MOTENV1 5.0.0
2025-09-20 19:41:18,616 [INFO] ThirdParty:1030 - CMSIS Pack Vendor :STMicroelectronics USB_DEVICE 1.0.0
2025-09-20 19:41:18,616 [INFO] ThirdParty:1030 - CMSIS Pack Vendor :STMicroelectronics X-CUBE-AZRTOS-L4 2.0.0
2025-09-20 19:41:18,616 [INFO] ThirdParty:1030 - CMSIS Pack Vendor :STMicroelectronics ThreadX 0.0.2
2025-09-20 19:41:18,616 [INFO] ThirdParty:1030 - CMSIS Pack Vendor :STMicroelectronics lwIP 2.1.2
2025-09-20 19:41:18,616 [INFO] ThirdParty:1030 - CMSIS Pack Vendor :STMicroelectronics X-CUBE-SFXS2LP1 4.0.0
2025-09-20 19:41:18,616 [INFO] ThirdParty:1030 - CMSIS Pack Vendor :STMicroelectronics X-CUBE-BLE2 3.3.0
2025-09-20 19:41:18,616 [INFO] ThirdParty:1030 - CMSIS Pack Vendor :STMicroelectronics X-CUBE-TOF1 3.4.3
2025-09-20 19:41:18,616 [INFO] ThirdParty:1030 - CMSIS Pack Vendor :STMicroelectronics PDM2PCM 3.2.0
2025-09-20 19:41:18,616 [INFO] ThirdParty:841 - exiting critical section [change project]
2025-09-20 19:41:18,780 [INFO] PinOutPanel:1589 - setPackage(No Configuration,No Configuration)
2025-09-20 19:41:18,780 [INFO] PinOutPanel:1589 - setPackage(STM32F411CEUx,UFQFPN48)
2025-09-20 19:41:19,050 [INFO] UtilMem:75 - Before build in PCC Used Memory: 329274344 Bytes (808452096)
2025-09-20 19:41:19,371 [INFO] UtilMem:75 - After build in PCC Used Memory: 372792296 Bytes (808452096)
2025-09-20 19:41:19,392 [INFO] IPUIPlugin:80 - create IPUIPlugin
2025-09-20 19:41:19,392 [INFO] IPUIPlugin:80 - create IPUIPlugin
2025-09-20 19:41:19,392 [INFO] IPUIPlugin:80 - create IPUIPlugin
2025-09-20 19:41:19,392 [INFO] IPUIPlugin:80 - create IPUIPlugin
2025-09-20 19:41:19,392 [INFO] IPUIPlugin:80 - create IPUIPlugin
2025-09-20 19:41:19,392 [INFO] IPUIPlugin:80 - create IPUIPlugin
2025-09-20 19:41:19,392 [INFO] IPUIPlugin:80 - create IPUIPlugin
2025-09-20 19:41:19,392 [INFO] IPUIPlugin:80 - create IPUIPlugin
2025-09-20 19:41:19,392 [INFO] IPUIPlugin:80 - create IPUIPlugin
2025-09-20 19:41:19,392 [INFO] IPUIPlugin:80 - create IPUIPlugin
2025-09-20 19:41:19,393 [INFO] IPUIPlugin:80 - create IPUIPlugin
2025-09-20 19:41:19,393 [INFO] IPUIPlugin:80 - create IPUIPlugin
2025-09-20 19:41:19,393 [INFO] IPUIPlugin:80 - create IPUIPlugin
2025-09-20 19:41:19,393 [INFO] IPUIPlugin:80 - create IPUIPlugin
2025-09-20 19:41:19,393 [INFO] IPUIPlugin:80 - create IPUIPlugin
2025-09-20 19:41:19,393 [INFO] IPUIPlugin:80 - create IPUIPlugin
2025-09-20 19:41:19,393 [INFO] IPUIPlugin:80 - create IPUIPlugin
2025-09-20 19:41:19,393 [INFO] IPUIPlugin:80 - create IPUIPlugin
2025-09-20 19:41:19,393 [INFO] IPUIPlugin:80 - create IPUIPlugin
2025-09-20 19:41:19,393 [INFO] IPUIPlugin:80 - create IPUIPlugin
2025-09-20 19:41:19,394 [INFO] IPUIPlugin:80 - create IPUIPlugin
2025-09-20 19:41:19,394 [INFO] IPUIPlugin:80 - create IPUIPlugin
2025-09-20 19:41:19,394 [INFO] IPUIPlugin:80 - create IPUIPlugin
2025-09-20 19:41:19,394 [INFO] IPUIPlugin:80 - create IPUIPlugin
2025-09-20 19:41:19,394 [INFO] IPUIPlugin:80 - create IPUIPlugin
2025-09-20 19:41:19,394 [INFO] IPUIPlugin:80 - create IPUIPlugin
2025-09-20 19:41:19,394 [INFO] IPUIPlugin:80 - create IPUIPlugin
2025-09-20 19:41:19,396 [INFO] IPUIPlugin:80 - create IPUIPlugin
2025-09-20 19:41:19,396 [INFO] IPUIPlugin:80 - create IPUIPlugin
2025-09-20 19:41:19,396 [INFO] IPUIPlugin:80 - create IPUIPlugin
2025-09-20 19:41:19,396 [INFO] IPUIPlugin:80 - create IPUIPlugin
2025-09-20 19:41:19,396 [INFO] IPUIPlugin:80 - create IPUIPlugin
2025-09-20 19:41:19,396 [INFO] IPUIPlugin:80 - create IPUIPlugin
2025-09-20 19:41:19,397 [INFO] IPUIPlugin:80 - create IPUIPlugin
2025-09-20 19:41:19,397 [INFO] IPUIPlugin:80 - create IPUIPlugin
2025-09-20 19:41:19,397 [INFO] IPUIPlugin:80 - create IPUIPlugin
2025-09-20 19:41:19,397 [INFO] IPUIPlugin:80 - create IPUIPlugin
2025-09-20 19:41:19,398 [INFO] IPUIPlugin:80 - create IPUIPlugin
2025-09-20 19:41:19,398 [INFO] IPUIPlugin:80 - create IPUIPlugin
2025-09-20 19:41:19,398 [INFO] IPUIPlugin:80 - create IPUIPlugin
2025-09-20 19:41:19,398 [INFO] IPUIPlugin:80 - create IPUIPlugin
2025-09-20 19:41:19,398 [INFO] IPUIPlugin:80 - create IPUIPlugin
2025-09-20 19:41:19,399 [INFO] IPUIPlugin:80 - create IPUIPlugin
2025-09-20 19:41:19,405 [INFO] ApiDbMcu:532 - Load IP Config File for PDM2PCM
2025-09-20 19:41:19,407 [WARN] IP:2250 - I2C_Coeff_DF not found: check if there is a RefParameter without a condition.
2025-09-20 19:41:19,408 [WARN] IP:2250 - Analog_Filter not found: check if there is a RefParameter without a condition.
2025-09-20 19:41:19,454 [INFO] CADModel:165 - CPN selected for project levelSTM32F411CEU6
2025-09-20 19:41:19,455 [INFO] CADModel:114 - Register for checkConnection events
2025-09-20 19:41:19,528 [INFO] OpenFileManager:386 - Restore cursor
2025-09-20 19:41:19,534 [INFO] ApiDb:581 - Connected to CubeFinder SQLite database (C:\Users\leoar\.stmcufinder\plugins\mcufinder\mcu\cube-finder-db.db)
2025-09-20 19:41:19,696 [WARN] IP:2250 - I2C_Coeff_DF not found: check if there is a RefParameter without a condition.
2025-09-20 19:41:19,696 [WARN] IP:2250 - Analog_Filter not found: check if there is a RefParameter without a condition.
2025-09-20 19:41:19,696 [WARN] IP:2250 - I2C_Coeff_DF not found: check if there is a RefParameter without a condition.
2025-09-20 19:41:19,696 [WARN] IP:2250 - Analog_Filter not found: check if there is a RefParameter without a condition.
2025-09-20 19:43:40,942 [ERROR] AdobePublisher:162 - Exception while opening the connection: java.net.SocketTimeoutException: Connect timed out
2025-09-20 19:43:42,944 [ERROR] AdobePublisher:162 - Exception while opening the connection: java.net.SocketTimeoutException: Connect timed out
2025-09-20 19:43:44,946 [ERROR] AdobePublisher:162 - Exception while opening the connection: java.net.SocketTimeoutException: Connect timed out
2025-09-20 19:43:46,947 [ERROR] AdobePublisher:162 - Exception while opening the connection: java.net.SocketTimeoutException: Connect timed out
2025-09-20 19:43:48,948 [ERROR] AdobePublisher:162 - Exception while opening the connection: java.net.SocketTimeoutException: Connect timed out
2025-09-20 19:43:51,233 [ERROR] AdobePublisher:162 - Exception while opening the connection: java.net.SocketTimeoutException: Connect timed out
2025-09-20 19:43:53,235 [ERROR] AdobePublisher:162 - Exception while opening the connection: java.net.SocketTimeoutException: Connect timed out
2025-09-20 19:43:55,236 [ERROR] AdobePublisher:162 - Exception while opening the connection: java.net.SocketTimeoutException: Connect timed out
2025-09-20 19:43:57,237 [ERROR] AdobePublisher:162 - Exception while opening the connection: java.net.SocketTimeoutException: Connect timed out
2025-09-20 19:43:59,238 [ERROR] AdobePublisher:162 - Exception while opening the connection: java.net.SocketTimeoutException: Connect timed out
2025-09-20 19:45:36,376 [ERROR] AdobePublisher:162 - Exception while opening the connection: java.net.SocketTimeoutException: Connect timed out
2025-09-20 19:45:38,377 [ERROR] AdobePublisher:162 - Exception while opening the connection: java.net.SocketTimeoutException: Connect timed out
2025-09-20 19:45:40,378 [ERROR] AdobePublisher:162 - Exception while opening the connection: java.net.SocketTimeoutException: Connect timed out
2025-09-20 19:45:42,380 [ERROR] AdobePublisher:162 - Exception while opening the connection: java.net.SocketTimeoutException: Connect timed out
2025-09-20 19:45:44,380 [ERROR] AdobePublisher:162 - Exception while opening the connection: java.net.SocketTimeoutException: Connect timed out
2025-09-20 19:45:45,618 [ERROR] LogOutputStream:75 - [STDERR_REDIRECT] 
2025-09-20 19:45:45,619 [ERROR] LogOutputStream:75 - [STDERR_REDIRECT] 
