2025-09-13 12:09:49,520 [INFO] Activator:176 - 


2025-09-13 12:09:49,521 [INFO] Activator:177 - !SESSION log4j initialized
2025-09-13 12:09:52,917 [INFO] LogOutputStream:77 - [STDOUT_REDIRECT] 
2025-09-13 12:09:56,169 [INFO] ApplicationProperties:184 - Using Application install path: G:\ST\STM32CubeIDE_1.19.0\STM32CubeIDE\plugins\com.st.stm32cube.common.mx_6.15.0.202507011659
2025-09-13 12:09:56,189 [INFO] DbMcusXml:78 - Set database path to: G:\ST\STM32CubeIDE_1.19.0\STM32CubeIDE\plugins\com.st.stm32cube.common.mx_6.15.0.202507011659\\db\/mcu/
2025-09-13 12:09:56,189 [INFO] ApiDb:274 - Set plugin database path to: G:\ST\STM32CubeIDE_1.19.0\STM32CubeIDE\plugins\com.st.stm32cube.common.mx_6.15.0.202507011659\\db\/plugins/boardmanager/
2025-09-13 12:09:56,189 [WARN] ApiDb:259 - Overriding images path with different value:  => G:\ST\STM32CubeIDE_1.19.0\STM32CubeIDE\plugins\com.st.stm32cube.common.mx_6.15.0.202507011659\\db\/plugins/mcufinder/images/
2025-09-13 12:09:58,070 [WARN] ApiFinderProperties:113 - C:\Users\leoar\.stmcufinder\plugins\mcufinder\mcu\mcuFinder.mfd doesn't exist
2025-09-13 12:09:58,071 [INFO] ApiDb:250 - Set database path to: C:\Users\leoar\.stmcufinder\plugins\mcufinder//mcu/
2025-09-13 12:09:58,072 [INFO] DbMcusAds:125 - Set database path to: C:\Users\leoar\.stmcufinder\plugins\mcufinder//mcu/
2025-09-13 12:09:58,075 [INFO] CrossReferenceDbSqlite:203 - Set database path to: C:\Users\leoar\.stmcufinder\plugins\mcufinder//mcu/cs/
2025-09-13 12:09:58,183 [INFO] RulesReader:64 - Compatibility file has been processed (317 Rules)
2025-09-13 12:09:58,265 [INFO] DbMcusXml:78 - Set database path to: G:\ST\STM32CubeIDE_1.19.0\STM32CubeIDE\plugins\com.st.stm32cube.common.mx_6.15.0.202507011659\\db\/mcu/
2025-09-13 12:09:58,266 [INFO] ApiDb:274 - Set plugin database path to: G:\ST\STM32CubeIDE_1.19.0\STM32CubeIDE\plugins\com.st.stm32cube.common.mx_6.15.0.202507011659\\db\/plugins/boardmanager/
2025-09-13 12:09:58,266 [INFO] ApiDb:261 - Set plugin images path to: G:\ST\STM32CubeIDE_1.19.0\STM32CubeIDE\plugins\com.st.stm32cube.common.mx_6.15.0.202507011659\\db\/plugins/mcufinder/images/
2025-09-13 12:09:58,266 [WARN] DbFile:41 - Overriding database path with different value: C:\Users\leoar\.stmcufinder\plugins\mcufinder/ => C:\Users\leoar\.stmcufinder\plugins\mcufinder
2025-09-13 12:09:58,266 [INFO] ApiDb:250 - Set database path to: C:\Users\leoar\.stmcufinder\plugins\mcufinder//mcu/
2025-09-13 12:09:58,266 [WARN] DbFile:41 - Overriding database path with different value: C:\Users\leoar\.stmcufinder\plugins\mcufinder/ => C:\Users\leoar\.stmcufinder\plugins\mcufinder
2025-09-13 12:09:58,266 [INFO] DbMcusAds:125 - Set database path to: C:\Users\leoar\.stmcufinder\plugins\mcufinder//mcu/
2025-09-13 12:09:58,266 [WARN] DbFile:41 - Overriding database path with different value: C:\Users\leoar\.stmcufinder\plugins\mcufinder/ => C:\Users\leoar\.stmcufinder\plugins\mcufinder
2025-09-13 12:09:58,266 [WARN] DbFile:41 - Overriding database path with different value: C:\Users\leoar\.stmcufinder\plugins\mcufinder/ => C:\Users\leoar\.stmcufinder\plugins\mcufinder
2025-09-13 12:09:58,267 [INFO] CrossReferenceDbSqlite:203 - Set database path to: C:\Users\leoar\.stmcufinder\plugins\mcufinder//mcu/cs/
2025-09-13 12:09:58,335 [INFO] MainPanel:274 - HeapMemory: 268435456
2025-09-13 12:09:58,428 [INFO] DbMcusXml:78 - Set database path to: G:\ST\STM32CubeIDE_1.19.0\STM32CubeIDE\plugins\com.st.stm32cube.common.mx_6.15.0.202507011659\\db\/mcu/
2025-09-13 12:09:58,428 [INFO] ApiDb:274 - Set plugin database path to: G:\ST\STM32CubeIDE_1.19.0\STM32CubeIDE\plugins\com.st.stm32cube.common.mx_6.15.0.202507011659\\db\/plugins/boardmanager/
2025-09-13 12:09:58,428 [INFO] ApiDb:261 - Set plugin images path to: G:\ST\STM32CubeIDE_1.19.0\STM32CubeIDE\plugins\com.st.stm32cube.common.mx_6.15.0.202507011659\\db\/plugins/mcufinder/images/
2025-09-13 12:09:58,428 [WARN] DbFile:41 - Overriding database path with different value: C:\Users\leoar\.stmcufinder\plugins\mcufinder/ => C:\Users\leoar\.stmcufinder\plugins\mcufinder
2025-09-13 12:09:58,428 [INFO] ApiDb:250 - Set database path to: C:\Users\leoar\.stmcufinder\plugins\mcufinder//mcu/
2025-09-13 12:09:58,429 [WARN] DbFile:41 - Overriding database path with different value: C:\Users\leoar\.stmcufinder\plugins\mcufinder/ => C:\Users\leoar\.stmcufinder\plugins\mcufinder
2025-09-13 12:09:58,429 [INFO] DbMcusAds:125 - Set database path to: C:\Users\leoar\.stmcufinder\plugins\mcufinder//mcu/
2025-09-13 12:09:58,429 [WARN] DbFile:41 - Overriding database path with different value: C:\Users\leoar\.stmcufinder\plugins\mcufinder/ => C:\Users\leoar\.stmcufinder\plugins\mcufinder
2025-09-13 12:09:58,429 [WARN] DbFile:41 - Overriding database path with different value: C:\Users\leoar\.stmcufinder\plugins\mcufinder/ => C:\Users\leoar\.stmcufinder\plugins\mcufinder
2025-09-13 12:09:58,429 [INFO] CrossReferenceDbSqlite:203 - Set database path to: C:\Users\leoar\.stmcufinder\plugins\mcufinder//mcu/cs/
2025-09-13 12:09:58,448 [INFO] ApplicationProperties:184 - Using Application install path: G:\ST\STM32CubeIDE_1.19.0\STM32CubeIDE\plugins\com.st.stm32cube.common.mx_6.15.0.202507011659
2025-09-13 12:09:58,449 [INFO] PluginManage:196 - Search for loadable plugins [exclusion list=, ]
2025-09-13 12:09:58,450 [INFO] PluginManage:310 - Check plugin analytics
2025-09-13 12:09:59,123 [INFO] AnalyticsPlugin:253 - Accepted Software Licenses: 
2025-09-13 12:09:59,123 [INFO] AnalyticsPlugin:255 - Accepted CMSIS Pack Licenses: 
2025-09-13 12:09:59,124 [INFO] AnalyticsPlugin:257 - Accepted Firmware Licenses: 
2025-09-13 12:09:59,128 [INFO] PluginManage:359 - Loaded plugin analytics (category:tool,tabindex:-1)
2025-09-13 12:09:59,128 [INFO] PluginManage:310 - Check plugin cadmodel
2025-09-13 12:09:59,133 [INFO] CADModel:105 - Init CAD model plugin
2025-09-13 12:09:59,133 [INFO] PluginManage:359 - Loaded plugin cadmodel (category:power,tabindex:5)
2025-09-13 12:09:59,133 [INFO] PluginManage:310 - Check plugin clock
2025-09-13 12:09:59,141 [INFO] PluginManage:359 - Loaded plugin clock (category:base,tabindex:2)
2025-09-13 12:09:59,141 [INFO] PluginManage:310 - Check plugin ddr
2025-09-13 12:09:59,143 [INFO] PluginManage:359 - Loaded plugin ddr (category:tool,tabindex:6)
2025-09-13 12:09:59,143 [INFO] PluginManage:310 - Check plugin filemanager
2025-09-13 12:09:59,289 [INFO] PluginManage:359 - Loaded plugin filemanager (category:base,tabindex:10)
2025-09-13 12:09:59,290 [INFO] PluginManage:310 - Check plugin ipmanager
2025-09-13 12:09:59,296 [INFO] PluginManage:359 - Loaded plugin ipmanager (category:base,tabindex:5)
2025-09-13 12:09:59,296 [INFO] PluginManage:310 - Check plugin lpbam
2025-09-13 12:09:59,304 [INFO] PluginManage:359 - Loaded plugin lpbam (category:base,tabindex:0)
2025-09-13 12:09:59,304 [INFO] PluginManage:310 - Check plugin memorymap
2025-09-13 12:09:59,319 [INFO] PluginManage:359 - Loaded plugin memorymap (category:base,tabindex:4)
2025-09-13 12:09:59,320 [INFO] PluginManage:310 - Check plugin pinoutandconfiguration
2025-09-13 12:09:59,327 [INFO] PluginManage:359 - Loaded plugin pinoutandconfiguration (category:base,tabindex:1)
2025-09-13 12:09:59,327 [INFO] PluginManage:310 - Check plugin pinoutconfig
2025-09-13 12:09:59,413 [WARN] SupportedApi:132 - Cannot load RTOS API schema: s4s-elt-must-match.1: The content of 'definitions' must match (annotation?, (simpleType | complexType)?, (unique | key | keyref)*)). A problem was found starting at: attribute.
2025-09-13 12:09:59,550 [INFO] PluginManage:359 - Loaded plugin pinoutconfig (category:base,tabindex:0)
2025-09-13 12:09:59,550 [INFO] PluginManage:310 - Check plugin power
2025-09-13 12:09:59,556 [INFO] PluginManage:359 - Loaded plugin power (category:power,tabindex:4)
2025-09-13 12:09:59,557 [INFO] PluginManage:310 - Check plugin projectmanager
2025-09-13 12:09:59,573 [INFO] PluginManage:359 - Loaded plugin projectmanager (category:projectmanager,tabindex:4)
2025-09-13 12:09:59,573 [INFO] PluginManage:310 - Check plugin rif
2025-09-13 12:09:59,580 [INFO] PluginManage:359 - Loaded plugin rif (category:base,tabindex:3)
2025-09-13 12:09:59,581 [INFO] PluginManage:310 - Check plugin thirdparty
2025-09-13 12:09:59,694 [INFO] PluginManage:359 - Loaded plugin thirdparty (category:base,tabindex:-1)
2025-09-13 12:09:59,694 [INFO] PluginManage:310 - Check plugin tools
2025-09-13 12:09:59,694 [WARN] IntegrityCheckThread:84 - waiting for thirdparty lock release [integrity check]
2025-09-13 12:09:59,694 [INFO] IntegrityCheckThread:86 - entering critical section [integrity check]
2025-09-13 12:09:59,694 [INFO] ThirdPartyUpdaterWithRetryManager:70 - Updater plugin not ready yet. [1/15]
2025-09-13 12:09:59,696 [INFO] PluginManage:359 - Loaded plugin tools (category:base,tabindex:7)
2025-09-13 12:09:59,697 [INFO] PluginManage:310 - Check plugin tutovideos
2025-09-13 12:09:59,913 [INFO] PluginManage:359 - Loaded plugin tutovideos (category:base,tabindex:-1)
2025-09-13 12:09:59,913 [INFO] PluginManage:310 - Check plugin updater
2025-09-13 12:09:59,935 [INFO] PluginManage:359 - Loaded plugin updater (category:base,tabindex:12)
2025-09-13 12:09:59,935 [INFO] PluginManage:310 - Check plugin userauth
2025-09-13 12:09:59,939 [INFO] UserAuth:118 - Init User Auth plugin
2025-09-13 12:09:59,940 [INFO] PluginManage:359 - Loaded plugin userauth (category:base,tabindex:14)
2025-09-13 12:09:59,940 [INFO] PluginManage:283 - PluginManage : Loaded plugins [18]
2025-09-13 12:10:00,159 [INFO] PinOutPanel:1589 - setPackage(No Configuration,No Configuration)
2025-09-13 12:10:00,251 [INFO] CADModel:165 - CPN selected for project level
2025-09-13 12:10:00,252 [INFO] CADModel:114 - Register for checkConnection events
2025-09-13 12:10:00,269 [INFO] IPUIPlugin:80 - create IPUIPlugin
2025-09-13 12:10:00,269 [INFO] PluginManager:220 - loadIPPluginJar : add adc
2025-09-13 12:10:00,271 [INFO] IPUIPlugin:80 - create IPUIPlugin
2025-09-13 12:10:00,272 [INFO] PluginManager:220 - loadIPPluginJar : add aes
2025-09-13 12:10:00,275 [INFO] IPUIPlugin:80 - create IPUIPlugin
2025-09-13 12:10:00,275 [INFO] PluginManager:220 - loadIPPluginJar : add can
2025-09-13 12:10:00,277 [INFO] IPUIPlugin:80 - create IPUIPlugin
2025-09-13 12:10:00,277 [INFO] PluginManager:220 - loadIPPluginJar : add comp
2025-09-13 12:10:00,280 [INFO] IPUIPlugin:80 - create IPUIPlugin
2025-09-13 12:10:00,280 [INFO] PluginManager:220 - loadIPPluginJar : add cryp
2025-09-13 12:10:00,281 [INFO] IPUIPlugin:80 - create IPUIPlugin
2025-09-13 12:10:00,281 [INFO] PluginManager:220 - loadIPPluginJar : add ddr_ctrl_phy
2025-09-13 12:10:00,285 [INFO] IPUIPlugin:80 - create IPUIPlugin
2025-09-13 12:10:00,285 [INFO] PluginManager:220 - loadIPPluginJar : add dfsdm
2025-09-13 12:10:00,290 [INFO] IPUIPlugin:80 - create IPUIPlugin
2025-09-13 12:10:00,291 [INFO] PluginManager:220 - loadIPPluginJar : add dma
2025-09-13 12:10:00,294 [INFO] IPUIPlugin:80 - create IPUIPlugin
2025-09-13 12:10:00,294 [INFO] PluginManager:220 - loadIPPluginJar : add dma3
2025-09-13 12:10:00,297 [INFO] IPUIPlugin:80 - create IPUIPlugin
2025-09-13 12:10:00,297 [INFO] PluginManager:220 - loadIPPluginJar : add extmemmanager
2025-09-13 12:10:00,298 [INFO] IPUIPlugin:80 - create IPUIPlugin
2025-09-13 12:10:00,298 [INFO] PluginManager:220 - loadIPPluginJar : add fatfs
2025-09-13 12:10:00,303 [INFO] IPUIPlugin:80 - create IPUIPlugin
2025-09-13 12:10:00,303 [INFO] PluginManager:220 - loadIPPluginJar : add fmc
2025-09-13 12:10:00,308 [INFO] IPUIPlugin:80 - create IPUIPlugin
2025-09-13 12:10:00,308 [INFO] PluginManager:220 - loadIPPluginJar : add freertos
2025-09-13 12:10:00,310 [INFO] IPUIPlugin:80 - create IPUIPlugin
2025-09-13 12:10:00,310 [INFO] PluginManager:220 - loadIPPluginJar : add genericplugin
2025-09-13 12:10:00,312 [INFO] IPUIPlugin:80 - create IPUIPlugin
2025-09-13 12:10:00,313 [INFO] PluginManager:220 - loadIPPluginJar : add gfxmmu
2025-09-13 12:10:00,317 [INFO] IPUIPlugin:80 - create IPUIPlugin
2025-09-13 12:10:00,317 [INFO] PluginManager:220 - loadIPPluginJar : add gic
2025-09-13 12:10:00,320 [INFO] IPUIPlugin:80 - create IPUIPlugin
2025-09-13 12:10:00,321 [INFO] PluginManager:220 - loadIPPluginJar : add gpio
2025-09-13 12:10:00,323 [INFO] IPUIPlugin:80 - create IPUIPlugin
2025-09-13 12:10:00,323 [INFO] PluginManager:220 - loadIPPluginJar : add gtzc
2025-09-13 12:10:00,326 [INFO] IPUIPlugin:80 - create IPUIPlugin
2025-09-13 12:10:00,326 [INFO] PluginManager:220 - loadIPPluginJar : add hash
2025-09-13 12:10:00,328 [INFO] IPUIPlugin:80 - create IPUIPlugin
2025-09-13 12:10:00,330 [INFO] PluginManager:220 - loadIPPluginJar : add i2c
2025-09-13 12:10:00,332 [INFO] IPUIPlugin:80 - create IPUIPlugin
2025-09-13 12:10:00,332 [INFO] PluginManager:220 - loadIPPluginJar : add i2s
2025-09-13 12:10:00,334 [INFO] IPUIPlugin:80 - create IPUIPlugin
2025-09-13 12:10:00,335 [INFO] PluginManager:220 - loadIPPluginJar : add i3c
2025-09-13 12:10:00,337 [INFO] IPUIPlugin:80 - create IPUIPlugin
2025-09-13 12:10:00,338 [INFO] PluginManager:220 - loadIPPluginJar : add ipddr
2025-09-13 12:10:00,343 [INFO] IPUIPlugin:80 - create IPUIPlugin
2025-09-13 12:10:00,343 [INFO] PluginManager:220 - loadIPPluginJar : add linkedlist
2025-09-13 12:10:00,346 [INFO] IPUIPlugin:80 - create IPUIPlugin
2025-09-13 12:10:00,346 [INFO] PluginManager:220 - loadIPPluginJar : add lorawan
2025-09-13 12:10:00,347 [INFO] IPUIPlugin:80 - create IPUIPlugin
2025-09-13 12:10:00,347 [INFO] PluginManager:220 - loadIPPluginJar : add ltdc
2025-09-13 12:10:00,352 [INFO] IPUIPlugin:80 - create IPUIPlugin
2025-09-13 12:10:00,353 [INFO] PluginManager:220 - loadIPPluginJar : add mdma
2025-09-13 12:10:00,355 [INFO] IPUIPlugin:80 - create IPUIPlugin
2025-09-13 12:10:00,356 [INFO] PluginManager:220 - loadIPPluginJar : add nvic
2025-09-13 12:10:00,358 [INFO] IPUIPlugin:80 - create IPUIPlugin
2025-09-13 12:10:00,358 [INFO] PluginManager:220 - loadIPPluginJar : add opamp
2025-09-13 12:10:00,361 [INFO] IPUIPlugin:80 - create IPUIPlugin
2025-09-13 12:10:00,361 [INFO] PluginManager:220 - loadIPPluginJar : add openamp
2025-09-13 12:10:00,364 [INFO] IPUIPlugin:80 - create IPUIPlugin
2025-09-13 12:10:00,364 [INFO] PluginManager:220 - loadIPPluginJar : add pdm2pcm
2025-09-13 12:10:00,369 [INFO] IPUIPlugin:80 - create IPUIPlugin
2025-09-13 12:10:00,371 [INFO] PluginManager:220 - loadIPPluginJar : add plateformsettings
2025-09-13 12:10:00,372 [INFO] IPUIPlugin:80 - create IPUIPlugin
2025-09-13 12:10:00,372 [INFO] PluginManager:220 - loadIPPluginJar : add quadspi
2025-09-13 12:10:00,374 [INFO] IPUIPlugin:80 - create IPUIPlugin
2025-09-13 12:10:00,375 [INFO] PluginManager:220 - loadIPPluginJar : add radio
2025-09-13 12:10:00,377 [INFO] IPUIPlugin:80 - create IPUIPlugin
2025-09-13 12:10:00,377 [INFO] PluginManager:220 - loadIPPluginJar : add resmgrutility
2025-09-13 12:10:00,380 [INFO] IPUIPlugin:80 - create IPUIPlugin
2025-09-13 12:10:00,380 [INFO] PluginManager:220 - loadIPPluginJar : add sai
2025-09-13 12:10:00,382 [INFO] IPUIPlugin:80 - create IPUIPlugin
2025-09-13 12:10:00,382 [INFO] PluginManager:220 - loadIPPluginJar : add spi
2025-09-13 12:10:00,387 [INFO] IPUIPlugin:80 - create IPUIPlugin
2025-09-13 12:10:00,387 [INFO] PluginManager:220 - loadIPPluginJar : add stm32_wpan
2025-09-13 12:10:00,389 [INFO] IPUIPlugin:80 - create IPUIPlugin
2025-09-13 12:10:00,389 [INFO] PluginManager:220 - loadIPPluginJar : add tim
2025-09-13 12:10:00,392 [INFO] IPUIPlugin:80 - create IPUIPlugin
2025-09-13 12:10:00,392 [INFO] PluginManager:220 - loadIPPluginJar : add touchsensing
2025-09-13 12:10:00,395 [INFO] IPUIPlugin:80 - create IPUIPlugin
2025-09-13 12:10:00,395 [INFO] PluginManager:220 - loadIPPluginJar : add tracer_emb
2025-09-13 12:10:00,396 [INFO] IPUIPlugin:80 - create IPUIPlugin
2025-09-13 12:10:00,396 [INFO] PluginManager:220 - loadIPPluginJar : add ts
2025-09-13 12:10:00,397 [INFO] IPUIPlugin:80 - create IPUIPlugin
2025-09-13 12:10:00,397 [INFO] PluginManager:220 - loadIPPluginJar : add tsc
2025-09-13 12:10:00,398 [INFO] IPUIPlugin:80 - create IPUIPlugin
2025-09-13 12:10:00,399 [INFO] PluginManager:220 - loadIPPluginJar : add ucpd
2025-09-13 12:10:00,401 [INFO] IPUIPlugin:80 - create IPUIPlugin
2025-09-13 12:10:00,401 [INFO] PluginManager:220 - loadIPPluginJar : add usart
2025-09-13 12:10:00,404 [INFO] IPUIPlugin:80 - create IPUIPlugin
2025-09-13 12:10:00,404 [INFO] PluginManager:220 - loadIPPluginJar : add usbx
2025-09-13 12:10:00,539 [FATAL] Updater:351 - Updater called before beeing initialized
2025-09-13 12:10:00,570 [INFO] RulesReader:64 - Compatibility file has been processed (317 Rules)
2025-09-13 12:10:00,590 [INFO] RulesReader:64 - Compatibility file has been processed (317 Rules)
2025-09-13 12:10:00,602 [INFO] CADModel:165 - CPN selected for project level
2025-09-13 12:10:00,602 [INFO] CADModel:114 - Register for checkConnection events
2025-09-13 12:10:00,602 [FATAL] Updater:351 - Updater called before beeing initialized
2025-09-13 12:10:00,602 [ERROR] CADModel:125 - Updater not yet initialized, retry later 
2025-09-13 12:10:00,792 [FATAL] Updater:351 - Updater called before beeing initialized
2025-09-13 12:10:00,794 [INFO] CADModel:165 - CPN selected for project level
2025-09-13 12:10:00,794 [INFO] CADModel:114 - Register for checkConnection events
2025-09-13 12:10:00,794 [FATAL] Updater:351 - Updater called before beeing initialized
2025-09-13 12:10:00,794 [ERROR] CADModel:125 - Updater not yet initialized, retry later 
2025-09-13 12:10:00,799 [FATAL] Updater:351 - Updater called before beeing initialized
2025-09-13 12:10:00,936 [FATAL] Updater:351 - Updater called before beeing initialized
2025-09-13 12:10:00,953 [INFO] DbMcusAds:53 - JSON generation date=Thu Sep 30 08:55:09 CEST 2021 (1632984909247)
2025-09-13 12:10:00,953 [FATAL] Updater:351 - Updater called before beeing initialized
2025-09-13 12:10:00,991 [WARN] DetailPanel:346 - Failed to get advertising image, set to default
2025-09-13 12:10:01,091 [FATAL] Updater:351 - Updater called before beeing initialized
2025-09-13 12:10:01,094 [FATAL] Updater:351 - Updater called before beeing initialized
2025-09-13 12:10:01,094 [FATAL] Updater:351 - Updater called before beeing initialized
2025-09-13 12:10:01,094 [WARN] DetailPanel:346 - Failed to get advertising image, set to default
2025-09-13 12:10:01,095 [FATAL] Updater:351 - Updater called before beeing initialized
2025-09-13 12:10:01,151 [ERROR] Updater:1198 - MainUpdater not yet initialized. External WinMGr cannot be set.
2025-09-13 12:10:01,152 [INFO] Updater:1134 - Updater Version found : 6.15.0
2025-09-13 12:10:01,174 [INFO] ApplicationProperties:184 - Using Application install path: G:\ST\STM32CubeIDE_1.19.0\STM32CubeIDE\plugins\com.st.stm32cube.common.mx_6.15.0.202507011659
2025-09-13 12:10:02,695 [INFO] ThirdPartyUpdaterWithRetryManager:70 - Updater plugin not ready yet. [2/15]
2025-09-13 12:10:02,749 [ERROR] LogOutputStream:75 - [STDERR_REDIRECT] Sep 13, 2025 12:10:02 PM java.util.prefs.WindowsPreferences <init>
2025-09-13 12:10:02,751 [ERROR] LogOutputStream:75 - [STDERR_REDIRECT] WARNING: Could not open/create prefs root node Software\JavaSoft\Prefs at root 0xffffffff80000002. Windows RegCreateKeyEx(...) returned error code 5.
2025-09-13 12:10:02,752 [ERROR] LogOutputStream:75 - [STDERR_REDIRECT] 
2025-09-13 12:10:02,774 [INFO] MainUpdater:525 - Copy updater definitions from MX database
2025-09-13 12:10:02,828 [INFO] MainUpdater:558 - Copy flag file definitions from MX database
2025-09-13 12:10:02,830 [INFO] MainUpdater:574 - Copy thirdparty index definitions from MX database
2025-09-13 12:10:02,832 [INFO] MainUpdater:593 - Copy default thirdparty db definitions from MX database
2025-09-13 12:10:04,426 [INFO] MainUpdater:2872 - connection check result : 10
2025-09-13 12:10:04,426 [INFO] MainUpdater:3604 - Updater definition file requires update
2025-09-13 12:10:04,427 [INFO] MainUpdater:289 - Updater Check For Update Now.
2025-09-13 12:10:04,427 [INFO] MicroXplorer:498 - Change Database Version : DB.6.0.150
2025-09-13 12:10:04,443 [INFO] McuFinderGlobals:63 - Set McuFinder mode to 2 (CubeIDE integrated)
2025-09-13 12:10:04,444 [INFO] UserAuth:171 - activating auth plugin
2025-09-13 12:10:04,446 [INFO] UserAuth:487 - Internet connection configuration mode: 1
2025-09-13 12:10:04,479 [INFO] JxBrowserEngine:152 - Initiate JxBrowser Engine with user profile folder
2025-09-13 12:10:04,506 [INFO] ServerAccessManage:452 - Complete download http(s) 200
2025-09-13 12:10:04,507 [INFO] ServerAccessManage:509 - Download File updaters.zip
2025-09-13 12:10:04,604 [INFO] FileExtend:248 - Unzip File : updaters.zip
2025-09-13 12:10:04,605 [INFO] FileExtend:263 - Standard Zip Deflate
2025-09-13 12:10:05,502 [INFO] ServerAccessManage:452 - Complete download http(s) 200
2025-09-13 12:10:05,502 [INFO] ServerAccessManage:509 - Download File PacksControlFlags.xml
2025-09-13 12:10:05,595 [INFO] ServerAccessManage:452 - Complete download http(s) 200
2025-09-13 12:10:05,595 [INFO] ServerAccessManage:509 - Download File cubemx.pidx
2025-09-13 12:10:05,696 [WARN] MainUpdater:1193 - Updater busy. Cannot search thirdparties
2025-09-13 12:10:05,696 [INFO] ThirdPartyUpdaterWithRetryManager:96 - Updater plugin is busy. [1/15]
2025-09-13 12:10:05,869 [INFO] ServerAccessManage:452 - Complete download http(s) 200
2025-09-13 12:10:05,870 [INFO] ServerAccessManage:509 - Download File STMicroelectronics.FP-ATR-ASTRA1.pdsc
2025-09-13 12:10:06,614 [INFO] ServerAccessManage:452 - Complete download http(s) 200
2025-09-13 12:10:06,614 [INFO] ServerAccessManage:509 - Download File STMicroelectronics.FP-ATR-SIGFOX1.pdsc
2025-09-13 12:10:06,828 [INFO] ServerAccessManage:452 - Complete download http(s) 200
2025-09-13 12:10:06,828 [INFO] ServerAccessManage:509 - Download File STMicroelectronics.FP-SNS-STBOX1.pdsc
2025-09-13 12:10:07,031 [INFO] ServerAccessManage:452 - Complete download http(s) 200
2025-09-13 12:10:07,031 [INFO] ServerAccessManage:509 - Download File STMicroelectronics.FP-SNS-FLIGHT1.pdsc
2025-09-13 12:10:07,657 [INFO] ServerAccessManage:452 - Complete download http(s) 200
2025-09-13 12:10:07,657 [INFO] ServerAccessManage:509 - Download File STMicroelectronics.FP-SNS-MOTENV1.pdsc
2025-09-13 12:10:08,206 [INFO] ServerAccessManage:452 - Complete download http(s) 200
2025-09-13 12:10:08,206 [INFO] ServerAccessManage:509 - Download File STMicroelectronics.FP-SNS-MOTENVWB1.pdsc
2025-09-13 12:10:08,697 [WARN] MainUpdater:1193 - Updater busy. Cannot search thirdparties
2025-09-13 12:10:08,697 [INFO] ThirdPartyUpdaterWithRetryManager:96 - Updater plugin is busy. [2/15]
2025-09-13 12:10:08,804 [INFO] ServerAccessManage:452 - Complete download http(s) 200
2025-09-13 12:10:08,804 [INFO] ServerAccessManage:509 - Download File STMicroelectronics.FP-SNS-SMARTAG2.pdsc
2025-09-13 12:10:08,956 [INFO] ServerAccessManage:452 - Complete download http(s) 200
2025-09-13 12:10:08,956 [INFO] ServerAccessManage:509 - Download File STMicroelectronics.FP-SNS-STAIOTCFT.pdsc
2025-09-13 12:10:09,057 [INFO] ServerAccessManage:452 - Complete download http(s) 200
2025-09-13 12:10:09,058 [INFO] ServerAccessManage:509 - Download File STMicroelectronics.X-CUBE-AI.pdsc
2025-09-13 12:10:09,939 [INFO] ServerAccessManage:452 - Complete download http(s) 200
2025-09-13 12:10:09,939 [INFO] ServerAccessManage:509 - Download File STMicroelectronics.X-CUBE-ALS.pdsc
2025-09-13 12:10:10,161 [INFO] WebApp:169 - Instantiating new browser for Auth
2025-09-13 12:10:10,534 [INFO] ServerAccessManage:452 - Complete download http(s) 200
2025-09-13 12:10:10,534 [INFO] ServerAccessManage:509 - Download File STMicroelectronics.X-CUBE-BLE1.pdsc
2025-09-13 12:10:10,862 [INFO] WebApp:463 - Apply proxy settings
2025-09-13 12:10:10,862 [INFO] WebApp:548 - Chromium requires no authentication
2025-09-13 12:10:10,873 [INFO] WebApp:491 - Direct internet connection detected
2025-09-13 12:10:10,901 [INFO] WebApp:900 - Register for checkConnection events
2025-09-13 12:10:10,901 [INFO] WebApp:463 - Apply proxy settings
2025-09-13 12:10:10,901 [INFO] WebApp:548 - Chromium requires no authentication
2025-09-13 12:10:10,902 [INFO] WebApp:491 - Direct internet connection detected
2025-09-13 12:10:11,109 [INFO] WebApp:225 - Starting web application
2025-09-13 12:10:11,109 [INFO] WebApp:593 - Web application path used G:\ST\STM32CubeIDE_1.19.0\STM32CubeIDE\plugins\com.st.stm32cube.common.mx_6.15.0.202507011659\db\plugins\mcufinder\reactClient1\index.html
2025-09-13 12:10:11,403 [INFO] WebApp:191 - Connection restablished
2025-09-13 12:10:11,697 [WARN] MainUpdater:1193 - Updater busy. Cannot search thirdparties
2025-09-13 12:10:11,698 [INFO] ThirdPartyUpdaterWithRetryManager:96 - Updater plugin is busy. [3/15]
2025-09-13 12:10:12,679 [ERROR] ServerAccessManage:1212 - Problem, file not found on Server
2025-09-13 12:10:12,767 [INFO] ServerAccessManage:452 - Complete download http(s) 200
2025-09-13 12:10:12,767 [INFO] ServerAccessManage:509 - Download File STMicroelectronics.X-CUBE-BLE2.pdsc
2025-09-13 12:10:13,708 [INFO] ServerAccessManage:452 - Complete download http(s) 200
2025-09-13 12:10:13,708 [INFO] ServerAccessManage:509 - Download File STMicroelectronics.X-CUBE-BLEMGR.pdsc
2025-09-13 12:10:13,979 [ERROR] ServerAccessManage:1212 - Problem, file not found on Server
2025-09-13 12:10:14,341 [INFO] ServerAccessManage:452 - Complete download http(s) 200
2025-09-13 12:10:14,341 [INFO] ServerAccessManage:509 - Download File STMicroelectronics.X-CUBE-DISPLAY.pdsc
2025-09-13 12:10:14,699 [WARN] MainUpdater:1193 - Updater busy. Cannot search thirdparties
2025-09-13 12:10:14,699 [INFO] ThirdPartyUpdaterWithRetryManager:96 - Updater plugin is busy. [4/15]
2025-09-13 12:10:15,229 [INFO] ServerAccessManage:452 - Complete download http(s) 200
2025-09-13 12:10:15,230 [INFO] ServerAccessManage:509 - Download File STMicroelectronics.X-CUBE-DPOWER.pdsc
2025-09-13 12:10:15,601 [ERROR] ServerAccessManage:1212 - Problem, file not found on Server
2025-09-13 12:10:15,681 [ERROR] ServerAccessManage:1212 - Problem, file not found on Server
2025-09-13 12:10:15,813 [ERROR] ServerAccessManage:1212 - Problem, file not found on Server
2025-09-13 12:10:15,911 [ERROR] ServerAccessManage:1212 - Problem, file not found on Server
2025-09-13 12:10:16,049 [ERROR] ServerAccessManage:1212 - Problem, file not found on Server
2025-09-13 12:10:16,180 [ERROR] ServerAccessManage:1212 - Problem, file not found on Server
2025-09-13 12:10:16,248 [ERROR] ServerAccessManage:1212 - Problem, file not found on Server
2025-09-13 12:10:16,396 [ERROR] ServerAccessManage:1212 - Problem, file not found on Server
2025-09-13 12:10:16,497 [ERROR] ServerAccessManage:1212 - Problem, file not found on Server
2025-09-13 12:10:16,623 [ERROR] ServerAccessManage:1212 - Problem, file not found on Server
2025-09-13 12:10:16,749 [ERROR] ServerAccessManage:1212 - Problem, file not found on Server
2025-09-13 12:10:16,782 [INFO] ServerAccessManage:452 - Complete download http(s) 200
2025-09-13 12:10:16,782 [INFO] ServerAccessManage:509 - Download File STMicroelectronics.X-CUBE-EEPRMA1.pdsc
2025-09-13 12:10:16,969 [ERROR] ServerAccessManage:1212 - Problem, file not found on Server
2025-09-13 12:10:17,106 [ERROR] ServerAccessManage:1212 - Problem, file not found on Server
2025-09-13 12:10:17,230 [INFO] ServerAccessManage:452 - Complete download http(s) 200
2025-09-13 12:10:17,230 [INFO] ServerAccessManage:509 - Download File STMicroelectronics.X-CUBE-FREERTOS.pdsc
2025-09-13 12:10:17,566 [INFO] ServerAccessManage:452 - Complete download http(s) 200
2025-09-13 12:10:17,566 [INFO] ServerAccessManage:509 - Download File STMicroelectronics.X-CUBE-GNSS1.pdsc
2025-09-13 12:10:17,699 [WARN] MainUpdater:1193 - Updater busy. Cannot search thirdparties
2025-09-13 12:10:17,699 [INFO] ThirdPartyUpdaterWithRetryManager:96 - Updater plugin is busy. [5/15]
2025-09-13 12:10:18,838 [ERROR] ServerAccessManage:1212 - Problem, file not found on Server
2025-09-13 12:10:18,896 [ERROR] ServerAccessManage:1212 - Problem, file not found on Server
2025-09-13 12:10:19,022 [ERROR] ServerAccessManage:1212 - Problem, file not found on Server
2025-09-13 12:10:19,155 [ERROR] ServerAccessManage:1212 - Problem, file not found on Server
2025-09-13 12:10:19,259 [ERROR] ServerAccessManage:1212 - Problem, file not found on Server
2025-09-13 12:10:19,350 [ERROR] ServerAccessManage:1212 - Problem, file not found on Server
2025-09-13 12:10:19,446 [INFO] ServerAccessManage:452 - Complete download http(s) 200
2025-09-13 12:10:19,447 [INFO] ServerAccessManage:509 - Download File STMicroelectronics.X-CUBE-ISPU.pdsc
2025-09-13 12:10:20,131 [INFO] ServerAccessManage:452 - Complete download http(s) 200
2025-09-13 12:10:20,132 [INFO] ServerAccessManage:509 - Download File STMicroelectronics.X-CUBE-IPS.pdsc
2025-09-13 12:10:20,418 [INFO] ServerAccessManage:452 - Complete download http(s) 200
2025-09-13 12:10:20,420 [INFO] ServerAccessManage:509 - Download File STMicroelectronics.X-CUBE-MEMS1.pdsc
2025-09-13 12:10:20,701 [WARN] MainUpdater:1193 - Updater busy. Cannot search thirdparties
2025-09-13 12:10:20,701 [INFO] ThirdPartyUpdaterWithRetryManager:96 - Updater plugin is busy. [6/15]
2025-09-13 12:10:21,479 [INFO] ServerAccessManage:452 - Complete download http(s) 200
2025-09-13 12:10:21,479 [INFO] ServerAccessManage:509 - Download File STMicroelectronics.X-CUBE-NFC4.pdsc
2025-09-13 12:10:23,242 [INFO] ServerAccessManage:452 - Complete download http(s) 200
2025-09-13 12:10:23,242 [INFO] ServerAccessManage:509 - Download File STMicroelectronics.X-CUBE-NFC6.pdsc
2025-09-13 12:10:23,587 [INFO] ServerAccessManage:452 - Complete download http(s) 200
2025-09-13 12:10:23,587 [INFO] ServerAccessManage:509 - Download File STMicroelectronics.X-CUBE-NFC7.pdsc
2025-09-13 12:10:23,703 [WARN] MainUpdater:1193 - Updater busy. Cannot search thirdparties
2025-09-13 12:10:23,703 [INFO] ThirdPartyUpdaterWithRetryManager:96 - Updater plugin is busy. [7/15]
2025-09-13 12:10:24,084 [INFO] ServerAccessManage:452 - Complete download http(s) 200
2025-09-13 12:10:24,084 [INFO] ServerAccessManage:509 - Download File STMicroelectronics.X-CUBE-NFC9.pdsc
2025-09-13 12:10:24,280 [INFO] ServerAccessManage:452 - Complete download http(s) 200
2025-09-13 12:10:24,280 [INFO] ServerAccessManage:509 - Download File STMicroelectronics.X-CUBE-NFC10.pdsc
2025-09-13 12:10:24,403 [INFO] ServerAccessManage:452 - Complete download http(s) 200
2025-09-13 12:10:24,403 [INFO] ServerAccessManage:509 - Download File STMicroelectronics.X-CUBE-NFC12.pdsc
2025-09-13 12:10:24,555 [INFO] ServerAccessManage:452 - Complete download http(s) 200
2025-09-13 12:10:24,555 [INFO] ServerAccessManage:509 - Download File STMicroelectronics.X-CUBE-SFXS2LP1.pdsc
2025-09-13 12:10:25,301 [INFO] ServerAccessManage:452 - Complete download http(s) 200
2025-09-13 12:10:25,302 [INFO] ServerAccessManage:509 - Download File STMicroelectronics.X-CUBE-SAFEA1.pdsc
2025-09-13 12:10:25,662 [INFO] ServerAccessManage:452 - Complete download http(s) 200
2025-09-13 12:10:25,662 [INFO] ServerAccessManage:509 - Download File STMicroelectronics.X-CUBE-SUBG2.pdsc
2025-09-13 12:10:26,703 [WARN] MainUpdater:1193 - Updater busy. Cannot search thirdparties
2025-09-13 12:10:26,703 [INFO] ThirdPartyUpdaterWithRetryManager:96 - Updater plugin is busy. [8/15]
2025-09-13 12:10:27,050 [INFO] ServerAccessManage:452 - Complete download http(s) 200
2025-09-13 12:10:27,050 [INFO] ServerAccessManage:509 - Download File STMicroelectronics.X-CUBE-SMBUS.pdsc
2025-09-13 12:10:27,234 [ERROR] ServerAccessManage:1212 - Problem, file not found on Server
2025-09-13 12:10:27,268 [INFO] ServerAccessManage:452 - Complete download http(s) 200
2025-09-13 12:10:27,268 [INFO] ServerAccessManage:509 - Download File STMicroelectronics.X-CUBE-ST60.pdsc
2025-09-13 12:10:27,349 [INFO] ServerAccessManage:452 - Complete download http(s) 200
2025-09-13 12:10:27,349 [INFO] ServerAccessManage:509 - Download File STMicroelectronics.X-CUBE-ST67W61.pdsc
2025-09-13 12:10:27,426 [INFO] ServerAccessManage:452 - Complete download http(s) 200
2025-09-13 12:10:27,426 [INFO] ServerAccessManage:509 - Download File STMicroelectronics.X-CUBE-STSE01.pdsc
2025-09-13 12:10:27,519 [INFO] ServerAccessManage:452 - Complete download http(s) 200
2025-09-13 12:10:27,521 [INFO] ServerAccessManage:509 - Download File STMicroelectronics.X-CUBE-PM33A1.pdsc
2025-09-13 12:10:27,697 [INFO] ServerAccessManage:452 - Complete download http(s) 200
2025-09-13 12:10:27,697 [INFO] ServerAccessManage:509 - Download File STMicroelectronics.X-CUBE-TCPP.pdsc
2025-09-13 12:10:28,117 [INFO] ServerAccessManage:452 - Complete download http(s) 200
2025-09-13 12:10:28,117 [INFO] ServerAccessManage:509 - Download File STMicroelectronics.X-CUBE-TOF1.pdsc
2025-09-13 12:10:29,366 [ERROR] ServerAccessManage:1212 - Problem, file not found on Server
2025-09-13 12:10:29,609 [INFO] ServerAccessManage:452 - Complete download http(s) 200
2025-09-13 12:10:29,609 [INFO] ServerAccessManage:509 - Download File STMicroelectronics.X-CUBE-TOUCHGFX.pdsc
2025-09-13 12:10:29,704 [WARN] MainUpdater:1193 - Updater busy. Cannot search thirdparties
2025-09-13 12:10:29,704 [INFO] ThirdPartyUpdaterWithRetryManager:96 - Updater plugin is busy. [9/15]
2025-09-13 12:10:32,706 [WARN] MainUpdater:1193 - Updater busy. Cannot search thirdparties
2025-09-13 12:10:32,706 [INFO] ThirdPartyUpdaterWithRetryManager:96 - Updater plugin is busy. [10/15]
2025-09-13 12:10:32,715 [INFO] ServerAccessManage:452 - Complete download http(s) 200
2025-09-13 12:10:32,715 [INFO] ServerAccessManage:509 - Download File STMicroelectronics.X-CUBE-ALGOBUILD.pdsc
2025-09-13 12:10:33,415 [INFO] ServerAccessManage:452 - Complete download http(s) 200
2025-09-13 12:10:33,415 [INFO] ServerAccessManage:509 - Download File STMicroelectronics.X-CUBE-AZRTOS-H7.pdsc
2025-09-13 12:10:34,291 [INFO] ServerAccessManage:452 - Complete download http(s) 200
2025-09-13 12:10:34,291 [INFO] ServerAccessManage:509 - Download File STMicroelectronics.X-CUBE-AZRTOS-H7RS.pdsc
2025-09-13 12:10:34,679 [INFO] ServerAccessManage:452 - Complete download http(s) 200
2025-09-13 12:10:34,679 [INFO] ServerAccessManage:509 - Download File STMicroelectronics.X-CUBE-AZRTOS-F4.pdsc
2025-09-13 12:10:35,707 [WARN] MainUpdater:1193 - Updater busy. Cannot search thirdparties
2025-09-13 12:10:35,707 [INFO] ThirdPartyUpdaterWithRetryManager:96 - Updater plugin is busy. [11/15]
2025-09-13 12:10:35,749 [INFO] ServerAccessManage:452 - Complete download http(s) 200
2025-09-13 12:10:35,751 [INFO] ServerAccessManage:509 - Download File STMicroelectronics.X-CUBE-AZRTOS-F7.pdsc
2025-09-13 12:10:36,103 [INFO] ServerAccessManage:452 - Complete download http(s) 200
2025-09-13 12:10:36,103 [INFO] ServerAccessManage:509 - Download File STMicroelectronics.X-CUBE-AZRTOS-L4.pdsc
2025-09-13 12:10:36,597 [INFO] ServerAccessManage:452 - Complete download http(s) 200
2025-09-13 12:10:36,597 [INFO] ServerAccessManage:509 - Download File STMicroelectronics.X-CUBE-AZRTOS-L5.pdsc
2025-09-13 12:10:37,097 [INFO] ServerAccessManage:452 - Complete download http(s) 200
2025-09-13 12:10:37,097 [INFO] ServerAccessManage:509 - Download File STMicroelectronics.X-CUBE-AZRTOS-G0.pdsc
2025-09-13 12:10:37,530 [INFO] ServerAccessManage:452 - Complete download http(s) 200
2025-09-13 12:10:37,530 [INFO] ServerAccessManage:509 - Download File STMicroelectronics.X-CUBE-AZRTOS-G4.pdsc
2025-09-13 12:10:37,891 [INFO] ServerAccessManage:452 - Complete download http(s) 200
2025-09-13 12:10:37,892 [INFO] ServerAccessManage:509 - Download File STMicroelectronics.X-CUBE-AZRTOS-WB.pdsc
2025-09-13 12:10:38,274 [INFO] ServerAccessManage:452 - Complete download http(s) 200
2025-09-13 12:10:38,274 [INFO] ServerAccessManage:509 - Download File STMicroelectronics.X-CUBE-AZRTOS-WL.pdsc
2025-09-13 12:10:38,589 [INFO] ServerAccessManage:452 - Complete download http(s) 200
2025-09-13 12:10:38,589 [INFO] ServerAccessManage:509 - Download File STMicroelectronics.X-CUBE-WB05N.pdsc
2025-09-13 12:10:38,708 [WARN] MainUpdater:1193 - Updater busy. Cannot search thirdparties
2025-09-13 12:10:38,708 [INFO] ThirdPartyUpdaterWithRetryManager:96 - Updater plugin is busy. [12/15]
2025-09-13 12:10:39,071 [INFO] ServerAccessManage:452 - Complete download http(s) 200
2025-09-13 12:10:39,071 [INFO] ServerAccessManage:509 - Download File wolfSSL.I-CUBE-wolfSSL.pdsc
2025-09-13 12:10:41,709 [WARN] MainUpdater:1193 - Updater busy. Cannot search thirdparties
2025-09-13 12:10:41,709 [INFO] ThirdPartyUpdaterWithRetryManager:96 - Updater plugin is busy. [13/15]
2025-09-13 12:10:42,310 [ERROR] ServerAccessManage:1212 - Problem, file not found on Server
2025-09-13 12:10:42,458 [ERROR] ServerAccessManage:1212 - Problem, file not found on Server
2025-09-13 12:10:42,620 [ERROR] ServerAccessManage:1212 - Problem, file not found on Server
2025-09-13 12:10:42,713 [INFO] ServerAccessManage:452 - Complete download http(s) 200
2025-09-13 12:10:42,713 [INFO] ServerAccessManage:509 - Download File wolfSSL.I-CUBE-wolfMQTT.pdsc
2025-09-13 12:10:43,294 [ERROR] ServerAccessManage:1212 - Problem, file not found on Server
2025-09-13 12:10:43,387 [INFO] ServerAccessManage:452 - Complete download http(s) 200
2025-09-13 12:10:43,387 [INFO] ServerAccessManage:509 - Download File wolfSSL.I-CUBE-wolfTPM.pdsc
2025-09-13 12:10:44,232 [INFO] ServerAccessManage:452 - Complete download http(s) 200
2025-09-13 12:10:44,232 [INFO] ServerAccessManage:509 - Download File wolfSSL.I-CUBE-wolfSSH.pdsc
2025-09-13 12:10:44,709 [WARN] MainUpdater:1193 - Updater busy. Cannot search thirdparties
2025-09-13 12:10:44,709 [INFO] ThirdPartyUpdaterWithRetryManager:96 - Updater plugin is busy. [14/15]
2025-09-13 12:10:45,396 [INFO] ServerAccessManage:452 - Complete download http(s) 200
2025-09-13 12:10:45,396 [INFO] ServerAccessManage:509 - Download File RealThread.X-CUBE-RT-Thread_Nano.pdsc
2025-09-13 12:10:47,374 [INFO] ServerAccessManage:452 - Complete download http(s) 200
2025-09-13 12:10:47,374 [INFO] ServerAccessManage:509 - Download File SEGGER.I-CUBE-embOS.pdsc
2025-09-13 12:10:47,684 [INFO] ServerAccessManage:452 - Complete download http(s) 200
2025-09-13 12:10:47,684 [INFO] ServerAccessManage:509 - Download File emotas.I-CUBE-CANOPEN.pdsc
2025-09-13 12:10:47,710 [WARN] MainUpdater:1193 - Updater busy. Cannot search thirdparties
2025-09-13 12:10:47,710 [INFO] ThirdPartyUpdaterWithRetryManager:96 - Updater plugin is busy. [15/15]
2025-09-13 12:10:47,710 [ERROR] IntegrityCheckThread:130 - Cannot retrieve database content from updater: error -1
2025-09-13 12:10:47,711 [INFO] ThirdParty:978 - Integrity check success = false
2025-09-13 12:10:47,711 [INFO] IntegrityCheckThread:100 - exiting critical section [integrity check]
2025-09-13 12:10:47,711 [INFO] IntegrityCheckThread:103 - End integrity checks thread
2025-09-13 12:10:48,467 [INFO] ServerAccessManage:452 - Complete download http(s) 200
2025-09-13 12:10:48,467 [INFO] ServerAccessManage:509 - Download File WES.I-CUBE-Cesium.pdsc
2025-09-13 12:10:49,084 [ERROR] ServerAccessManage:1212 - Problem, file not found on Server
2025-09-13 12:10:49,314 [ERROR] ServerAccessManage:1212 - Problem, file not found on Server
2025-09-13 12:10:50,018 [INFO] ServerAccessManage:452 - Complete download http(s) 200
2025-09-13 12:10:50,018 [INFO] ServerAccessManage:509 - Download File ITTIA_DB.I-CUBE-ITTIADB.pdsc
2025-09-13 12:10:53,180 [INFO] ServerAccessManage:452 - Complete download http(s) 200
2025-09-13 12:10:53,180 [INFO] ServerAccessManage:509 - Download File Infineon.AIROC-Wi-Fi-Bluetooth-STM32.pdsc
2025-09-13 12:10:55,641 [INFO] ServerAccessManage:452 - Complete download http(s) 200
2025-09-13 12:10:55,641 [INFO] ServerAccessManage:509 - Download File Cesanta.I-CUBE-Mongoose.pdsc
2025-09-13 12:10:56,720 [INFO] ServerAccessManage:452 - Complete download http(s) 200
2025-09-13 12:10:56,720 [INFO] ServerAccessManage:509 - Download File EmbeddedOffice.I-CUBE-FS-RTOS.pdsc
2025-09-13 12:10:57,724 [INFO] ServerAccessManage:452 - Complete download http(s) 200
2025-09-13 12:10:57,724 [INFO] ServerAccessManage:509 - Download File quantropi.X-CUBE-qispace-sdk-base.pdsc
2025-09-13 12:10:58,410 [INFO] ServerAccessManage:452 - Complete download http(s) 200
2025-09-13 12:10:58,411 [INFO] ServerAccessManage:509 - Download File Avnet-IotConnect.X-CUBE-IoTC-DA16k-PMOD.pdsc
2025-09-13 12:10:58,504 [WARN] PackLoader:240 - Cannot read IP mode file for STMicroelectronics.FP-ATR-ASTRA1.2.0.2
2025-09-13 12:10:58,504 [WARN] CheckServerUpdateThread:151 - Open CheckUpdateFile Fail
2025-09-13 12:10:58,511 [WARN] PackLoader:240 - Cannot read IP mode file for STMicroelectronics.FP-ATR-SIGFOX1.3.2.0
2025-09-13 12:10:58,523 [WARN] PackLoader:240 - Cannot read IP mode file for STMicroelectronics.FP-SNS-STBOX1.2.1.0
2025-09-13 12:10:58,533 [WARN] PackLoader:240 - Cannot read IP mode file for STMicroelectronics.FP-SNS-FLIGHT1.5.1.0
2025-09-13 12:10:58,539 [WARN] PackLoader:240 - Cannot read IP mode file for STMicroelectronics.FP-SNS-MOTENV1.5.0.0
2025-09-13 12:10:58,546 [WARN] PackLoader:240 - Cannot read IP mode file for STMicroelectronics.FP-SNS-MOTENVWB1.1.4.0
2025-09-13 12:10:58,552 [WARN] PackLoader:240 - Cannot read IP mode file for STMicroelectronics.FP-SNS-SMARTAG2.1.2.0
2025-09-13 12:10:58,562 [WARN] PackLoader:240 - Cannot read IP mode file for STMicroelectronics.FP-SNS-STAIOTCFT.1.0.0
2025-09-13 12:10:58,567 [WARN] PackLoader:240 - Cannot read IP mode file for STMicroelectronics.X-CUBE-AI.10.2.0
2025-09-13 12:10:58,572 [WARN] PackLoader:240 - Cannot read IP mode file for STMicroelectronics.X-CUBE-ALS.1.0.2
2025-09-13 12:10:58,579 [WARN] PackLoader:240 - Cannot read IP mode file for STMicroelectronics.X-CUBE-BLE1.7.1.0
2025-09-13 12:10:58,584 [WARN] PackLoader:240 - Cannot read IP mode file for STMicroelectronics.X-CUBE-BLE2.3.3.0
2025-09-13 12:10:58,597 [WARN] PackLoader:240 - Cannot read IP mode file for STMicroelectronics.X-CUBE-BLEMGR.4.1.0
2025-09-13 12:10:58,611 [WARN] PackLoader:240 - Cannot read IP mode file for STMicroelectronics.X-CUBE-DISPLAY.3.0.0
2025-09-13 12:10:58,622 [WARN] PackLoader:240 - Cannot read IP mode file for STMicroelectronics.X-CUBE-DPower.1.3.0
2025-09-13 12:10:58,627 [WARN] PackLoader:240 - Cannot read IP mode file for STMicroelectronics.X-CUBE-EEPRMA1.5.2.0
2025-09-13 12:10:58,629 [INFO] CheckServerUpdateThread:120 - End of CheckServer Thread
2025-09-13 12:10:58,634 [WARN] PackLoader:240 - Cannot read IP mode file for STMicroelectronics.X-CUBE-FREERTOS.1.3.1
2025-09-13 12:10:58,640 [WARN] PackLoader:240 - Cannot read IP mode file for STMicroelectronics.X-CUBE-GNSS1.7.0.1
2025-09-13 12:10:58,644 [WARN] PackLoader:240 - Cannot read IP mode file for STMicroelectronics.X-CUBE-ISPU.2.1.0
2025-09-13 12:10:58,656 [WARN] PackLoader:240 - Cannot read IP mode file for STMicroelectronics.X-CUBE-IPS.3.1.0
2025-09-13 12:10:58,705 [WARN] PackLoader:240 - Cannot read IP mode file for STMicroelectronics.X-CUBE-MEMS1.11.3.0
2025-09-13 12:10:58,823 [WARN] PackLoader:240 - Cannot read IP mode file for STMicroelectronics.X-CUBE-NFC4.3.0.0
2025-09-13 12:10:58,831 [WARN] PackLoader:240 - Cannot read IP mode file for STMicroelectronics.X-CUBE-NFC6.3.1.0
2025-09-13 12:10:58,838 [WARN] PackLoader:240 - Cannot read IP mode file for STMicroelectronics.X-CUBE-NFC7.2.0.0
2025-09-13 12:10:58,843 [WARN] PackLoader:240 - Cannot read IP mode file for STMicroelectronics.X-CUBE-NFC9.1.0.0
2025-09-13 12:10:58,850 [WARN] PackLoader:240 - Cannot read IP mode file for STMicroelectronics.X-CUBE-NFC10.1.0.0
2025-09-13 12:10:58,868 [WARN] PackLoader:240 - Cannot read IP mode file for STMicroelectronics.X-CUBE-NFC12.1.0.0
2025-09-13 12:10:58,874 [WARN] PackLoader:240 - Cannot read IP mode file for STMicroelectronics.X-CUBE-SFXS2LP1.4.0.0
2025-09-13 12:10:58,881 [WARN] PackLoader:240 - Cannot read IP mode file for STMicroelectronics.X-CUBE-SAFEA1.1.2.2
2025-09-13 12:10:58,891 [WARN] PackLoader:240 - Cannot read IP mode file for STMicroelectronics.X-CUBE-SUBG2.5.0.0
2025-09-13 12:10:58,897 [WARN] PackLoader:240 - Cannot read IP mode file for STMicroelectronics.X-CUBE-SMBUS.2.1.0
2025-09-13 12:10:58,902 [WARN] PackLoader:240 - Cannot read IP mode file for STMicroelectronics.X-CUBE-ST60.1.0.0
2025-09-13 12:10:58,908 [WARN] PackLoader:240 - Cannot read IP mode file for STMicroelectronics.X-CUBE-ST67W61.1.0.0
2025-09-13 12:10:58,914 [WARN] PackLoader:240 - Cannot read IP mode file for STMicroelectronics.X-CUBE-STSE01.1.0.0
2025-09-13 12:10:58,917 [WARN] PackLoader:240 - Cannot read IP mode file for STMicroelectronics.X-CUBE-PM33A1.1.0.0
2025-09-13 12:10:58,923 [WARN] PackLoader:240 - Cannot read IP mode file for STMicroelectronics.X-CUBE-TCPP.4.2.0
2025-09-13 12:10:58,932 [WARN] PackLoader:240 - Cannot read IP mode file for STMicroelectronics.X-CUBE-TOF1.3.4.3
2025-09-13 12:10:58,943 [WARN] PackLoader:240 - Cannot read IP mode file for STMicroelectronics.X-CUBE-TOUCHGFX.4.25.0
2025-09-13 12:10:58,948 [WARN] PackLoader:240 - Cannot read IP mode file for STMicroelectronics.X-CUBE-ALGOBUILD.1.4.0
2025-09-13 12:10:58,962 [WARN] PackLoader:240 - Cannot read IP mode file for STMicroelectronics.X-CUBE-AZRTOS-H7.3.4.0
2025-09-13 12:10:58,979 [WARN] PackLoader:240 - Cannot read IP mode file for STMicroelectronics.X-CUBE-AZRTOS-H7RS.1.1.0
2025-09-13 12:10:58,994 [WARN] PackLoader:240 - Cannot read IP mode file for STMicroelectronics.X-CUBE-AZRTOS-F4.1.1.0
2025-09-13 12:10:59,009 [WARN] PackLoader:240 - Cannot read IP mode file for STMicroelectronics.X-CUBE-AZRTOS-F7.1.1.0
2025-09-13 12:10:59,026 [WARN] ConditionMgr:438 - getConditionDescription Invalid condition id : LAN8742 Phy interface Condition cause : null
2025-09-13 12:10:59,027 [WARN] PackLoader:240 - Cannot read IP mode file for STMicroelectronics.X-CUBE-AZRTOS-L4.2.0.0
2025-09-13 12:10:59,028 [WARN] ConditionMgr:1044 - genDependencies : Invalid condition id : LAN8742 Phy interface Condition cause : null
2025-09-13 12:10:59,028 [WARN] ConditionMgr:1044 - genDependencies : Invalid condition id : LAN8742 Phy interface Condition cause : null
2025-09-13 12:10:59,029 [WARN] ConditionMgr:1044 - genDependencies : Invalid condition id : LAN8742 Phy interface Condition cause : null
2025-09-13 12:10:59,041 [WARN] PackLoader:240 - Cannot read IP mode file for STMicroelectronics.X-CUBE-AZRTOS-L5.2.0.0
2025-09-13 12:10:59,054 [WARN] PackLoader:240 - Cannot read IP mode file for STMicroelectronics.X-CUBE-AZRTOS-G0.1.1.0
2025-09-13 12:10:59,066 [WARN] PackLoader:240 - Cannot read IP mode file for STMicroelectronics.X-CUBE-AZRTOS-G4.2.0.0
2025-09-13 12:10:59,077 [WARN] ConditionMgr:438 - getConditionDescription Invalid condition id : UX DEVICE CLASS RTOS Condition cause : null
2025-09-13 12:10:59,078 [WARN] ConditionMgr:438 - getConditionDescription Invalid condition id : UX DEVICE CLASS RTOS Condition cause : null
2025-09-13 12:10:59,079 [WARN] PackLoader:240 - Cannot read IP mode file for STMicroelectronics.X-CUBE-AZRTOS-WB.2.0.0
2025-09-13 12:10:59,079 [WARN] ConditionMgr:1044 - genDependencies : Invalid condition id : UX DEVICE CLASS RTOS Condition cause : null
2025-09-13 12:10:59,079 [WARN] ConditionMgr:1044 - genDependencies : Invalid condition id : UX DEVICE CLASS RTOS Condition cause : null
2025-09-13 12:10:59,080 [WARN] ConditionMgr:1044 - genDependencies : Invalid condition id : UX DEVICE CLASS RTOS Condition cause : null
2025-09-13 12:10:59,080 [WARN] ConditionMgr:1044 - genDependencies : Invalid condition id : UX DEVICE CLASS RTOS Condition cause : null
2025-09-13 12:10:59,080 [WARN] ConditionMgr:1044 - genDependencies : Invalid condition id : UX DEVICE CLASS RTOS Condition cause : null
2025-09-13 12:10:59,086 [INFO] LogOutputStream:77 - [STDOUT_REDIRECT] 1 : Invalid condition id : UX_CORESTACK_Condition cause : null
2025-09-13 12:10:59,087 [INFO] LogOutputStream:77 - [STDOUT_REDIRECT] 1 : Invalid condition id : UX_CORESTACK_Condition cause : null
2025-09-13 12:10:59,090 [INFO] LogOutputStream:77 - [STDOUT_REDIRECT] 1 : Invalid condition id : UX_CORESTACK_Condition cause : null
2025-09-13 12:10:59,090 [INFO] LogOutputStream:77 - [STDOUT_REDIRECT] 1 : Invalid condition id : UX_CORESTACK_Condition cause : null
2025-09-13 12:10:59,091 [INFO] LogOutputStream:77 - [STDOUT_REDIRECT] 1 : Invalid condition id : UX_CORESTACK_Condition cause : null
2025-09-13 12:10:59,093 [WARN] PackLoader:240 - Cannot read IP mode file for STMicroelectronics.X-CUBE-AZRTOS-WL.2.0.0
2025-09-13 12:10:59,099 [WARN] PackLoader:240 - Cannot read IP mode file for STMicroelectronics.X-CUBE-WB05N.2.0.0
2025-09-13 12:10:59,104 [WARN] PackLoader:240 - Cannot read IP mode file for wolfSSL.I-CUBE-wolfSSL.5.8.2
2025-09-13 12:10:59,107 [WARN] PackLoader:240 - Cannot read IP mode file for wolfSSL.I-CUBE-wolfMQTT.1.19.2
2025-09-13 12:10:59,111 [WARN] PackLoader:240 - Cannot read IP mode file for wolfSSL.I-CUBE-wolfTPM.3.8.0
2025-09-13 12:10:59,114 [WARN] PackLoader:240 - Cannot read IP mode file for wolfSSL.I-CUBE-wolfSSH.1.4.20
2025-09-13 12:10:59,118 [WARN] PackLoader:240 - Cannot read IP mode file for RealThread.X-CUBE-RT-Thread_Nano.4.1.1
2025-09-13 12:10:59,137 [WARN] PackLoader:240 - Cannot read IP mode file for SEGGER.I-CUBE-embOS.1.3.1
2025-09-13 12:10:59,188 [WARN] PackLoader:240 - Cannot read IP mode file for emotas.I-CUBE-CANOPEN.1.3.0
2025-09-13 12:10:59,200 [WARN] PackLoader:240 - Cannot read IP mode file for WES.I-CUBE-Cesium.1.4.0
2025-09-13 12:10:59,210 [WARN] PackLoader:240 - Cannot read IP mode file for ITTIA_DB.I-CUBE-ITTIADB.8.9.0
2025-09-13 12:10:59,231 [WARN] PackLoader:240 - Cannot read IP mode file for Infineon.AIROC-Wi-Fi-Bluetooth-STM32.1.7.1
2025-09-13 12:10:59,241 [WARN] PackLoader:240 - Cannot read IP mode file for Cesanta.I-CUBE-Mongoose.7.13.0
2025-09-13 12:10:59,250 [WARN] PackLoader:240 - Cannot read IP mode file for EmbeddedOffice.I-CUBE-FS-RTOS.1.0.1
2025-09-13 12:10:59,256 [WARN] ConditionMgr:438 - getConditionDescription Invalid condition id : Cortex-A Device cause : null
2025-09-13 12:10:59,271 [WARN] ConditionMgr:1044 - genDependencies : Invalid condition id : Cortex-A Device cause : null
2025-09-13 12:10:59,271 [WARN] ConditionMgr:1044 - genDependencies : Invalid condition id : Cortex-A Device cause : null
2025-09-13 12:10:59,273 [WARN] ConditionMgr:1044 - genDependencies : Invalid condition id : Cortex-A Device cause : null
2025-09-13 12:10:59,278 [WARN] PackLoader:240 - Cannot read IP mode file for Avnet-IotConnect.X-CUBE-IoTC-DA16k-PMOD.1.0.0
2025-09-13 12:10:59,279 [INFO] PopulateThirdPartyThread:66 - Ending populate Thread
2025-09-13 12:10:59,283 [INFO] ThirdParty:1030 - CMSIS Pack Vendor :STMicroelectronics X-CUBE-PM33A1 1.0.0
2025-09-13 12:10:59,283 [INFO] ThirdParty:1030 - CMSIS Pack Vendor :STMicroelectronics X-CUBE-NFC9 1.0.0
2025-09-13 12:10:59,283 [INFO] ThirdParty:1030 - CMSIS Pack Vendor :STMicroelectronics FP-SNS-MOTENVWB1 1.4.0
2025-09-13 12:10:59,283 [INFO] ThirdParty:1030 - CMSIS Pack Vendor :STMicroelectronics X-CUBE-AZRTOS-F4 1.1.0
2025-09-13 12:10:59,283 [INFO] ThirdParty:1030 - CMSIS Pack Vendor :STMicroelectronics FP-ATR-ASTRA1 2.0.2
2025-09-13 12:10:59,283 [INFO] ThirdParty:1030 - CMSIS Pack Vendor :wolfSSL I-CUBE-wolfSSL 5.8.2
2025-09-13 12:10:59,283 [INFO] ThirdParty:1030 - CMSIS Pack Vendor :STMicroelectronics X-CUBE-BLE1 7.1.0
2025-09-13 12:10:59,284 [INFO] ThirdParty:1030 - CMSIS Pack Vendor :Avnet-IotConnect X-CUBE-IoTC-DA16k-PMOD 1.0.0
2025-09-13 12:10:59,284 [INFO] ThirdParty:1030 - CMSIS Pack Vendor :STMicroelectronics X-CUBE-SMBUS 2.1.0
2025-09-13 12:10:59,284 [INFO] ThirdParty:1030 - CMSIS Pack Vendor :wolfSSL I-CUBE-wolfMQTT 1.19.2
2025-09-13 12:10:59,284 [INFO] ThirdParty:1030 - CMSIS Pack Vendor :STMicroelectronics X-CUBE-ISPU 2.1.0
2025-09-13 12:10:59,284 [INFO] ThirdParty:1030 - CMSIS Pack Vendor :STMicroelectronics X-CUBE-BLEMGR 4.1.0
2025-09-13 12:10:59,284 [INFO] ThirdParty:1030 - CMSIS Pack Vendor :STMicroelectronics X-CUBE-EEPRMA1 5.2.0
2025-09-13 12:10:59,284 [INFO] ThirdParty:1030 - CMSIS Pack Vendor :STMicroelectronics X-CUBE-AZRTOS-WB 2.0.0
2025-09-13 12:10:59,284 [INFO] ThirdParty:1030 - CMSIS Pack Vendor :STMicroelectronics X-CUBE-ST60 1.0.0
2025-09-13 12:10:59,284 [INFO] ThirdParty:1030 - CMSIS Pack Vendor :STMicroelectronics X-CUBE-GNSS1 7.0.1
2025-09-13 12:10:59,284 [INFO] ThirdParty:1030 - CMSIS Pack Vendor :STMicroelectronics X-CUBE-NFC12 1.0.0
2025-09-13 12:10:59,285 [INFO] ThirdParty:1030 - CMSIS Pack Vendor :STMicroelectronics X-CUBE-TOUCHGFX 4.25.0
2025-09-13 12:10:59,285 [INFO] ThirdParty:1030 - CMSIS Pack Vendor :STMicroelectronics X-CUBE-AZRTOS-F7 1.1.0
2025-09-13 12:10:59,285 [INFO] ThirdParty:1030 - CMSIS Pack Vendor :STMicroelectronics X-CUBE-AZRTOS-L5 2.0.0
2025-09-13 12:10:59,285 [INFO] ThirdParty:1030 - CMSIS Pack Vendor :STMicroelectronics X-CUBE-NFC6 3.1.0
2025-09-13 12:10:59,285 [INFO] ThirdParty:1030 - CMSIS Pack Vendor :quantropi X-CUBE-qispace-sdk-base 2.1.0
2025-09-13 12:10:59,285 [INFO] ThirdParty:1030 - CMSIS Pack Vendor :STMicroelectronics X-CUBE-AZRTOS-G0 1.1.0
2025-09-13 12:10:59,285 [INFO] ThirdParty:1030 - CMSIS Pack Vendor :STMicroelectronics X-CUBE-NFC4 3.0.0
2025-09-13 12:10:59,286 [INFO] ThirdParty:1030 - CMSIS Pack Vendor :STMicroelectronics X-CUBE-SAFEA1 1.2.2
2025-09-13 12:10:59,286 [INFO] ThirdParty:1030 - CMSIS Pack Vendor :STMicroelectronics X-CUBE-SUBG2 5.0.0
2025-09-13 12:10:59,286 [INFO] ThirdParty:1030 - CMSIS Pack Vendor :STMicroelectronics X-CUBE-AZRTOS-H7RS 1.1.0
2025-09-13 12:10:59,286 [INFO] ThirdParty:1030 - CMSIS Pack Vendor :EmbeddedOffice I-CUBE-FS-RTOS 1.0.1
2025-09-13 12:10:59,286 [INFO] ThirdParty:1030 - CMSIS Pack Vendor :WES I-CUBE-Cesium 1.4.0
2025-09-13 12:10:59,286 [INFO] ThirdParty:1030 - CMSIS Pack Vendor :Cesanta I-CUBE-Mongoose 7.13.0
2025-09-13 12:10:59,286 [INFO] ThirdParty:1030 - CMSIS Pack Vendor :STMicroelectronics X-CUBE-AZRTOS-G4 2.0.0
2025-09-13 12:10:59,286 [INFO] ThirdParty:1030 - CMSIS Pack Vendor :Infineon AIROC-Wi-Fi-Bluetooth-STM32 1.7.1
2025-09-13 12:10:59,286 [INFO] ThirdParty:1030 - CMSIS Pack Vendor :STMicroelectronics X-CUBE-WB05N 2.0.0
2025-09-13 12:10:59,286 [INFO] ThirdParty:1030 - CMSIS Pack Vendor :wolfSSL I-CUBE-wolfTPM 3.8.0
2025-09-13 12:10:59,286 [INFO] ThirdParty:1030 - CMSIS Pack Vendor :STMicroelectronics X-CUBE-AZRTOS-H7 3.4.0
2025-09-13 12:10:59,286 [INFO] ThirdParty:1030 - CMSIS Pack Vendor :STMicroelectronics X-CUBE-DISPLAY 3.0.0
2025-09-13 12:10:59,286 [INFO] ThirdParty:1030 - CMSIS Pack Vendor :wolfSSL I-CUBE-wolfSSH 1.4.20
2025-09-13 12:10:59,286 [INFO] ThirdParty:1030 - CMSIS Pack Vendor :STMicroelectronics X-CUBE-NFC7 2.0.0
2025-09-13 12:10:59,286 [INFO] ThirdParty:1030 - CMSIS Pack Vendor :STMicroelectronics X-CUBE-TCPP 4.2.0
2025-09-13 12:10:59,286 [INFO] ThirdParty:1030 - CMSIS Pack Vendor :RealThread X-CUBE-RT-Thread_Nano 4.1.1
2025-09-13 12:10:59,287 [INFO] ThirdParty:1030 - CMSIS Pack Vendor :STMicroelectronics FP-ATR-SIGFOX1 3.2.0
2025-09-13 12:10:59,287 [INFO] ThirdParty:1030 - CMSIS Pack Vendor :STMicroelectronics X-CUBE-NFC10 1.0.0
2025-09-13 12:10:59,287 [INFO] ThirdParty:1030 - CMSIS Pack Vendor :STMicroelectronics X-CUBE-FREERTOS 1.3.1
2025-09-13 12:10:59,287 [INFO] ThirdParty:1030 - CMSIS Pack Vendor :STMicroelectronics X-CUBE-ALS 1.0.2
2025-09-13 12:10:59,287 [INFO] ThirdParty:1030 - CMSIS Pack Vendor :STMicroelectronics X-CUBE-IPS 3.1.0
2025-09-13 12:10:59,287 [INFO] ThirdParty:1030 - CMSIS Pack Vendor :emotas I-CUBE-CANOPEN 1.3.0
2025-09-13 12:10:59,287 [INFO] ThirdParty:1030 - CMSIS Pack Vendor :ITTIA_DB I-CUBE-ITTIADB 8.9.0
2025-09-13 12:10:59,287 [INFO] ThirdParty:1030 - CMSIS Pack Vendor :STMicroelectronics X-CUBE-STSE01 1.0.0
2025-09-13 12:10:59,287 [INFO] ThirdParty:1030 - CMSIS Pack Vendor :STMicroelectronics X-CUBE-ST67W61 1.0.0
2025-09-13 12:10:59,287 [INFO] ThirdParty:1030 - CMSIS Pack Vendor :STMicroelectronics FP-SNS-STBOX1 2.1.0
2025-09-13 12:10:59,287 [INFO] ThirdParty:1030 - CMSIS Pack Vendor :STMicroelectronics FP-SNS-STAIOTCFT 1.0.0
2025-09-13 12:10:59,287 [INFO] ThirdParty:1030 - CMSIS Pack Vendor :STMicroelectronics X-CUBE-AI 10.2.0
2025-09-13 12:10:59,289 [INFO] ThirdParty:1030 - CMSIS Pack Vendor :STMicroelectronics FP-SNS-SMARTAG2 1.2.0
2025-09-13 12:10:59,289 [INFO] ThirdParty:1030 - CMSIS Pack Vendor :STMicroelectronics FP-SNS-FLIGHT1 5.1.0
2025-09-13 12:10:59,289 [INFO] ThirdParty:1030 - CMSIS Pack Vendor :STMicroelectronics X-CUBE-AZRTOS-WL 2.0.0
2025-09-13 12:10:59,289 [INFO] ThirdParty:1030 - CMSIS Pack Vendor :SEGGER I-CUBE-embOS 1.3.1
2025-09-13 12:10:59,289 [INFO] ThirdParty:1030 - CMSIS Pack Vendor :STMicroelectronics X-CUBE-DPower 1.3.0
2025-09-13 12:10:59,289 [INFO] ThirdParty:1030 - CMSIS Pack Vendor :STMicroelectronics X-CUBE-ALGOBUILD 1.4.0
2025-09-13 12:10:59,290 [INFO] ThirdParty:1030 - CMSIS Pack Vendor :STMicroelectronics X-CUBE-MEMS1 11.3.0
2025-09-13 12:10:59,290 [INFO] ThirdParty:1030 - CMSIS Pack Vendor :STMicroelectronics FP-SNS-MOTENV1 5.0.0
2025-09-13 12:10:59,290 [INFO] ThirdParty:1030 - CMSIS Pack Vendor :STMicroelectronics X-CUBE-AZRTOS-L4 2.0.0
2025-09-13 12:10:59,290 [INFO] ThirdParty:1030 - CMSIS Pack Vendor :STMicroelectronics X-CUBE-SFXS2LP1 4.0.0
2025-09-13 12:10:59,290 [INFO] ThirdParty:1030 - CMSIS Pack Vendor :STMicroelectronics X-CUBE-BLE2 3.3.0
2025-09-13 12:10:59,290 [INFO] ThirdParty:1030 - CMSIS Pack Vendor :STMicroelectronics X-CUBE-TOF1 3.4.3
2025-09-13 12:10:59,292 [INFO] LoadServerUpdatesThread:375 - End of LoadServerUpdate Thread
2025-09-13 12:21:49,947 [INFO] McuFinderGlobals:63 - Set McuFinder mode to 2 (CubeIDE integrated)
2025-09-13 12:21:49,952 [INFO] MainUpdater:2872 - connection check result : 10
2025-09-13 12:21:49,955 [INFO] McuFinderGlobals:76 - Set McuFinderConnectedMode to true
2025-09-13 12:21:50,126 [INFO] ServerAccessManage:452 - Complete download http(s) 200
2025-09-13 12:21:50,126 [INFO] ServerAccessManage:509 - Download File mcusAds.json._tmp_
2025-09-13 12:21:50,244 [INFO] LoadUrlFilesThread:156 - End of LoadUrlFiles Thread
2025-09-13 12:21:50,415 [INFO] ServerAccessManage:452 - Complete download http(s) 200
2025-09-13 12:21:50,415 [INFO] ServerAccessManage:509 - Download File cube-finder-db.zip
2025-09-13 12:21:51,021 [INFO] FileExtend:248 - Unzip File : cube-finder-db.zip
2025-09-13 12:21:51,022 [INFO] FileExtend:263 - Standard Zip Deflate
2025-09-13 12:21:51,863 [INFO] LoadUrlFilesThread:156 - End of LoadUrlFiles Thread
2025-09-13 12:21:52,529 [INFO] ServerAccessManage:452 - Complete download http(s) 200
2025-09-13 12:21:52,529 [INFO] ServerAccessManage:509 - Download File crdb.zip
2025-09-13 12:21:52,628 [INFO] FileExtend:248 - Unzip File : crdb.zip
2025-09-13 12:21:52,628 [INFO] FileExtend:263 - Standard Zip Deflate
2025-09-13 12:21:52,750 [INFO] LoadUrlFilesThread:156 - End of LoadUrlFiles Thread
2025-09-13 12:21:52,867 [INFO] ServerAccessManage:452 - Complete download http(s) 200
2025-09-13 12:21:52,868 [INFO] ServerAccessManage:509 - Download File tutoVideoDB.zip
2025-09-13 12:21:52,872 [INFO] FileExtend:248 - Unzip File : tutoVideoDB.zip
2025-09-13 12:21:52,872 [INFO] FileExtend:263 - Standard Zip Deflate
2025-09-13 12:21:52,980 [INFO] LoadUrlFilesThread:156 - End of LoadUrlFiles Thread
2025-09-13 12:21:52,983 [WARN] DbFile:41 - Overriding database path with different value: C:\Users\leoar\.stmcufinder\plugins\mcufinder/ => C:\Users\leoar\.stmcufinder\plugins\mcufinder
2025-09-13 12:21:53,232 [INFO] ServerAccessManage:452 - Complete download http(s) 200
2025-09-13 12:21:53,233 [INFO] ServerAccessManage:509 - Download File api_config.json
2025-09-13 12:21:53,342 [INFO] LoadUrlFilesThread:156 - End of LoadUrlFiles Thread
2025-09-13 12:21:53,343 [INFO] DbMcusAds:53 - JSON generation date=Tue Jul 08 10:14:23 CEST 2025 (1751962463582)
2025-09-13 12:21:53,420 [INFO] ServerAccessManage:452 - Complete download http(s) 200
2025-09-13 12:21:53,420 [INFO] ServerAccessManage:509 - Download File 
2025-09-13 12:21:53,751 [INFO] LoadUrlFilesThread:185 - End of LoadServerUrlFiles without Thread
2025-09-13 12:21:53,753 [INFO] TargetSelectorAdapter:259 - Refresh data is successful
2025-09-13 12:21:53,855 [INFO] ApiDb:581 - Connected to CubeFinder SQLite database (C:\Users\leoar\.stmcufinder\plugins\mcufinder\mcu\cube-finder-db.db)
2025-09-13 12:21:53,938 [INFO] ApiDb:668 - CubeFinder database Data Model version=2.1
2025-09-13 12:21:53,938 [INFO] ApiDb:669 - CubeFinder database Configuration version=3.0.39
2025-09-13 12:21:53,939 [INFO] ApiDb:670 - CubeFinder database generation date=2025-08-25 (1756130511)
2025-09-13 12:21:53,940 [INFO] ApiDb:671 - CubeFinder database FW Pack versions=[FP-ATR-ASTRA1_V2.0.0, FP-SNS-FLIGHT1_V5.1.0, FP-SNS-MOTENV1_V5.0.0, FP-SNS-MOTENVWB1_V1.4.0, FP-SNS-SMARTAG2_V1.2.0, FP-SNS-STBOX1_V2.1.0, STM32Cube_FW_C0_V1.4.0, STM32Cube_FW_F4_V1.28.3, STM32Cube_FW_F7_V1.17.4, STM32Cube_FW_G0_V1.6.2, STM32Cube_FW_G4_V1.6.1, STM32Cube_FW_H5_V1.5.0, STM32Cube_FW_H7RS_V1.2.0, STM32Cube_FW_H7_V1.12.1, STM32Cube_FW_L0_V1.12.2, STM32Cube_FW_L4_V1.18.1, STM32Cube_FW_L5_V1.5.1, STM32Cube_FW_N6_V1.2.0, STM32Cube_FW_U0_V1.3.0, STM32Cube_FW_U3_V1.2.0, STM32Cube_FW_U5_V1.8.0, STM32Cube_FW_WB0_V1.3.0, STM32Cube_FW_WBA_V1.7.0, STM32Cube_FW_WB_V1.23.0, STM32Cube_FW_WL3_V1.2.0, STM32Cube_FW_WL_V1.3.1, X-CUBE-ALGOBUILD_V1.4.0, X-CUBE-ALS_V1.0.2, X-CUBE-AZRTOS-F4_V1.1.0, X-CUBE-AZRTOS-F7_V1.1.0, X-CUBE-AZRTOS-G0_V1.1.0, X-CUBE-AZRTOS-G4_V2.0.0, X-CUBE-AZRTOS-H7RS_V1.1.0, X-CUBE-AZRTOS-H7_V3.4.0, X-CUBE-AZRTOS-L4_V2.0.0, X-CUBE-AZRTOS-L5_V2.0.0, X-CUBE-AZRTOS-WB_V2.0.0, X-CUBE-AZRTOS-WL_V2.0.0, X-CUBE-BLE1_V7.1.0, X-CUBE-BLE2_V3.3.0, X-CUBE-BLEMGR_V4.1.0, X-CUBE-EEPRMA1_V5.2.0, X-CUBE-FREERTOS_V1.3.1, X-CUBE-GNSS1_V6.0.0, X-CUBE-MEMS1_V11.3.0, X-CUBE-NFC4_V3.0.0, X-CUBE-NFC7_V2.0.0, X-CUBE-SFXS2LP1_V4.0.0, X-CUBE-ST67W61_V1.0.0, X-CUBE-SUBG2_V5.0.0, X-CUBE-TOF1_V3.4.3]
2025-09-13 12:21:56,600 [INFO] ApiDb:240 - Found 880 in-development CPN: [B-G473E-ZEST1S, B-WB1M-WPAN1, B-WBA5M-WPAN, B-WL5M-SUBG1, NUCLEO-C031C6, NUCLEO-C051C8, NUCLEO-C071RB, NUCLEO-C092RC, NUCLEO-H503RB, NUCLEO-H533RE, NUCLEO-H563ZI, NUCLEO-H7S3L8, NUCLEO-N657X0-Q, NUCLEO-U031R8, NUCLEO-U083RC, NUCLEO-U385RG-Q, NUCLEO-U545RE-Q, NUCLEO-U5A5ZJ-Q, NUCLEO-WB05KZ, NUCLEO-WB07CC, NUCLEO-WB09KE, NUCLEO-WBA52CG, NUCLEO-WBA55CG, NUCLEO-WL33CC1, NUCLEO-WL33CC2, STEVAL-PROTEUS1, STEVAL-SMARTAG2, STEVAL-STWINBX1, STM320518-EVAL, STM32C0116-DK, STM32C011D6Y3TR, STM32C011D6Y6TR, STM32C011F4P3, STM32C011F4P6, STM32C011F4U3, STM32C011F4U6TR, STM32C011F6P3, STM32C011F6P6, STM32C011F6U3, STM32C011F6U6TR, STM32C011J4M3, STM32C011J4M6, STM32C011J6M3, STM32C011J6M6, STM32C0316-DK, STM32C031C4T3, STM32C031C4T6, STM32C031C4U3, STM32C031C4U6, STM32C031C6T3, STM32C031C6T6, STM32C031C6U3, STM32C031C6U6, STM32C031F4P3, STM32C031F4P6, STM32C031F6P3, STM32C031F6P6, STM32C031G4U3, STM32C031G4U6, STM32C031G6U3, STM32C031G6U6, STM32C031K4T3, STM32C031K4T6, STM32C031K4U3, STM32C031K4U6, STM32C031K6T3, STM32C031K6T6, STM32C031K6U3, STM32C031K6U6, STM32C051C6T6, STM32C051C6U6, STM32C051C8T6, STM32C051C8U6, STM32C051D8Y6TR, STM32C051F6P6, STM32C051F8P6, STM32C051G6U6, STM32C051G8U6, STM32C051K6T6, STM32C051K6U6, STM32C051K8T6, STM32C071C8T6, STM32C071C8T6N, STM32C071C8U6, STM32C071C8U6N, STM32C071CBT6, STM32C071CBT6N, STM32C071CBU6, STM32C071CBU6N, STM32C071F8P6, STM32C071F8P6N, STM32C071FBP6, STM32C071FBP6N, STM32C071FBY6TR, STM32C071G8U6, STM32C071G8U6N, STM32C071GBU6, STM32C071GBU6N, STM32C071K8T6, STM32C071K8T6N, STM32C071K8U6, STM32C071K8U6N, STM32C071KBT6, STM32C071KBT6N, STM32C071KBU6, STM32C071KBU6N, STM32C071R8T6, STM32C071R8T6N, STM32C071RBI6N, STM32C071RBT6, STM32C071RBT6N, STM32C091CBT6, STM32C091CBU6, STM32C091CCT6, STM32C091CCU6, STM32C091ECY6TR, STM32C091FBP6, STM32C091FCP6, STM32C091GBU6, STM32C091GCU6, STM32C091KBT6, STM32C091KBU6, STM32C091KCT6, STM32C091KCU6, STM32C091RBT6, STM32C091RCI6, STM32C091RCT6, STM32C092CBT6, STM32C092CBU6, STM32C092CCT6, STM32C092CCU6, STM32C092ECY6TR, STM32C092FBP6, STM32C092FCP6, STM32C092GBU6, STM32C092GCU6, STM32C092KBT6, STM32C092KBU6, STM32C092KCT6, STM32C092KCU6, STM32C092RBT6, STM32C092RCI6, STM32C092RCT6, STM32G071K8TXN, STM32G071K8UXN, STM32G081GBU6N, STM32G081KBT6N, STM32G081KBUXN, STM32G0B1CCT6N, STM32G0B1KCT6, STM32G0B1NEY6TR, STM32G0B1RCT6N, STM32G0C1CCT6, STM32G0C1CCT6N, STM32G0C1CCU6N, STM32G0C1CET6N, STM32G0C1CEU6N, STM32G0C1KCT6, STM32G0C1NEY6TR, STM32G0C1RCI6N, STM32G0C1RCT6N, STM32G0C1REI6N, STM32G0C1RET6N, STM32G0C1VCI6, STM32G0C1VEI6, STM32G411C6T3, STM32G411C6T6, STM32G411C6U3, STM32G411C6U6, STM32G411C8T3, STM32G411C8T6, STM32G411C8U3, STM32G411C8U6, STM32G411CBT3, STM32G411CBT6, STM32G411CBU3, STM32G411CBU6, STM32G411K6T3, STM32G411K6T6, STM32G411K6U3, STM32G411K6U6, STM32G411K8T3, STM32G411K8T6, STM32G411K8U3, STM32G411K8U6, STM32G411KBT3, STM32G411KBT6, STM32G411KBU3, STM32G411KBU6, STM32G411M6T3, STM32G411M6T6, STM32G411M8T3, STM32G411M8T6, STM32G411MBT3, STM32G411MBT6, STM32G411R6T3, STM32G411R6T6, STM32G411R8T3, STM32G411R8T6, STM32G411RBT3, STM32G411RBT6, STM32G414CBT3, STM32G414CBT6, STM32G414CBU3, STM32G414CBU6, STM32G414CCT3, STM32G414CCT6, STM32G414CCU3, STM32G414CCU6, STM32G414MBT3, STM32G414MBT6, STM32G414MCT3, STM32G414MCT6, STM32G414RBT3, STM32G414RBT6, STM32G414RCT3, STM32G414RCT6, STM32G414VBT3, STM32G414VBT6, STM32G414VCT3, STM32G414VCT6, STM32G431CBT3Z, STM32G431RBT3Z, STM32G471CCT6, STM32G471CCU6, STM32G471CET3, STM32G471CET6, STM32G471CEU3, STM32G471CEU6, STM32G471MCT6, STM32G471MET3, STM32G471MET6, STM32G471MEY6TR, STM32G471QCT6, STM32G471QET3, STM32G471RCT6, STM32G471RET3, STM32G471RET6, STM32G471VCH6, STM32G471VCI6, STM32G471VCT6, STM32G471VEH3, STM32G471VEH6, STM32G471VEI3, STM32G471VEI6, STM32G471VET3, STM32G471VET6, STM32G473QET3Z, STM32G473RET3Z, STM32G474CCT6, STM32G491RET3Z, STM32H503CBT6, STM32H503CBU6, STM32H503EBY6TR, STM32H503KBU6, STM32H503RBT6, STM32H523CCT6, STM32H523CCU6, STM32H523CET6, STM32H523CEU6, STM32H523HEY6TR, STM32H523RCT6, STM32H523RET6, STM32H523VCI6, STM32H523VCT6, STM32H523VEI6, STM32H523VET6, STM32H523ZCJ6, STM32H523ZCT6, STM32H523ZEJ6, STM32H523ZET6, STM32H533CET6, STM32H533CEU6, STM32H533HEY6TR, STM32H533RET6, STM32H533VEI6, STM32H533VET6, STM32H533ZEJ6, STM32H533ZET6, STM32H562AGI6, STM32H562AII6, STM32H562IGK6, STM32H562IGT6, STM32H562IIK6, STM32H562IIT6, STM32H562RGT6, STM32H562RGV6, STM32H562RIT6, STM32H562RIV6, STM32H562VGT6, STM32H562VIT6, STM32H562ZGT6, STM32H562ZIT6, STM32H563AGI6, STM32H563AII3Q, STM32H563AII6, STM32H563IGK6, STM32H563IGT6, STM32H563IIK3Q, STM32H563IIK6, STM32H563IIT3Q, STM32H563IIT6, STM32H563MIY3QTR, STM32H563RGT6, STM32H563RGV6, STM32H563RIT6, STM32H563RIV6, STM32H563VGT6, STM32H563VIT3Q, STM32H563VIT6, STM32H563ZGT6, STM32H563ZIT3Q, STM32H563ZIT6, STM32H573AII3Q, STM32H573AII6, STM32H573I-DK, STM32H573IIK3Q, STM32H573IIK6, STM32H573IIT3Q, STM32H573IIT6, STM32H573MIY3QTR, STM32H573RIT6, STM32H573RIV6, STM32H573VIT3Q, STM32H573VIT6, STM32H573ZIT3Q, STM32H573ZIT6, STM32H7R3A8I6, STM32H7R3I8K6, STM32H7R3I8T6, STM32H7R3L8H6, STM32H7R3L8H6H, STM32H7R3R8V6, STM32H7R3V8H6, STM32H7R3V8T6, STM32H7R3V8Y6TR, STM32H7R3Z8J6, STM32H7R3Z8T6, STM32H7R7A8I6, STM32H7R7I8K6, STM32H7R7I8T6, STM32H7R7L8H6, STM32H7R7L8H6H, STM32H7R7Z8J6, STM32H7S3A8I6, STM32H7S3I8K6, STM32H7S3I8T6, STM32H7S3L8H6, STM32H7S3L8H6H, STM32H7S3R8V6, STM32H7S3V8H6, STM32H7S3V8T6, STM32H7S3V8Y6TR, STM32H7S3Z8J6, STM32H7S3Z8T6, STM32H7S78-DK, STM32H7S7A8I6, STM32H7S7I8K6, STM32H7S7I8T6, STM32H7S7L8H6, STM32H7S7L8H6H, STM32H7S7Z8J6, STM32L4R5QGI6STR, STM32MP131AAE3, STM32MP131AAF3, STM32MP131AAG3, STM32MP131CAE3, STM32MP131CAF3, STM32MP131CAG3, STM32MP131DAE7, STM32MP131DAF7, STM32MP131DAG7, STM32MP131FAE7, STM32MP131FAF7, STM32MP131FAG7, STM32MP133AAE3, STM32MP133AAF3, STM32MP133AAG3, STM32MP133CAE3, STM32MP133CAF3, STM32MP133CAG3, STM32MP133DAE7, STM32MP133DAF7, STM32MP133DAG7, STM32MP133FAE7, STM32MP133FAF7, STM32MP133FAG7, STM32MP135AAE3, STM32MP135AAF3, STM32MP135AAG3, STM32MP135CAE3, STM32MP135CAF3, STM32MP135CAG3, STM32MP135DAE7, STM32MP135DAF7, STM32MP135DAG7, STM32MP135F-DK, STM32MP135FAE7, STM32MP135FAF7, STM32MP135FAF7T, STM32MP135FAF7U, STM32MP135FAG7, STM32MP211AAL3, STM32MP211AAM3, STM32MP211AAN3, STM32MP211AAO3, STM32MP211CAL3, STM32MP211CAM3, STM32MP211CAN3, STM32MP211CAO3, STM32MP211DAL3, STM32MP211DAM3, STM32MP211DAN3, STM32MP211DAO3, STM32MP211FAL3, STM32MP211FAM3, STM32MP211FAN3, STM32MP211FAO3, STM32MP213AAL3, STM32MP213AAM3, STM32MP213AAN3, STM32MP213AAO3, STM32MP213CAL3, STM32MP213CAM3, STM32MP213CAN3, STM32MP213CAO3, STM32MP213DAL3, STM32MP213DAM3, STM32MP213DAN3, STM32MP213DAO3, STM32MP213FAL3, STM32MP213FAM3, STM32MP213FAN3, STM32MP213FAO3, STM32MP215AAL3, STM32MP215AAM3, STM32MP215AAN3, STM32MP215AAO3, STM32MP215CAL3, STM32MP215CAM3, STM32MP215CAN3, STM32MP215CAO3, STM32MP215DAL3, STM32MP215DAM3, STM32MP215DAN3, STM32MP215DAO3, STM32MP215F-DK, STM32MP215FAL3, STM32MP215FAM3, STM32MP215FAN3, STM32MP215FAO3, STM32MP231AAJ3, STM32MP231AAK3, STM32MP231AAL3, STM32MP231CAJ3, STM32MP231CAK3, STM32MP231CAL3, STM32MP231DAJ3, STM32MP231DAK3, STM32MP231DAL3, STM32MP231FAJ3, STM32MP231FAK3, STM32MP231FAL3, STM32MP233AAJ3, STM32MP233AAK3, STM32MP233AAL3, STM32MP233CAJ3, STM32MP233CAK3, STM32MP233CAL3, STM32MP233DAJ3, STM32MP233DAK3, STM32MP233DAL3, STM32MP233FAJ3, STM32MP233FAK3, STM32MP233FAL3, STM32MP235AAJ3, STM32MP235AAK3, STM32MP235AAL3, STM32MP235CAJ3, STM32MP235CAK3, STM32MP235CAL3, STM32MP235DAJ3, STM32MP235DAK3, STM32MP235DAL3, STM32MP235FAJ3, STM32MP235FAK3, STM32MP235FAL3, STM32MP251AAI3, STM32MP251AAK3, STM32MP251AAL3, STM32MP251CAI3, STM32MP251CAK3, STM32MP251CAL3, STM32MP251DAI3, STM32MP251DAK3, STM32MP251DAL3, STM32MP251FAI3, STM32MP251FAK3, STM32MP251FAL3, STM32MP253AAI3, STM32MP253AAK3, STM32MP253AAL3, STM32MP253CAI3, STM32MP253CAK3, STM32MP253CAL3, STM32MP253DAI3, STM32MP253DAK3, STM32MP253DAL3, STM32MP253FAI3, STM32MP253FAK3, STM32MP253FAL3, STM32MP255AAI3, STM32MP255AAK3, STM32MP255AAL3, STM32MP255CAI3, STM32MP255CAK3, STM32MP255CAL3, STM32MP255DAI3, STM32MP255DAK3, STM32MP255DAL3, STM32MP255FAI3, STM32MP255FAK3, STM32MP255FAL3, STM32MP257AAI3, STM32MP257AAK3, STM32MP257AAL3, STM32MP257CAI3, STM32MP257CAK3, STM32MP257CAL3, STM32MP257DAI3, STM32MP257DAK3, STM32MP257DAL3, STM32MP257F-DK, STM32MP257F-EV1, STM32MP257FAI3, STM32MP257FAK3, STM32MP257FAL3, STM32N645A0H3Q, STM32N645B0H3Q, STM32N645I0H3Q, STM32N645L0H3Q, STM32N645X0H3Q, STM32N645Z0H3Q, STM32N647A0H3Q, STM32N647B0H3Q, STM32N647I0H3Q, STM32N647L0H3Q, STM32N647X0H3Q, STM32N647Z0H3Q, STM32N655A0H3Q, STM32N655B0H3Q, STM32N655I0H3Q, STM32N655L0H3Q, STM32N655X0H3Q, STM32N655Z0H3Q, STM32N6570-DK, STM32N657A0H3Q, STM32N657B0H3Q, STM32N657I0H3Q, STM32N657L0H3Q, STM32N657X0H3Q, STM32N657Z0H3Q, STM32U031C6T6, STM32U031C6U6, STM32U031C8T6, STM32U031C8U6, STM32U031F4P6, STM32U031F6P6, STM32U031F8P6, STM32U031G6Y6TR, STM32U031G8Y6TR, STM32U031K4U6, STM32U031K6U6, STM32U031K8U6, STM32U031R6I6, STM32U031R6T6, STM32U031R8I6, STM32U031R8T6, STM32U073C8T6, STM32U073C8U6, STM32U073CBT6, STM32U073CBU6, STM32U073CCT6, STM32U073CCU6, STM32U073H8Y6TR, STM32U073HBY6TR, STM32U073HCY6TR, STM32U073K8U6, STM32U073KBU6, STM32U073KCU6, STM32U073M8I6, STM32U073M8T6, STM32U073MBI6, STM32U073MBT6, STM32U073MCI6, STM32U073MCT6, STM32U073R8I6, STM32U073R8T6, STM32U073RBI6, STM32U073RBT6, STM32U073RCI6, STM32U073RCT6, STM32U083C-DK, STM32U083CCT6, STM32U083CCU6, STM32U083HCY6TR, STM32U083KCU6, STM32U083MCI6, STM32U083MCT6, STM32U083RCI6, STM32U083RCT6, STM32U375CET6, STM32U375CET6Q, STM32U375CEU6, STM32U375CEU6Q, STM32U375CEY6QTR, STM32U375CGT6, STM32U375CGT6Q, STM32U375CGU6, STM32U375CGU6Q, STM32U375CGY6QTR, STM32U375KEU6, STM32U375KGU6, STM32U375REI6, STM32U375REI6Q, STM32U375RET6, STM32U375RET6Q, STM32U375REY6GTR, STM32U375REY6QTR, STM32U375RGI6, STM32U375RGI6Q, STM32U375RGT6, STM32U375RGT6Q, STM32U375RGY6GTR, STM32U375RGY6QTR, STM32U375VEI6, STM32U375VEI6Q, STM32U375VET6, STM32U375VET6Q, STM32U375VGI6, STM32U375VGI6Q, STM32U375VGT6, STM32U375VGT6Q, STM32U385CGT6, STM32U385CGT6Q, STM32U385CGU6, STM32U385CGU6Q, STM32U385CGY6QTR, STM32U385KGU6, STM32U385RGI6, STM32U385RGI6Q, STM32U385RGT6, STM32U385RGT6Q, STM32U385RGY6GTR, STM32U385RGY6QTR, STM32U385VGI6, STM32U385VGI6Q, STM32U385VGT6, STM32U385VGT6Q, STM32U535CBT6, STM32U535CBT6Q, STM32U535CBU6, STM32U535CBU6Q, STM32U535CCT6, STM32U535CCT6Q, STM32U535CCU6, STM32U535CCU6Q, STM32U535CET6, STM32U535CET6Q, STM32U535CEU6, STM32U535CEU6Q, STM32U535JEY6QTR, STM32U535NCY6QTR, STM32U535NEY6QTR, STM32U535RBI6, STM32U535RBI6Q, STM32U535RBT6, STM32U535RBT6Q, STM32U535RCI6, STM32U535RCI6Q, STM32U535RCT6, STM32U535RCT6Q, STM32U535REI6, STM32U535REI6Q, STM32U535RET6, STM32U535RET6Q, STM32U535VCI6, STM32U535VCI6Q, STM32U535VCT6, STM32U535VCT6Q, STM32U535VEI6, STM32U535VEI6Q, STM32U535VET6, STM32U535VET6Q, STM32U545CET6, STM32U545CET6Q, STM32U545CEU6, STM32U545CEU6Q, STM32U545JEY6QTR, STM32U545NEY6QTR, STM32U545REI6, STM32U545REI6Q, STM32U545RET6, STM32U545RET6Q, STM32U545VEI6, STM32U545VEI6Q, STM32U545VET6, STM32U545VET6Q, STM32U595AIH6, STM32U595AIH6Q, STM32U595AJH6, STM32U595AJH6Q, STM32U595QII6, STM32U595QII6Q, STM32U595QJI6, STM32U595QJI6Q, STM32U595RIT6, STM32U595RIT6Q, STM32U595RJT6, STM32U595RJT6Q, STM32U595VIT6, STM32U595VIT6Q, STM32U595VJT6, STM32U595VJT6Q, STM32U595ZIT6, STM32U595ZIT6Q, STM32U595ZIY6QTR, STM32U595ZJT6, STM32U595ZJT6Q, STM32U595ZJY6QTR, STM32U599BJY6QTR, STM32U599NIH6Q, STM32U599NJH6Q, STM32U599VIT6Q, STM32U599VJT6, STM32U599VJT6Q, STM32U599ZIT6Q, STM32U599ZIY6QTR, STM32U599ZJT6Q, STM32U599ZJY6QTR, STM32U5A5AJH6, STM32U5A5AJH6Q, STM32U5A5QII3Q , STM32U5A5QJI6, STM32U5A5QJI6Q, STM32U5A5RJT6, STM32U5A5RJT6Q, STM32U5A5VJT6, STM32U5A5VJT6Q, STM32U5A5ZJT6, STM32U5A5ZJT6Q, STM32U5A5ZJY6QTR, STM32U5A9BJY6QTR, STM32U5A9J-DK, STM32U5A9NJH6Q, STM32U5A9VJT6Q, STM32U5A9ZJT6Q, STM32U5A9ZJY6QTR, STM32U5F7VIT6, STM32U5F7VIT6Q, STM32U5F7VJT6, STM32U5F7VJT6Q, STM32U5F9BJY6QTR, STM32U5F9NJH6Q, STM32U5F9VIT6Q, STM32U5F9VJT6Q, STM32U5F9ZIJ6QTR, STM32U5F9ZIT6Q, STM32U5F9ZJJ6QTR, STM32U5F9ZJT6Q, STM32U5G7VJT6, STM32U5G7VJT6Q, STM32U5G9BJY6QTR, STM32U5G9J-DK1, STM32U5G9J-DK2, STM32U5G9NJH6Q, STM32U5G9VJT6Q, STM32U5G9ZJJ6QTR, STM32U5G9ZJT6Q, STM32WB05KZV6TR, STM32WB05KZV7TR, STM32WB05TZF6TR, STM32WB05TZF7TR, STM32WB06CCF6TR, STM32WB06CCF7TR, STM32WB06CCV6TR, STM32WB06CCV7TR, STM32WB06KCV6TR, STM32WB06KCV7TR, STM32WB07CCF6TR, STM32WB07CCF7TR, STM32WB07CCV6TR, STM32WB07CCV7TR, STM32WB07KCV6TR, STM32WB07KCV7TR, STM32WB09KEV6TR, STM32WB09KEV7TR, STM32WB09TEF6TR, STM32WB09TEF7TR, STM32WB1MMCH6, STM32WBA50KGU6, STM32WBA50KGU6TR, STM32WBA52CEU6, STM32WBA52CEU6TR, STM32WBA52CEU7, STM32WBA52CEU7TR, STM32WBA52CGU6, STM32WBA52CGU6TR, STM32WBA52CGU6U, STM32WBA52CGU7, STM32WBA52CGU7TR, STM32WBA52KEU6, STM32WBA52KEU6TR, STM32WBA52KGU6, STM32WBA52KGU6TR, STM32WBA54CEU6, STM32WBA54CEU6TR, STM32WBA54CEU7, STM32WBA54CEU7TR, STM32WBA54CGU6, STM32WBA54CGU6TR, STM32WBA54CGU7, STM32WBA54CGU7TR, STM32WBA54KEU6, STM32WBA54KEU6TR, STM32WBA54KEU7, STM32WBA54KEU7TR, STM32WBA54KGU6, STM32WBA54KGU6TR, STM32WBA54KGU7, STM32WBA54KGU7TR, STM32WBA55CEU6, STM32WBA55CEU6TR, STM32WBA55CEU7, STM32WBA55CEU7TR, STM32WBA55CGU6, STM32WBA55CGU6TR, STM32WBA55CGU6U, STM32WBA55CGU7, STM32WBA55CGU7TR, STM32WBA55G-DK1, STM32WBA55HEF6, STM32WBA55HEF7, STM32WBA55HGF6, STM32WBA55HGF7, STM32WBA55UEI6, STM32WBA55UEI6TR, STM32WBA55UEI7, STM32WBA55UEI7TR, STM32WBA55UGI6, STM32WBA55UGI6TR, STM32WBA55UGI7, STM32WBA55UGI7TR, STM32WBA5MMGH6TR, STM32WBA62MGF6, STM32WBA62MIF6, STM32WBA65MGF7, STM32WBA65MIF6, STM32WBA65MIF7, STM32WL30K8V6, STM32WL30KBV6, STM32WL31C8V6, STM32WL31CBV6, STM32WL31K8V6, STM32WL31KBV6, STM32WL33C8V6, STM32WL33C8V6X, STM32WL33CBV6, STM32WL33CBV6X, STM32WL33CCV6, STM32WL33CCV6A, STM32WL33CCV6X, STM32WL33K8V7, STM32WL33K8V7X, STM32WL33KBV7 , STM32WL33KBV7X, STM32WL33KCV7, STM32WL33KCV7X, STM32WL5MOCH6, STM32WL5MOCH6TR]
2025-09-13 12:21:56,606 [INFO] DbMcus:218 - Found 4801 MCUs, 4801 are supported
2025-09-13 12:21:56,606 [INFO] ApiDb:414 - User favorites file not found: C:\Users\leoar/.stm32cubeide/favorites.mcus.txt
2025-09-13 12:21:56,606 [INFO] DbMcus:224 - Set 0 / 0 favorites MCUs
2025-09-13 12:21:57,100 [INFO] ApiDb:668 - CubeFinder database Data Model version=2.1
2025-09-13 12:21:57,100 [INFO] ApiDb:669 - CubeFinder database Configuration version=3.0.39
2025-09-13 12:21:57,100 [INFO] ApiDb:670 - CubeFinder database generation date=2025-08-25 (1756130511)
2025-09-13 12:21:57,100 [INFO] ApiDb:671 - CubeFinder database FW Pack versions=[FP-ATR-ASTRA1_V2.0.0, FP-SNS-FLIGHT1_V5.1.0, FP-SNS-MOTENV1_V5.0.0, FP-SNS-MOTENVWB1_V1.4.0, FP-SNS-SMARTAG2_V1.2.0, FP-SNS-STBOX1_V2.1.0, STM32Cube_FW_C0_V1.4.0, STM32Cube_FW_F4_V1.28.3, STM32Cube_FW_F7_V1.17.4, STM32Cube_FW_G0_V1.6.2, STM32Cube_FW_G4_V1.6.1, STM32Cube_FW_H5_V1.5.0, STM32Cube_FW_H7RS_V1.2.0, STM32Cube_FW_H7_V1.12.1, STM32Cube_FW_L0_V1.12.2, STM32Cube_FW_L4_V1.18.1, STM32Cube_FW_L5_V1.5.1, STM32Cube_FW_N6_V1.2.0, STM32Cube_FW_U0_V1.3.0, STM32Cube_FW_U3_V1.2.0, STM32Cube_FW_U5_V1.8.0, STM32Cube_FW_WB0_V1.3.0, STM32Cube_FW_WBA_V1.7.0, STM32Cube_FW_WB_V1.23.0, STM32Cube_FW_WL3_V1.2.0, STM32Cube_FW_WL_V1.3.1, X-CUBE-ALGOBUILD_V1.4.0, X-CUBE-ALS_V1.0.2, X-CUBE-AZRTOS-F4_V1.1.0, X-CUBE-AZRTOS-F7_V1.1.0, X-CUBE-AZRTOS-G0_V1.1.0, X-CUBE-AZRTOS-G4_V2.0.0, X-CUBE-AZRTOS-H7RS_V1.1.0, X-CUBE-AZRTOS-H7_V3.4.0, X-CUBE-AZRTOS-L4_V2.0.0, X-CUBE-AZRTOS-L5_V2.0.0, X-CUBE-AZRTOS-WB_V2.0.0, X-CUBE-AZRTOS-WL_V2.0.0, X-CUBE-BLE1_V7.1.0, X-CUBE-BLE2_V3.3.0, X-CUBE-BLEMGR_V4.1.0, X-CUBE-EEPRMA1_V5.2.0, X-CUBE-FREERTOS_V1.3.1, X-CUBE-GNSS1_V6.0.0, X-CUBE-MEMS1_V11.3.0, X-CUBE-NFC4_V3.0.0, X-CUBE-NFC7_V2.0.0, X-CUBE-SFXS2LP1_V4.0.0, X-CUBE-ST67W61_V1.0.0, X-CUBE-SUBG2_V5.0.0, X-CUBE-TOF1_V3.4.3]
2025-09-13 12:21:57,157 [INFO] DbBoardsSqlite:226 - include board P-NUCLEO-WB55-NUCLEO as a kit item of type 'Nucleo-64'
2025-09-13 12:21:57,157 [INFO] DbBoardsSqlite:226 - include board P-NUCLEO-WB55-USBDONGLE as a kit item of type 'Nucleo USB Dongle'
2025-09-13 12:21:57,157 [INFO] DbBoardsSqlite:226 - include board STEVAL-IDP005V1 as a kit item of type 'Evaluation Board'
2025-09-13 12:21:57,158 [INFO] DbBoardsSqlite:226 - include board STEVAL-IDP005V2 as a kit item of type 'Evaluation Board'
2025-09-13 12:21:57,230 [INFO] ApiDb:240 - Found 880 in-development CPN: [B-G473E-ZEST1S, B-WB1M-WPAN1, B-WBA5M-WPAN, B-WL5M-SUBG1, NUCLEO-C031C6, NUCLEO-C051C8, NUCLEO-C071RB, NUCLEO-C092RC, NUCLEO-H503RB, NUCLEO-H533RE, NUCLEO-H563ZI, NUCLEO-H7S3L8, NUCLEO-N657X0-Q, NUCLEO-U031R8, NUCLEO-U083RC, NUCLEO-U385RG-Q, NUCLEO-U545RE-Q, NUCLEO-U5A5ZJ-Q, NUCLEO-WB05KZ, NUCLEO-WB07CC, NUCLEO-WB09KE, NUCLEO-WBA52CG, NUCLEO-WBA55CG, NUCLEO-WL33CC1, NUCLEO-WL33CC2, STEVAL-PROTEUS1, STEVAL-SMARTAG2, STEVAL-STWINBX1, STM320518-EVAL, STM32C0116-DK, STM32C011D6Y3TR, STM32C011D6Y6TR, STM32C011F4P3, STM32C011F4P6, STM32C011F4U3, STM32C011F4U6TR, STM32C011F6P3, STM32C011F6P6, STM32C011F6U3, STM32C011F6U6TR, STM32C011J4M3, STM32C011J4M6, STM32C011J6M3, STM32C011J6M6, STM32C0316-DK, STM32C031C4T3, STM32C031C4T6, STM32C031C4U3, STM32C031C4U6, STM32C031C6T3, STM32C031C6T6, STM32C031C6U3, STM32C031C6U6, STM32C031F4P3, STM32C031F4P6, STM32C031F6P3, STM32C031F6P6, STM32C031G4U3, STM32C031G4U6, STM32C031G6U3, STM32C031G6U6, STM32C031K4T3, STM32C031K4T6, STM32C031K4U3, STM32C031K4U6, STM32C031K6T3, STM32C031K6T6, STM32C031K6U3, STM32C031K6U6, STM32C051C6T6, STM32C051C6U6, STM32C051C8T6, STM32C051C8U6, STM32C051D8Y6TR, STM32C051F6P6, STM32C051F8P6, STM32C051G6U6, STM32C051G8U6, STM32C051K6T6, STM32C051K6U6, STM32C051K8T6, STM32C071C8T6, STM32C071C8T6N, STM32C071C8U6, STM32C071C8U6N, STM32C071CBT6, STM32C071CBT6N, STM32C071CBU6, STM32C071CBU6N, STM32C071F8P6, STM32C071F8P6N, STM32C071FBP6, STM32C071FBP6N, STM32C071FBY6TR, STM32C071G8U6, STM32C071G8U6N, STM32C071GBU6, STM32C071GBU6N, STM32C071K8T6, STM32C071K8T6N, STM32C071K8U6, STM32C071K8U6N, STM32C071KBT6, STM32C071KBT6N, STM32C071KBU6, STM32C071KBU6N, STM32C071R8T6, STM32C071R8T6N, STM32C071RBI6N, STM32C071RBT6, STM32C071RBT6N, STM32C091CBT6, STM32C091CBU6, STM32C091CCT6, STM32C091CCU6, STM32C091ECY6TR, STM32C091FBP6, STM32C091FCP6, STM32C091GBU6, STM32C091GCU6, STM32C091KBT6, STM32C091KBU6, STM32C091KCT6, STM32C091KCU6, STM32C091RBT6, STM32C091RCI6, STM32C091RCT6, STM32C092CBT6, STM32C092CBU6, STM32C092CCT6, STM32C092CCU6, STM32C092ECY6TR, STM32C092FBP6, STM32C092FCP6, STM32C092GBU6, STM32C092GCU6, STM32C092KBT6, STM32C092KBU6, STM32C092KCT6, STM32C092KCU6, STM32C092RBT6, STM32C092RCI6, STM32C092RCT6, STM32G071K8TXN, STM32G071K8UXN, STM32G081GBU6N, STM32G081KBT6N, STM32G081KBUXN, STM32G0B1CCT6N, STM32G0B1KCT6, STM32G0B1NEY6TR, STM32G0B1RCT6N, STM32G0C1CCT6, STM32G0C1CCT6N, STM32G0C1CCU6N, STM32G0C1CET6N, STM32G0C1CEU6N, STM32G0C1KCT6, STM32G0C1NEY6TR, STM32G0C1RCI6N, STM32G0C1RCT6N, STM32G0C1REI6N, STM32G0C1RET6N, STM32G0C1VCI6, STM32G0C1VEI6, STM32G411C6T3, STM32G411C6T6, STM32G411C6U3, STM32G411C6U6, STM32G411C8T3, STM32G411C8T6, STM32G411C8U3, STM32G411C8U6, STM32G411CBT3, STM32G411CBT6, STM32G411CBU3, STM32G411CBU6, STM32G411K6T3, STM32G411K6T6, STM32G411K6U3, STM32G411K6U6, STM32G411K8T3, STM32G411K8T6, STM32G411K8U3, STM32G411K8U6, STM32G411KBT3, STM32G411KBT6, STM32G411KBU3, STM32G411KBU6, STM32G411M6T3, STM32G411M6T6, STM32G411M8T3, STM32G411M8T6, STM32G411MBT3, STM32G411MBT6, STM32G411R6T3, STM32G411R6T6, STM32G411R8T3, STM32G411R8T6, STM32G411RBT3, STM32G411RBT6, STM32G414CBT3, STM32G414CBT6, STM32G414CBU3, STM32G414CBU6, STM32G414CCT3, STM32G414CCT6, STM32G414CCU3, STM32G414CCU6, STM32G414MBT3, STM32G414MBT6, STM32G414MCT3, STM32G414MCT6, STM32G414RBT3, STM32G414RBT6, STM32G414RCT3, STM32G414RCT6, STM32G414VBT3, STM32G414VBT6, STM32G414VCT3, STM32G414VCT6, STM32G431CBT3Z, STM32G431RBT3Z, STM32G471CCT6, STM32G471CCU6, STM32G471CET3, STM32G471CET6, STM32G471CEU3, STM32G471CEU6, STM32G471MCT6, STM32G471MET3, STM32G471MET6, STM32G471MEY6TR, STM32G471QCT6, STM32G471QET3, STM32G471RCT6, STM32G471RET3, STM32G471RET6, STM32G471VCH6, STM32G471VCI6, STM32G471VCT6, STM32G471VEH3, STM32G471VEH6, STM32G471VEI3, STM32G471VEI6, STM32G471VET3, STM32G471VET6, STM32G473QET3Z, STM32G473RET3Z, STM32G474CCT6, STM32G491RET3Z, STM32H503CBT6, STM32H503CBU6, STM32H503EBY6TR, STM32H503KBU6, STM32H503RBT6, STM32H523CCT6, STM32H523CCU6, STM32H523CET6, STM32H523CEU6, STM32H523HEY6TR, STM32H523RCT6, STM32H523RET6, STM32H523VCI6, STM32H523VCT6, STM32H523VEI6, STM32H523VET6, STM32H523ZCJ6, STM32H523ZCT6, STM32H523ZEJ6, STM32H523ZET6, STM32H533CET6, STM32H533CEU6, STM32H533HEY6TR, STM32H533RET6, STM32H533VEI6, STM32H533VET6, STM32H533ZEJ6, STM32H533ZET6, STM32H562AGI6, STM32H562AII6, STM32H562IGK6, STM32H562IGT6, STM32H562IIK6, STM32H562IIT6, STM32H562RGT6, STM32H562RGV6, STM32H562RIT6, STM32H562RIV6, STM32H562VGT6, STM32H562VIT6, STM32H562ZGT6, STM32H562ZIT6, STM32H563AGI6, STM32H563AII3Q, STM32H563AII6, STM32H563IGK6, STM32H563IGT6, STM32H563IIK3Q, STM32H563IIK6, STM32H563IIT3Q, STM32H563IIT6, STM32H563MIY3QTR, STM32H563RGT6, STM32H563RGV6, STM32H563RIT6, STM32H563RIV6, STM32H563VGT6, STM32H563VIT3Q, STM32H563VIT6, STM32H563ZGT6, STM32H563ZIT3Q, STM32H563ZIT6, STM32H573AII3Q, STM32H573AII6, STM32H573I-DK, STM32H573IIK3Q, STM32H573IIK6, STM32H573IIT3Q, STM32H573IIT6, STM32H573MIY3QTR, STM32H573RIT6, STM32H573RIV6, STM32H573VIT3Q, STM32H573VIT6, STM32H573ZIT3Q, STM32H573ZIT6, STM32H7R3A8I6, STM32H7R3I8K6, STM32H7R3I8T6, STM32H7R3L8H6, STM32H7R3L8H6H, STM32H7R3R8V6, STM32H7R3V8H6, STM32H7R3V8T6, STM32H7R3V8Y6TR, STM32H7R3Z8J6, STM32H7R3Z8T6, STM32H7R7A8I6, STM32H7R7I8K6, STM32H7R7I8T6, STM32H7R7L8H6, STM32H7R7L8H6H, STM32H7R7Z8J6, STM32H7S3A8I6, STM32H7S3I8K6, STM32H7S3I8T6, STM32H7S3L8H6, STM32H7S3L8H6H, STM32H7S3R8V6, STM32H7S3V8H6, STM32H7S3V8T6, STM32H7S3V8Y6TR, STM32H7S3Z8J6, STM32H7S3Z8T6, STM32H7S78-DK, STM32H7S7A8I6, STM32H7S7I8K6, STM32H7S7I8T6, STM32H7S7L8H6, STM32H7S7L8H6H, STM32H7S7Z8J6, STM32L4R5QGI6STR, STM32MP131AAE3, STM32MP131AAF3, STM32MP131AAG3, STM32MP131CAE3, STM32MP131CAF3, STM32MP131CAG3, STM32MP131DAE7, STM32MP131DAF7, STM32MP131DAG7, STM32MP131FAE7, STM32MP131FAF7, STM32MP131FAG7, STM32MP133AAE3, STM32MP133AAF3, STM32MP133AAG3, STM32MP133CAE3, STM32MP133CAF3, STM32MP133CAG3, STM32MP133DAE7, STM32MP133DAF7, STM32MP133DAG7, STM32MP133FAE7, STM32MP133FAF7, STM32MP133FAG7, STM32MP135AAE3, STM32MP135AAF3, STM32MP135AAG3, STM32MP135CAE3, STM32MP135CAF3, STM32MP135CAG3, STM32MP135DAE7, STM32MP135DAF7, STM32MP135DAG7, STM32MP135F-DK, STM32MP135FAE7, STM32MP135FAF7, STM32MP135FAF7T, STM32MP135FAF7U, STM32MP135FAG7, STM32MP211AAL3, STM32MP211AAM3, STM32MP211AAN3, STM32MP211AAO3, STM32MP211CAL3, STM32MP211CAM3, STM32MP211CAN3, STM32MP211CAO3, STM32MP211DAL3, STM32MP211DAM3, STM32MP211DAN3, STM32MP211DAO3, STM32MP211FAL3, STM32MP211FAM3, STM32MP211FAN3, STM32MP211FAO3, STM32MP213AAL3, STM32MP213AAM3, STM32MP213AAN3, STM32MP213AAO3, STM32MP213CAL3, STM32MP213CAM3, STM32MP213CAN3, STM32MP213CAO3, STM32MP213DAL3, STM32MP213DAM3, STM32MP213DAN3, STM32MP213DAO3, STM32MP213FAL3, STM32MP213FAM3, STM32MP213FAN3, STM32MP213FAO3, STM32MP215AAL3, STM32MP215AAM3, STM32MP215AAN3, STM32MP215AAO3, STM32MP215CAL3, STM32MP215CAM3, STM32MP215CAN3, STM32MP215CAO3, STM32MP215DAL3, STM32MP215DAM3, STM32MP215DAN3, STM32MP215DAO3, STM32MP215F-DK, STM32MP215FAL3, STM32MP215FAM3, STM32MP215FAN3, STM32MP215FAO3, STM32MP231AAJ3, STM32MP231AAK3, STM32MP231AAL3, STM32MP231CAJ3, STM32MP231CAK3, STM32MP231CAL3, STM32MP231DAJ3, STM32MP231DAK3, STM32MP231DAL3, STM32MP231FAJ3, STM32MP231FAK3, STM32MP231FAL3, STM32MP233AAJ3, STM32MP233AAK3, STM32MP233AAL3, STM32MP233CAJ3, STM32MP233CAK3, STM32MP233CAL3, STM32MP233DAJ3, STM32MP233DAK3, STM32MP233DAL3, STM32MP233FAJ3, STM32MP233FAK3, STM32MP233FAL3, STM32MP235AAJ3, STM32MP235AAK3, STM32MP235AAL3, STM32MP235CAJ3, STM32MP235CAK3, STM32MP235CAL3, STM32MP235DAJ3, STM32MP235DAK3, STM32MP235DAL3, STM32MP235FAJ3, STM32MP235FAK3, STM32MP235FAL3, STM32MP251AAI3, STM32MP251AAK3, STM32MP251AAL3, STM32MP251CAI3, STM32MP251CAK3, STM32MP251CAL3, STM32MP251DAI3, STM32MP251DAK3, STM32MP251DAL3, STM32MP251FAI3, STM32MP251FAK3, STM32MP251FAL3, STM32MP253AAI3, STM32MP253AAK3, STM32MP253AAL3, STM32MP253CAI3, STM32MP253CAK3, STM32MP253CAL3, STM32MP253DAI3, STM32MP253DAK3, STM32MP253DAL3, STM32MP253FAI3, STM32MP253FAK3, STM32MP253FAL3, STM32MP255AAI3, STM32MP255AAK3, STM32MP255AAL3, STM32MP255CAI3, STM32MP255CAK3, STM32MP255CAL3, STM32MP255DAI3, STM32MP255DAK3, STM32MP255DAL3, STM32MP255FAI3, STM32MP255FAK3, STM32MP255FAL3, STM32MP257AAI3, STM32MP257AAK3, STM32MP257AAL3, STM32MP257CAI3, STM32MP257CAK3, STM32MP257CAL3, STM32MP257DAI3, STM32MP257DAK3, STM32MP257DAL3, STM32MP257F-DK, STM32MP257F-EV1, STM32MP257FAI3, STM32MP257FAK3, STM32MP257FAL3, STM32N645A0H3Q, STM32N645B0H3Q, STM32N645I0H3Q, STM32N645L0H3Q, STM32N645X0H3Q, STM32N645Z0H3Q, STM32N647A0H3Q, STM32N647B0H3Q, STM32N647I0H3Q, STM32N647L0H3Q, STM32N647X0H3Q, STM32N647Z0H3Q, STM32N655A0H3Q, STM32N655B0H3Q, STM32N655I0H3Q, STM32N655L0H3Q, STM32N655X0H3Q, STM32N655Z0H3Q, STM32N6570-DK, STM32N657A0H3Q, STM32N657B0H3Q, STM32N657I0H3Q, STM32N657L0H3Q, STM32N657X0H3Q, STM32N657Z0H3Q, STM32U031C6T6, STM32U031C6U6, STM32U031C8T6, STM32U031C8U6, STM32U031F4P6, STM32U031F6P6, STM32U031F8P6, STM32U031G6Y6TR, STM32U031G8Y6TR, STM32U031K4U6, STM32U031K6U6, STM32U031K8U6, STM32U031R6I6, STM32U031R6T6, STM32U031R8I6, STM32U031R8T6, STM32U073C8T6, STM32U073C8U6, STM32U073CBT6, STM32U073CBU6, STM32U073CCT6, STM32U073CCU6, STM32U073H8Y6TR, STM32U073HBY6TR, STM32U073HCY6TR, STM32U073K8U6, STM32U073KBU6, STM32U073KCU6, STM32U073M8I6, STM32U073M8T6, STM32U073MBI6, STM32U073MBT6, STM32U073MCI6, STM32U073MCT6, STM32U073R8I6, STM32U073R8T6, STM32U073RBI6, STM32U073RBT6, STM32U073RCI6, STM32U073RCT6, STM32U083C-DK, STM32U083CCT6, STM32U083CCU6, STM32U083HCY6TR, STM32U083KCU6, STM32U083MCI6, STM32U083MCT6, STM32U083RCI6, STM32U083RCT6, STM32U375CET6, STM32U375CET6Q, STM32U375CEU6, STM32U375CEU6Q, STM32U375CEY6QTR, STM32U375CGT6, STM32U375CGT6Q, STM32U375CGU6, STM32U375CGU6Q, STM32U375CGY6QTR, STM32U375KEU6, STM32U375KGU6, STM32U375REI6, STM32U375REI6Q, STM32U375RET6, STM32U375RET6Q, STM32U375REY6GTR, STM32U375REY6QTR, STM32U375RGI6, STM32U375RGI6Q, STM32U375RGT6, STM32U375RGT6Q, STM32U375RGY6GTR, STM32U375RGY6QTR, STM32U375VEI6, STM32U375VEI6Q, STM32U375VET6, STM32U375VET6Q, STM32U375VGI6, STM32U375VGI6Q, STM32U375VGT6, STM32U375VGT6Q, STM32U385CGT6, STM32U385CGT6Q, STM32U385CGU6, STM32U385CGU6Q, STM32U385CGY6QTR, STM32U385KGU6, STM32U385RGI6, STM32U385RGI6Q, STM32U385RGT6, STM32U385RGT6Q, STM32U385RGY6GTR, STM32U385RGY6QTR, STM32U385VGI6, STM32U385VGI6Q, STM32U385VGT6, STM32U385VGT6Q, STM32U535CBT6, STM32U535CBT6Q, STM32U535CBU6, STM32U535CBU6Q, STM32U535CCT6, STM32U535CCT6Q, STM32U535CCU6, STM32U535CCU6Q, STM32U535CET6, STM32U535CET6Q, STM32U535CEU6, STM32U535CEU6Q, STM32U535JEY6QTR, STM32U535NCY6QTR, STM32U535NEY6QTR, STM32U535RBI6, STM32U535RBI6Q, STM32U535RBT6, STM32U535RBT6Q, STM32U535RCI6, STM32U535RCI6Q, STM32U535RCT6, STM32U535RCT6Q, STM32U535REI6, STM32U535REI6Q, STM32U535RET6, STM32U535RET6Q, STM32U535VCI6, STM32U535VCI6Q, STM32U535VCT6, STM32U535VCT6Q, STM32U535VEI6, STM32U535VEI6Q, STM32U535VET6, STM32U535VET6Q, STM32U545CET6, STM32U545CET6Q, STM32U545CEU6, STM32U545CEU6Q, STM32U545JEY6QTR, STM32U545NEY6QTR, STM32U545REI6, STM32U545REI6Q, STM32U545RET6, STM32U545RET6Q, STM32U545VEI6, STM32U545VEI6Q, STM32U545VET6, STM32U545VET6Q, STM32U595AIH6, STM32U595AIH6Q, STM32U595AJH6, STM32U595AJH6Q, STM32U595QII6, STM32U595QII6Q, STM32U595QJI6, STM32U595QJI6Q, STM32U595RIT6, STM32U595RIT6Q, STM32U595RJT6, STM32U595RJT6Q, STM32U595VIT6, STM32U595VIT6Q, STM32U595VJT6, STM32U595VJT6Q, STM32U595ZIT6, STM32U595ZIT6Q, STM32U595ZIY6QTR, STM32U595ZJT6, STM32U595ZJT6Q, STM32U595ZJY6QTR, STM32U599BJY6QTR, STM32U599NIH6Q, STM32U599NJH6Q, STM32U599VIT6Q, STM32U599VJT6, STM32U599VJT6Q, STM32U599ZIT6Q, STM32U599ZIY6QTR, STM32U599ZJT6Q, STM32U599ZJY6QTR, STM32U5A5AJH6, STM32U5A5AJH6Q, STM32U5A5QII3Q , STM32U5A5QJI6, STM32U5A5QJI6Q, STM32U5A5RJT6, STM32U5A5RJT6Q, STM32U5A5VJT6, STM32U5A5VJT6Q, STM32U5A5ZJT6, STM32U5A5ZJT6Q, STM32U5A5ZJY6QTR, STM32U5A9BJY6QTR, STM32U5A9J-DK, STM32U5A9NJH6Q, STM32U5A9VJT6Q, STM32U5A9ZJT6Q, STM32U5A9ZJY6QTR, STM32U5F7VIT6, STM32U5F7VIT6Q, STM32U5F7VJT6, STM32U5F7VJT6Q, STM32U5F9BJY6QTR, STM32U5F9NJH6Q, STM32U5F9VIT6Q, STM32U5F9VJT6Q, STM32U5F9ZIJ6QTR, STM32U5F9ZIT6Q, STM32U5F9ZJJ6QTR, STM32U5F9ZJT6Q, STM32U5G7VJT6, STM32U5G7VJT6Q, STM32U5G9BJY6QTR, STM32U5G9J-DK1, STM32U5G9J-DK2, STM32U5G9NJH6Q, STM32U5G9VJT6Q, STM32U5G9ZJJ6QTR, STM32U5G9ZJT6Q, STM32WB05KZV6TR, STM32WB05KZV7TR, STM32WB05TZF6TR, STM32WB05TZF7TR, STM32WB06CCF6TR, STM32WB06CCF7TR, STM32WB06CCV6TR, STM32WB06CCV7TR, STM32WB06KCV6TR, STM32WB06KCV7TR, STM32WB07CCF6TR, STM32WB07CCF7TR, STM32WB07CCV6TR, STM32WB07CCV7TR, STM32WB07KCV6TR, STM32WB07KCV7TR, STM32WB09KEV6TR, STM32WB09KEV7TR, STM32WB09TEF6TR, STM32WB09TEF7TR, STM32WB1MMCH6, STM32WBA50KGU6, STM32WBA50KGU6TR, STM32WBA52CEU6, STM32WBA52CEU6TR, STM32WBA52CEU7, STM32WBA52CEU7TR, STM32WBA52CGU6, STM32WBA52CGU6TR, STM32WBA52CGU6U, STM32WBA52CGU7, STM32WBA52CGU7TR, STM32WBA52KEU6, STM32WBA52KEU6TR, STM32WBA52KGU6, STM32WBA52KGU6TR, STM32WBA54CEU6, STM32WBA54CEU6TR, STM32WBA54CEU7, STM32WBA54CEU7TR, STM32WBA54CGU6, STM32WBA54CGU6TR, STM32WBA54CGU7, STM32WBA54CGU7TR, STM32WBA54KEU6, STM32WBA54KEU6TR, STM32WBA54KEU7, STM32WBA54KEU7TR, STM32WBA54KGU6, STM32WBA54KGU6TR, STM32WBA54KGU7, STM32WBA54KGU7TR, STM32WBA55CEU6, STM32WBA55CEU6TR, STM32WBA55CEU7, STM32WBA55CEU7TR, STM32WBA55CGU6, STM32WBA55CGU6TR, STM32WBA55CGU6U, STM32WBA55CGU7, STM32WBA55CGU7TR, STM32WBA55G-DK1, STM32WBA55HEF6, STM32WBA55HEF7, STM32WBA55HGF6, STM32WBA55HGF7, STM32WBA55UEI6, STM32WBA55UEI6TR, STM32WBA55UEI7, STM32WBA55UEI7TR, STM32WBA55UGI6, STM32WBA55UGI6TR, STM32WBA55UGI7, STM32WBA55UGI7TR, STM32WBA5MMGH6TR, STM32WBA62MGF6, STM32WBA62MIF6, STM32WBA65MGF7, STM32WBA65MIF6, STM32WBA65MIF7, STM32WL30K8V6, STM32WL30KBV6, STM32WL31C8V6, STM32WL31CBV6, STM32WL31K8V6, STM32WL31KBV6, STM32WL33C8V6, STM32WL33C8V6X, STM32WL33CBV6, STM32WL33CBV6X, STM32WL33CCV6, STM32WL33CCV6A, STM32WL33CCV6X, STM32WL33K8V7, STM32WL33K8V7X, STM32WL33KBV7 , STM32WL33KBV7X, STM32WL33KCV7, STM32WL33KCV7X, STM32WL5MOCH6, STM32WL5MOCH6TR]
2025-09-13 12:21:57,572 [INFO] BoardInfo:889 - No configuration file found for board P-NUCLEO-WB55
2025-09-13 12:21:57,574 [INFO] DbBoards:161 - Kit is not supported: P-NUCLEO-WB55
2025-09-13 12:21:57,584 [INFO] BoardInfo:889 - No configuration file found for board STEVAL-BFA001V1B
2025-09-13 12:21:57,586 [INFO] DbBoards:161 - Kit is not supported: STEVAL-BFA001V1B
2025-09-13 12:21:57,587 [INFO] BoardInfo:889 - No configuration file found for board STEVAL-BFA001V2B
2025-09-13 12:21:57,588 [INFO] DbBoards:161 - Kit is not supported: STEVAL-BFA001V2B
2025-09-13 12:21:57,886 [INFO] DbBoards:168 - Found 212 boards, 209 are supported
2025-09-13 12:21:57,886 [INFO] DbBoards:169 - Found 212 boards, 43 of them is supported for  Bsp
2025-09-13 12:21:57,888 [INFO] ApiDb:414 - User favorites file not found: C:\Users\leoar/.stm32cubeide/favorites.boards.txt
2025-09-13 12:21:57,888 [INFO] DbBoards:198 - Set 0 / 0 favorites Boards
2025-09-13 12:21:57,892 [INFO] ApiDb:668 - CubeFinder database Data Model version=2.1
2025-09-13 12:21:57,892 [INFO] ApiDb:669 - CubeFinder database Configuration version=3.0.39
2025-09-13 12:21:57,892 [INFO] ApiDb:670 - CubeFinder database generation date=2025-08-25 (1756130511)
2025-09-13 12:21:57,892 [INFO] ApiDb:671 - CubeFinder database FW Pack versions=[FP-ATR-ASTRA1_V2.0.0, FP-SNS-FLIGHT1_V5.1.0, FP-SNS-MOTENV1_V5.0.0, FP-SNS-MOTENVWB1_V1.4.0, FP-SNS-SMARTAG2_V1.2.0, FP-SNS-STBOX1_V2.1.0, STM32Cube_FW_C0_V1.4.0, STM32Cube_FW_F4_V1.28.3, STM32Cube_FW_F7_V1.17.4, STM32Cube_FW_G0_V1.6.2, STM32Cube_FW_G4_V1.6.1, STM32Cube_FW_H5_V1.5.0, STM32Cube_FW_H7RS_V1.2.0, STM32Cube_FW_H7_V1.12.1, STM32Cube_FW_L0_V1.12.2, STM32Cube_FW_L4_V1.18.1, STM32Cube_FW_L5_V1.5.1, STM32Cube_FW_N6_V1.2.0, STM32Cube_FW_U0_V1.3.0, STM32Cube_FW_U3_V1.2.0, STM32Cube_FW_U5_V1.8.0, STM32Cube_FW_WB0_V1.3.0, STM32Cube_FW_WBA_V1.7.0, STM32Cube_FW_WB_V1.23.0, STM32Cube_FW_WL3_V1.2.0, STM32Cube_FW_WL_V1.3.1, X-CUBE-ALGOBUILD_V1.4.0, X-CUBE-ALS_V1.0.2, X-CUBE-AZRTOS-F4_V1.1.0, X-CUBE-AZRTOS-F7_V1.1.0, X-CUBE-AZRTOS-G0_V1.1.0, X-CUBE-AZRTOS-G4_V2.0.0, X-CUBE-AZRTOS-H7RS_V1.1.0, X-CUBE-AZRTOS-H7_V3.4.0, X-CUBE-AZRTOS-L4_V2.0.0, X-CUBE-AZRTOS-L5_V2.0.0, X-CUBE-AZRTOS-WB_V2.0.0, X-CUBE-AZRTOS-WL_V2.0.0, X-CUBE-BLE1_V7.1.0, X-CUBE-BLE2_V3.3.0, X-CUBE-BLEMGR_V4.1.0, X-CUBE-EEPRMA1_V5.2.0, X-CUBE-FREERTOS_V1.3.1, X-CUBE-GNSS1_V6.0.0, X-CUBE-MEMS1_V11.3.0, X-CUBE-NFC4_V3.0.0, X-CUBE-NFC7_V2.0.0, X-CUBE-SFXS2LP1_V4.0.0, X-CUBE-ST67W61_V1.0.0, X-CUBE-SUBG2_V5.0.0, X-CUBE-TOF1_V3.4.3]
2025-09-13 12:21:58,540 [ERROR] DbExamplesSqlite:437 - Missing JSON key: board_cpn
2025-09-13 12:21:58,540 [ERROR] DbExamplesSqlite:437 - Missing JSON key: board_cpn
2025-09-13 12:21:58,540 [ERROR] DbExamplesSqlite:437 - Missing JSON key: board_cpn
2025-09-13 12:21:58,540 [ERROR] DbExamplesSqlite:437 - Missing JSON key: board_cpn
2025-09-13 12:21:58,844 [ERROR] DbExamplesSqlite:437 - Missing JSON key: board_cpn
2025-09-13 12:21:58,844 [ERROR] DbExamplesSqlite:437 - Missing JSON key: board_cpn
2025-09-13 12:21:58,847 [INFO] DbExamplesSqlite:395 - Ignored 33 examples not supported by CubeIDE
2025-09-13 12:21:58,847 [INFO] DbExamplesSqlite:396 - Found 10871 examples active
2025-09-13 12:21:58,848 [INFO] DbExamplesSqlite:397 - Found 0 examples obsolete
2025-09-13 12:21:58,848 [INFO] DbExamplesSqlite:398 - Found 0 examples under development
2025-09-13 12:21:58,848 [INFO] DbExamplesSqlite:399 - Found 65 examples not building
2025-09-13 12:21:58,851 [INFO] DbExamples:125 - Found 10903 examples
2025-09-13 12:21:58,868 [INFO] DbExamples:222 - Found 134 boards with related examples
2025-09-13 12:21:58,869 [INFO] DbExamples:235 - Found 111 MCUs with related examples
2025-09-13 12:21:58,919 [INFO] ApiDb:414 - User favorites file not found: C:\Users\leoar/.stm32cubeide/favorites.examples.txt
2025-09-13 12:21:58,919 [INFO] DbExamples:250 - Set 0 / 0 favorites Examples
2025-09-13 12:21:59,054 [INFO] McuFinderGlobals:76 - Set McuFinderConnectedMode to true
2025-09-13 12:21:59,063 [INFO] MultiScanPanel:200 - Auto-refresh data requested => check proxy status ongoing
2025-09-13 12:21:59,064 [INFO] FinderPluginLoader:96 - Searching for filters in installed packs
2025-09-13 12:22:00,595 [INFO] LoadUrlFilesThread:185 - End of LoadServerUrlFiles without Thread
2025-09-13 12:22:00,754 [INFO] DetailPanel:341 - Set advertising image to C:/Users/leoar/STM32Cube/Repository/\en.2400x1350px.jpeg
2025-09-13 12:24:35,113 [INFO] MainUpdater:2872 - connection check result : 10
2025-09-13 12:24:35,113 [INFO] MainUpdater:2872 - connection check result : 10
2025-09-13 12:24:35,128 [INFO] MicroXplorer:468 - Change Database Path : 
2025-09-13 12:24:35,128 [INFO] MicroXplorer:498 - Change Database Version : DB.6.0.150
2025-09-13 12:24:35,135 [WARN] ThirdParty:871 - waiting for thirdparty lock release [close project]
2025-09-13 12:24:35,135 [INFO] ThirdParty:873 - entering critical section [close project]
2025-09-13 12:24:35,136 [INFO] ThirdParty:883 - exiting critical section [close project]
2025-09-13 12:24:35,138 [INFO] PinOutPanel:1589 - setPackage(No Configuration,No Configuration)
2025-09-13 12:24:35,139 [INFO] UtilMem:75 - Begin LoadConfig() Used Memory: 569548640 Bytes (1073741824)
2025-09-13 12:24:35,141 [INFO] MicroXplorer:468 - Change Database Path : 
2025-09-13 12:24:35,141 [INFO] MicroXplorer:498 - Change Database Version : DB.6.0.150
2025-09-13 12:24:35,141 [INFO] OpenFileManager:355 - Change cursor
2025-09-13 12:24:35,170 [WARN] IntegrityCheckThread:84 - waiting for thirdparty lock release [integrity check]
2025-09-13 12:24:35,170 [INFO] IntegrityCheckThread:86 - entering critical section [integrity check]
2025-09-13 12:24:35,405 [WARN] PackLoader:240 - Cannot read IP mode file for STMicroelectronics.FP-SNS-MOTENVWB1.1.4.0
2025-09-13 12:24:35,417 [WARN] PackLoader:240 - Cannot read IP mode file for STMicroelectronics.FP-ATR-ASTRA1.2.0.2
2025-09-13 12:24:35,428 [WARN] PackLoader:240 - Cannot read IP mode file for STMicroelectronics.X-CUBE-SMBUS.2.1.0
2025-09-13 12:24:35,437 [WARN] PackLoader:240 - Cannot read IP mode file for STMicroelectronics.X-CUBE-ST60.1.0.0
2025-09-13 12:24:35,497 [WARN] PackLoader:240 - Cannot read IP mode file for STMicroelectronics.X-CUBE-AZRTOS-F7.1.1.0
2025-09-13 12:24:35,515 [WARN] PackLoader:240 - Cannot read IP mode file for WES.I-CUBE-Cesium.1.4.0
2025-09-13 12:24:35,545 [WARN] PackLoader:240 - Cannot read IP mode file for Infineon.AIROC-Wi-Fi-Bluetooth-STM32.1.7.1
2025-09-13 12:24:35,578 [WARN] PackLoader:240 - Cannot read IP mode file for STMicroelectronics.X-CUBE-AZRTOS-H7.3.4.0
2025-09-13 12:24:35,591 [WARN] PackLoader:240 - Cannot read IP mode file for STMicroelectronics.X-CUBE-DISPLAY.3.0.0
2025-09-13 12:24:35,604 [WARN] PackLoader:240 - Cannot read IP mode file for STMicroelectronics.X-CUBE-NFC10.1.0.0
2025-09-13 12:24:35,611 [WARN] PackLoader:240 - Cannot read IP mode file for emotas.I-CUBE-CANOPEN.1.3.0
2025-09-13 12:24:35,620 [WARN] PackLoader:240 - Cannot read IP mode file for STMicroelectronics.FP-SNS-STBOX1.2.1.0
2025-09-13 12:24:35,627 [WARN] PackLoader:240 - Cannot read IP mode file for STMicroelectronics.FP-SNS-SMARTAG2.1.2.0
2025-09-13 12:24:35,631 [WARN] PackLoader:240 - Cannot read IP mode file for STMicroelectronics.FP-SNS-FLIGHT1.5.1.0
2025-09-13 12:24:35,643 [INFO] LogOutputStream:77 - [STDOUT_REDIRECT] 1 : Invalid condition id : UX_CORESTACK_Condition cause : null
2025-09-13 12:24:35,645 [INFO] LogOutputStream:77 - [STDOUT_REDIRECT] 1 : Invalid condition id : UX_CORESTACK_Condition cause : null
2025-09-13 12:24:35,646 [INFO] LogOutputStream:77 - [STDOUT_REDIRECT] 1 : Invalid condition id : UX_CORESTACK_Condition cause : null
2025-09-13 12:24:35,647 [INFO] LogOutputStream:77 - [STDOUT_REDIRECT] 1 : Invalid condition id : UX_CORESTACK_Condition cause : null
2025-09-13 12:24:35,649 [INFO] LogOutputStream:77 - [STDOUT_REDIRECT] 1 : Invalid condition id : UX_CORESTACK_Condition cause : null
2025-09-13 12:24:35,651 [WARN] PackLoader:240 - Cannot read IP mode file for STMicroelectronics.X-CUBE-AZRTOS-WL.2.0.0
2025-09-13 12:24:35,657 [WARN] PackLoader:240 - Cannot read IP mode file for STMicroelectronics.FP-SNS-MOTENV1.5.0.0
2025-09-13 12:24:35,665 [WARN] PackLoader:240 - Cannot read IP mode file for STMicroelectronics.X-CUBE-BLE2.3.3.0
2025-09-13 12:24:35,674 [WARN] PackLoader:240 - Cannot read IP mode file for STMicroelectronics.X-CUBE-NFC9.1.0.0
2025-09-13 12:24:35,681 [WARN] PackLoader:240 - Cannot read IP mode file for wolfSSL.I-CUBE-wolfSSL.5.8.2
2025-09-13 12:24:35,688 [WARN] PackLoader:240 - Cannot read IP mode file for STMicroelectronics.X-CUBE-BLE1.7.1.0
2025-09-13 12:24:35,693 [WARN] PackLoader:240 - Cannot read IP mode file for wolfSSL.I-CUBE-wolfMQTT.1.19.2
2025-09-13 12:24:35,700 [WARN] PackLoader:240 - Cannot read IP mode file for STMicroelectronics.X-CUBE-EEPRMA1.5.2.0
2025-09-13 12:24:35,717 [WARN] PackLoader:240 - Cannot read IP mode file for STMicroelectronics.X-CUBE-AZRTOS-G0.1.1.0
2025-09-13 12:24:35,726 [WARN] PackLoader:240 - Cannot read IP mode file for STMicroelectronics.X-CUBE-SAFEA1.1.2.2
2025-09-13 12:24:35,732 [WARN] PackLoader:240 - Cannot read IP mode file for STMicroelectronics.X-CUBE-NFC4.3.0.0
2025-09-13 12:24:35,741 [WARN] PackLoader:240 - Cannot read IP mode file for EmbeddedOffice.I-CUBE-FS-RTOS.1.0.1
2025-09-13 12:24:35,749 [WARN] PackLoader:240 - Cannot read IP mode file for STMicroelectronics.X-CUBE-WB05N.2.0.0
2025-09-13 12:24:35,753 [WARN] PackLoader:240 - Cannot read IP mode file for wolfSSL.I-CUBE-wolfTPM.3.8.0
2025-09-13 12:24:35,759 [WARN] PackLoader:240 - Cannot read IP mode file for STMicroelectronics.X-CUBE-TCPP.4.2.0
2025-09-13 12:24:35,766 [WARN] PackLoader:240 - Cannot read IP mode file for RealThread.X-CUBE-RT-Thread_Nano.4.1.1
2025-09-13 12:24:35,771 [WARN] PackLoader:240 - Cannot read IP mode file for STMicroelectronics.FP-ATR-SIGFOX1.3.2.0
2025-09-13 12:24:35,778 [WARN] PackLoader:240 - Cannot read IP mode file for ITTIA_DB.I-CUBE-ITTIADB.8.9.0
2025-09-13 12:24:35,783 [WARN] PackLoader:240 - Cannot read IP mode file for STMicroelectronics.X-CUBE-ST67W61.1.0.0
2025-09-13 12:24:35,787 [WARN] PackLoader:240 - Cannot read IP mode file for STMicroelectronics.X-CUBE-AI.10.2.0
2025-09-13 12:24:35,806 [WARN] PackLoader:240 - Cannot read IP mode file for SEGGER.I-CUBE-embOS.1.3.1
2025-09-13 12:24:35,855 [WARN] PackLoader:240 - Cannot read IP mode file for STMicroelectronics.X-CUBE-ALGOBUILD.1.4.0
2025-09-13 12:24:35,889 [WARN] PackLoader:240 - Cannot read IP mode file for STMicroelectronics.X-CUBE-MEMS1.11.3.0
2025-09-13 12:24:36,034 [WARN] PackLoader:240 - Cannot read IP mode file for STMicroelectronics.X-CUBE-PM33A1.1.0.0
2025-09-13 12:24:36,047 [WARN] PackLoader:240 - Cannot read IP mode file for STMicroelectronics.X-CUBE-AZRTOS-F4.1.1.0
2025-09-13 12:24:36,052 [WARN] PackLoader:240 - Cannot read IP mode file for Avnet-IotConnect.X-CUBE-IoTC-DA16k-PMOD.1.0.0
2025-09-13 12:24:36,056 [WARN] PackLoader:240 - Cannot read IP mode file for STMicroelectronics.X-CUBE-ISPU.2.1.0
2025-09-13 12:24:36,062 [WARN] PackLoader:240 - Cannot read IP mode file for STMicroelectronics.X-CUBE-NFC12.1.0.0
2025-09-13 12:24:36,076 [WARN] PackLoader:240 - Cannot read IP mode file for STMicroelectronics.X-CUBE-AZRTOS-L5.2.0.0
2025-09-13 12:24:36,084 [WARN] PackLoader:240 - Cannot read IP mode file for STMicroelectronics.X-CUBE-NFC6.3.1.0
2025-09-13 12:24:36,089 [WARN] PackLoader:240 - Cannot read IP mode file for STMicroelectronics.X-CUBE-FREERTOS.1.3.1
2025-09-13 12:24:36,095 [WARN] PackLoader:240 - Cannot read IP mode file for STMicroelectronics.FP-SNS-STAIOTCFT.1.0.0
2025-09-13 12:24:36,101 [WARN] PackLoader:240 - Cannot read IP mode file for STMicroelectronics.X-CUBE-DPower.1.3.0
2025-09-13 12:24:36,116 [WARN] ConditionMgr:438 - getConditionDescription Invalid condition id : LAN8742 Phy interface Condition cause : null
2025-09-13 12:24:36,116 [WARN] PackLoader:240 - Cannot read IP mode file for STMicroelectronics.X-CUBE-AZRTOS-L4.2.0.0
2025-09-13 12:24:36,117 [WARN] ConditionMgr:1044 - genDependencies : Invalid condition id : LAN8742 Phy interface Condition cause : null
2025-09-13 12:24:36,118 [WARN] ConditionMgr:1044 - genDependencies : Invalid condition id : LAN8742 Phy interface Condition cause : null
2025-09-13 12:24:36,118 [WARN] ConditionMgr:1044 - genDependencies : Invalid condition id : LAN8742 Phy interface Condition cause : null
2025-09-13 12:24:36,125 [WARN] PackLoader:240 - Cannot read IP mode file for STMicroelectronics.X-CUBE-SFXS2LP1.4.0.0
2025-09-13 12:24:36,136 [WARN] PackLoader:240 - Cannot read IP mode file for STMicroelectronics.X-CUBE-BLEMGR.4.1.0
2025-09-13 12:24:36,150 [WARN] ConditionMgr:438 - getConditionDescription Invalid condition id : UX DEVICE CLASS RTOS Condition cause : null
2025-09-13 12:24:36,150 [WARN] ConditionMgr:438 - getConditionDescription Invalid condition id : UX DEVICE CLASS RTOS Condition cause : null
2025-09-13 12:24:36,151 [WARN] PackLoader:240 - Cannot read IP mode file for STMicroelectronics.X-CUBE-AZRTOS-WB.2.0.0
2025-09-13 12:24:36,151 [WARN] ConditionMgr:1044 - genDependencies : Invalid condition id : UX DEVICE CLASS RTOS Condition cause : null
2025-09-13 12:24:36,151 [WARN] ConditionMgr:1044 - genDependencies : Invalid condition id : UX DEVICE CLASS RTOS Condition cause : null
2025-09-13 12:24:36,152 [WARN] ConditionMgr:1044 - genDependencies : Invalid condition id : UX DEVICE CLASS RTOS Condition cause : null
2025-09-13 12:24:36,152 [WARN] ConditionMgr:1044 - genDependencies : Invalid condition id : UX DEVICE CLASS RTOS Condition cause : null
2025-09-13 12:24:36,152 [WARN] ConditionMgr:1044 - genDependencies : Invalid condition id : UX DEVICE CLASS RTOS Condition cause : null
2025-09-13 12:24:36,158 [WARN] PackLoader:240 - Cannot read IP mode file for STMicroelectronics.X-CUBE-GNSS1.7.0.1
2025-09-13 12:24:36,161 [WARN] PackLoader:240 - Cannot read IP mode file for STMicroelectronics.X-CUBE-TOUCHGFX.4.25.0
2025-09-13 12:24:36,166 [WARN] ConditionMgr:438 - getConditionDescription Invalid condition id : Cortex-A Device cause : null
2025-09-13 12:24:36,177 [WARN] ConditionMgr:1044 - genDependencies : Invalid condition id : Cortex-A Device cause : null
2025-09-13 12:24:36,177 [WARN] ConditionMgr:1044 - genDependencies : Invalid condition id : Cortex-A Device cause : null
2025-09-13 12:24:36,177 [WARN] ConditionMgr:1044 - genDependencies : Invalid condition id : Cortex-A Device cause : null
2025-09-13 12:24:36,185 [WARN] PackLoader:240 - Cannot read IP mode file for STMicroelectronics.X-CUBE-SUBG2.5.0.0
2025-09-13 12:24:36,199 [WARN] PackLoader:240 - Cannot read IP mode file for STMicroelectronics.X-CUBE-AZRTOS-H7RS.1.1.0
2025-09-13 12:24:36,206 [WARN] PackLoader:240 - Cannot read IP mode file for Cesanta.I-CUBE-Mongoose.7.13.0
2025-09-13 12:24:36,216 [WARN] PackLoader:240 - Cannot read IP mode file for STMicroelectronics.X-CUBE-AZRTOS-G4.2.0.0
2025-09-13 12:24:36,221 [WARN] PackLoader:240 - Cannot read IP mode file for wolfSSL.I-CUBE-wolfSSH.1.4.20
2025-09-13 12:24:36,225 [WARN] PackLoader:240 - Cannot read IP mode file for STMicroelectronics.X-CUBE-NFC7.2.0.0
2025-09-13 12:24:36,234 [WARN] PackLoader:240 - Cannot read IP mode file for STMicroelectronics.X-CUBE-IPS.3.1.0
2025-09-13 12:24:36,241 [WARN] PackLoader:240 - Cannot read IP mode file for STMicroelectronics.X-CUBE-ALS.1.0.2
2025-09-13 12:24:36,246 [WARN] PackLoader:240 - Cannot read IP mode file for STMicroelectronics.X-CUBE-STSE01.1.0.0
2025-09-13 12:24:36,257 [WARN] PackLoader:240 - Cannot read IP mode file for STMicroelectronics.X-CUBE-TOF1.3.4.3
2025-09-13 12:24:36,264 [INFO] ThirdParty:978 - Integrity check success = true
2025-09-13 12:24:36,264 [INFO] IntegrityCheckThread:100 - exiting critical section [integrity check]
2025-09-13 12:24:36,264 [INFO] IntegrityCheckThread:103 - End integrity checks thread
2025-09-13 12:24:36,336 [INFO] Mcu:2029 - Initializing MCU STM32F411CEUx STM32F411CEUx STM32F411CEU6
2025-09-13 12:24:37,495 [INFO] Context:786 - Trying to add GPIOservice into a context  which must be forbidden
2025-09-13 12:24:37,877 [INFO] ImportTextPane:234 - (OptionalMessage_ERROR) Unable to find key (Mcu.ThirdPartyNb) in loaded IOC file
2025-09-13 12:24:37,877 [INFO] ImportTextPane:234 - (OptionalMessage_ERROR) Unable to find key (Mcu.PinsNb) in loaded IOC file
2025-09-13 12:24:37,878 [INFO] ImportTextPane:234 - (OptionalMessage_ERROR) Pin0 (VP_RIF_VS_RIF1) cannot be retrieved for this MCU
2025-09-13 12:24:37,878 [INFO] ImportTextPane:234 - (OptionalMessage_ERROR) Unable to find key (Mcu.IPNb) in loaded IOC file
2025-09-13 12:24:37,962 [INFO] RtosManager:558 - Registered RTOS mode: class=CMSIS, group=RTOS, mode=CMSIS_V1, owner=FREERTOS
2025-09-13 12:24:37,962 [INFO] RtosManager:558 - Registered RTOS mode: class=CMSIS, group=RTOS2, mode=CMSIS_V2, owner=FREERTOS
2025-09-13 12:24:37,962 [INFO] RtosManager:558 - Registered RTOS mode: class=RTOS, group=Core, mode=CMSIS_V1, owner=FREERTOS
2025-09-13 12:24:37,962 [INFO] RtosManager:558 - Registered RTOS mode: class=RTOS, group=Core, mode=CMSIS_V2, owner=FREERTOS
2025-09-13 12:24:37,962 [WARN] ModelIntegratedComponent:184 - Missing modes for component STMicroelectronics:FreeRTOS:0.0.1:STMicroelectronics:RTOS:FreeRTOS:Core:::10.2.0:
2025-09-13 12:24:37,975 [WARN] ModelIntegratedComponent:182 - Modes not found for component STMicroelectronics:USB_HOST:1.0.0:STMicroelectronics:USB::USB Host:Audio HS::1.0:USB_HOST_1_0_RESTRICTED_HS
2025-09-13 12:24:37,975 [WARN] ModelIntegratedComponent:188 - Modes not found for component STMicroelectronics:USB_HOST:1.0.0:STMicroelectronics:USB::USB Host:Audio HS::1.0:USB_HOST_1_0_RESTRICTED_HS
2025-09-13 12:24:37,975 [WARN] ModelIntegratedComponent:182 - Modes not found for component STMicroelectronics:USB_HOST:1.0.0:STMicroelectronics:USB::USB Host:CDC HS::1.0:USB_HOST_1_0_RESTRICTED_HS
2025-09-13 12:24:37,976 [WARN] ModelIntegratedComponent:188 - Modes not found for component STMicroelectronics:USB_HOST:1.0.0:STMicroelectronics:USB::USB Host:CDC HS::1.0:USB_HOST_1_0_RESTRICTED_HS
2025-09-13 12:24:37,976 [WARN] ModelIntegratedComponent:182 - Modes not found for component STMicroelectronics:USB_HOST:1.0.0:STMicroelectronics:USB::USB Host:MSC HS::1.0:USB_HOST_1_0_RESTRICTED_HS
2025-09-13 12:24:37,976 [WARN] ModelIntegratedComponent:188 - Modes not found for component STMicroelectronics:USB_HOST:1.0.0:STMicroelectronics:USB::USB Host:MSC HS::1.0:USB_HOST_1_0_RESTRICTED_HS
2025-09-13 12:24:37,976 [WARN] ModelIntegratedComponent:182 - Modes not found for component STMicroelectronics:USB_HOST:1.0.0:STMicroelectronics:USB::USB Host:HID HS::1.0:USB_HOST_1_0_RESTRICTED_HS
2025-09-13 12:24:37,976 [WARN] ModelIntegratedComponent:188 - Modes not found for component STMicroelectronics:USB_HOST:1.0.0:STMicroelectronics:USB::USB Host:HID HS::1.0:USB_HOST_1_0_RESTRICTED_HS
2025-09-13 12:24:37,976 [WARN] ModelIntegratedComponent:182 - Modes not found for component STMicroelectronics:USB_HOST:1.0.0:STMicroelectronics:USB::USB Host:MTP HS::1.0:USB_HOST_1_0_RESTRICTED_HS
2025-09-13 12:24:37,976 [WARN] ModelIntegratedComponent:188 - Modes not found for component STMicroelectronics:USB_HOST:1.0.0:STMicroelectronics:USB::USB Host:MTP HS::1.0:USB_HOST_1_0_RESTRICTED_HS
2025-09-13 12:24:37,987 [WARN] ModelIntegratedComponent:63 - No mode defined for component null
2025-09-13 12:24:37,987 [WARN] ModelIntegratedComponent:63 - No mode defined for component null
2025-09-13 12:24:37,987 [WARN] ModelIntegratedComponent:63 - No mode defined for component null
2025-09-13 12:24:37,987 [WARN] ModelIntegratedComponent:63 - No mode defined for component null
2025-09-13 12:24:37,987 [WARN] ModelIntegratedComponent:63 - No mode defined for component null
2025-09-13 12:24:37,987 [WARN] ModelIntegratedComponent:63 - No mode defined for component null
2025-09-13 12:24:37,987 [WARN] ModelIntegratedComponent:63 - No mode defined for component null
2025-09-13 12:24:37,987 [WARN] ModelIntegratedComponent:63 - No mode defined for component null
2025-09-13 12:24:37,987 [WARN] ModelIntegratedComponent:63 - No mode defined for component null
2025-09-13 12:24:37,987 [WARN] ModelIntegratedComponent:63 - No mode defined for component null
2025-09-13 12:24:37,987 [WARN] ModelIntegratedComponent:63 - No mode defined for component null
2025-09-13 12:24:37,987 [WARN] ModelIntegratedComponent:63 - No mode defined for component null
2025-09-13 12:24:37,987 [WARN] ModelIntegratedComponent:63 - No mode defined for component null
2025-09-13 12:24:37,987 [WARN] ModelIntegratedComponent:63 - No mode defined for component null
2025-09-13 12:24:37,987 [WARN] ModelIntegratedComponent:63 - No mode defined for component null
2025-09-13 12:24:37,987 [WARN] ModelIntegratedComponent:63 - No mode defined for component null
2025-09-13 12:24:37,988 [WARN] ModelIntegratedComponent:63 - No mode defined for component null
2025-09-13 12:24:37,988 [WARN] ModelIntegratedComponent:63 - No mode defined for component null
2025-09-13 12:24:37,988 [WARN] ModelIntegratedComponent:63 - No mode defined for component null
2025-09-13 12:24:37,988 [WARN] ModelIntegratedComponent:63 - No mode defined for component null
2025-09-13 12:24:37,988 [WARN] ModelIntegratedComponent:63 - No mode defined for component null
2025-09-13 12:24:37,988 [WARN] ModelIntegratedComponent:63 - No mode defined for component null
2025-09-13 12:24:37,988 [WARN] ModelIntegratedComponent:63 - No mode defined for component null
2025-09-13 12:24:37,988 [WARN] ModelIntegratedComponent:63 - No mode defined for component null
2025-09-13 12:24:37,988 [WARN] ModelIntegratedComponent:63 - No mode defined for component null
2025-09-13 12:24:37,988 [WARN] ModelIntegratedComponent:63 - No mode defined for component null
2025-09-13 12:24:37,988 [WARN] ModelIntegratedComponent:63 - No mode defined for component null
2025-09-13 12:24:37,988 [WARN] ModelIntegratedComponent:63 - No mode defined for component null
2025-09-13 12:24:37,988 [WARN] ModelIntegratedComponent:63 - No mode defined for component null
2025-09-13 12:24:37,988 [WARN] ModelIntegratedComponent:63 - No mode defined for component null
2025-09-13 12:24:37,988 [WARN] ModelIntegratedComponent:63 - No mode defined for component null
2025-09-13 12:24:37,988 [WARN] ModelIntegratedComponent:63 - No mode defined for component null
2025-09-13 12:24:37,988 [WARN] ModelIntegratedComponent:63 - No mode defined for component null
2025-09-13 12:24:37,988 [WARN] ModelIntegratedComponent:63 - No mode defined for component null
2025-09-13 12:24:37,988 [WARN] ModelIntegratedComponent:63 - No mode defined for component null
2025-09-13 12:24:37,988 [WARN] ModelPack:524 - Component already loaded: STMicroelectronics:HAL Drivers:0.0.0:STMicroelectronics:Device:STMicro_Driver:XSPI:HAL::0.0.1:HAL_XSPI
2025-09-13 12:24:38,070 [WARN] ModelIntegratedComponent:182 - Modes not found for component STMicroelectronics:USB_DEVICE:1.0.0:STMicroelectronics:USB::USB Device:Audio HS::1.0:USB_DEVICE_1_0_RESTRICTED_HS
2025-09-13 12:24:38,070 [WARN] ModelIntegratedComponent:188 - Modes not found for component STMicroelectronics:USB_DEVICE:1.0.0:STMicroelectronics:USB::USB Device:Audio HS::1.0:USB_DEVICE_1_0_RESTRICTED_HS
2025-09-13 12:24:38,070 [WARN] ModelIntegratedComponent:182 - Modes not found for component STMicroelectronics:USB_DEVICE:1.0.0:STMicroelectronics:USB::USB Device:CDC HS::1.0:USB_DEVICE_1_0_RESTRICTED_HS
2025-09-13 12:24:38,070 [WARN] ModelIntegratedComponent:188 - Modes not found for component STMicroelectronics:USB_DEVICE:1.0.0:STMicroelectronics:USB::USB Device:CDC HS::1.0:USB_DEVICE_1_0_RESTRICTED_HS
2025-09-13 12:24:38,070 [WARN] ModelIntegratedComponent:182 - Modes not found for component STMicroelectronics:USB_DEVICE:1.0.0:STMicroelectronics:USB::USB Device:DFU HS::1.0:USB_DEVICE_1_0_RESTRICTED_HS
2025-09-13 12:24:38,070 [WARN] ModelIntegratedComponent:188 - Modes not found for component STMicroelectronics:USB_DEVICE:1.0.0:STMicroelectronics:USB::USB Device:DFU HS::1.0:USB_DEVICE_1_0_RESTRICTED_HS
2025-09-13 12:24:38,070 [WARN] ModelIntegratedComponent:182 - Modes not found for component STMicroelectronics:USB_DEVICE:1.0.0:STMicroelectronics:USB::USB Device:HID HS::1.0:USB_DEVICE_1_0_RESTRICTED_HS
2025-09-13 12:24:38,070 [WARN] ModelIntegratedComponent:188 - Modes not found for component STMicroelectronics:USB_DEVICE:1.0.0:STMicroelectronics:USB::USB Device:HID HS::1.0:USB_DEVICE_1_0_RESTRICTED_HS
2025-09-13 12:24:38,070 [WARN] ModelIntegratedComponent:182 - Modes not found for component STMicroelectronics:USB_DEVICE:1.0.0:STMicroelectronics:USB::USB Device:Custom HID HS::1.0:USB_DEVICE_1_0_RESTRICTED_HS
2025-09-13 12:24:38,070 [WARN] ModelIntegratedComponent:188 - Modes not found for component STMicroelectronics:USB_DEVICE:1.0.0:STMicroelectronics:USB::USB Device:Custom HID HS::1.0:USB_DEVICE_1_0_RESTRICTED_HS
2025-09-13 12:24:38,070 [WARN] ModelIntegratedComponent:182 - Modes not found for component STMicroelectronics:USB_DEVICE:1.0.0:STMicroelectronics:USB::USB Device:MSC HS::1.0:USB_DEVICE_1_0_RESTRICTED_HS
2025-09-13 12:24:38,070 [WARN] ModelIntegratedComponent:188 - Modes not found for component STMicroelectronics:USB_DEVICE:1.0.0:STMicroelectronics:USB::USB Device:MSC HS::1.0:USB_DEVICE_1_0_RESTRICTED_HS
2025-09-13 12:24:38,085 [INFO] ThirdPartyModel:298 - Start build external matchings
2025-09-13 12:24:38,562 [INFO] ThirdPartyModel:316 - End build external matchings
2025-09-13 12:24:38,800 [INFO] UtilMem:75 - End LoadConfig() Used Memory: 594583664 Bytes (1073741824)
2025-09-13 12:24:38,820 [WARN] ThirdParty:833 - waiting for thirdparty lock release [change project]
2025-09-13 12:24:38,820 [INFO] ThirdParty:835 - entering critical section [change project]
2025-09-13 12:24:38,820 [INFO] ThirdParty:1030 - CMSIS Pack Vendor :STMicroelectronics X-CUBE-PM33A1 1.0.0
2025-09-13 12:24:38,820 [INFO] ThirdParty:1030 - CMSIS Pack Vendor :STMicroelectronics USBPD 4.1
2025-09-13 12:24:38,820 [INFO] ThirdParty:1030 - CMSIS Pack Vendor :STMicroelectronics X-CUBE-NFC9 1.0.0
2025-09-13 12:24:38,820 [INFO] ThirdParty:1030 - CMSIS Pack Vendor :STMicroelectronics USB_HOST 2.0.0
2025-09-13 12:24:38,820 [INFO] ThirdParty:1030 - CMSIS Pack Vendor :STMicroelectronics FP-SNS-MOTENVWB1 1.4.0
2025-09-13 12:24:38,820 [INFO] ThirdParty:1030 - CMSIS Pack Vendor :STMicroelectronics X-CUBE-AZRTOS-F4 1.1.0
2025-09-13 12:24:38,820 [INFO] ThirdParty:1030 - CMSIS Pack Vendor :STMicroelectronics LIBJPEG 8.0.0
2025-09-13 12:24:38,820 [INFO] ThirdParty:1030 - CMSIS Pack Vendor :STMicroelectronics FP-ATR-ASTRA1 2.0.2
2025-09-13 12:24:38,820 [INFO] ThirdParty:1030 - CMSIS Pack Vendor :wolfSSL I-CUBE-wolfSSL 5.8.2
2025-09-13 12:24:38,820 [INFO] ThirdParty:1030 - CMSIS Pack Vendor :STMicroelectronics X-CUBE-BLE1 7.1.0
2025-09-13 12:24:38,820 [INFO] ThirdParty:1030 - CMSIS Pack Vendor :Avnet-IotConnect X-CUBE-IoTC-DA16k-PMOD 1.0.0
2025-09-13 12:24:38,820 [INFO] ThirdParty:1030 - CMSIS Pack Vendor :STMicroelectronics X-CUBE-SMBUS 2.1.0
2025-09-13 12:24:38,820 [INFO] ThirdParty:1030 - CMSIS Pack Vendor :wolfSSL I-CUBE-wolfMQTT 1.19.2
2025-09-13 12:24:38,820 [INFO] ThirdParty:1030 - CMSIS Pack Vendor :STMicroelectronics USB_DEVICE 3.0.0
2025-09-13 12:24:38,820 [INFO] ThirdParty:1030 - CMSIS Pack Vendor :STMicroelectronics X-CUBE-ISPU 2.1.0
2025-09-13 12:24:38,820 [INFO] ThirdParty:1030 - CMSIS Pack Vendor :STMicroelectronics X-CUBE-EEPRMA1 5.2.0
2025-09-13 12:24:38,820 [INFO] ThirdParty:1030 - CMSIS Pack Vendor :STMicroelectronics X-CUBE-BLEMGR 4.1.0
2025-09-13 12:24:38,820 [INFO] ThirdParty:1030 - CMSIS Pack Vendor :STMicroelectronics X-CUBE-AZRTOS-WB 2.0.0
2025-09-13 12:24:38,820 [INFO] ThirdParty:1030 - CMSIS Pack Vendor :STMicroelectronics X-CUBE-ST60 1.0.0
2025-09-13 12:24:38,820 [INFO] ThirdParty:1030 - CMSIS Pack Vendor :STMicroelectronics X-CUBE-GNSS1 7.0.1
2025-09-13 12:24:38,820 [INFO] ThirdParty:1030 - CMSIS Pack Vendor :STMicroelectronics X-CUBE-NFC12 1.0.0
2025-09-13 12:24:38,820 [INFO] ThirdParty:1030 - CMSIS Pack Vendor :STMicroelectronics X-CUBE-AZRTOS-F7 1.1.0
2025-09-13 12:24:38,820 [INFO] ThirdParty:1030 - CMSIS Pack Vendor :STMicroelectronics X-CUBE-AZRTOS-L5 2.0.0
2025-09-13 12:24:38,820 [INFO] ThirdParty:1030 - CMSIS Pack Vendor :STMicroelectronics X-CUBE-TOUCHGFX 4.25.0
2025-09-13 12:24:38,820 [INFO] ThirdParty:1030 - CMSIS Pack Vendor :STMicroelectronics USB_DEVICE 2.0.0
2025-09-13 12:24:38,820 [INFO] ThirdParty:1030 - CMSIS Pack Vendor :STMicroelectronics X-CUBE-NFC6 3.1.0
2025-09-13 12:24:38,820 [INFO] ThirdParty:1030 - CMSIS Pack Vendor :quantropi X-CUBE-qispace-sdk-base 2.1.0
2025-09-13 12:24:38,820 [INFO] ThirdParty:1030 - CMSIS Pack Vendor :STMicroelectronics FreeRTOS 0.0.1
2025-09-13 12:24:38,820 [INFO] ThirdParty:1030 - CMSIS Pack Vendor :STMicroelectronics X-CUBE-AZRTOS-G0 1.1.0
2025-09-13 12:24:38,822 [INFO] ThirdParty:1030 - CMSIS Pack Vendor :STMicroelectronics X-CUBE-SAFEA1 1.2.2
2025-09-13 12:24:38,822 [INFO] ThirdParty:1030 - CMSIS Pack Vendor :STMicroelectronics X-CUBE-NFC4 3.0.0
2025-09-13 12:24:38,822 [INFO] ThirdParty:1030 - CMSIS Pack Vendor :STMicroelectronics X-CUBE-SUBG2 5.0.0
2025-09-13 12:24:38,822 [INFO] ThirdParty:1030 - CMSIS Pack Vendor :STMicroelectronics X-CUBE-AZRTOS-H7RS 1.1.0
2025-09-13 12:24:38,822 [INFO] ThirdParty:1030 - CMSIS Pack Vendor :STMicroelectronics STM32_WPAN 1.0.0
2025-09-13 12:24:38,822 [INFO] ThirdParty:1030 - CMSIS Pack Vendor :EmbeddedOffice I-CUBE-FS-RTOS 1.0.1
2025-09-13 12:24:38,822 [INFO] ThirdParty:1030 - CMSIS Pack Vendor :STMicroelectronics lwIP 2.0.3
2025-09-13 12:24:38,822 [INFO] ThirdParty:1030 - CMSIS Pack Vendor :WES I-CUBE-Cesium 1.4.0
2025-09-13 12:24:38,822 [INFO] ThirdParty:1030 - CMSIS Pack Vendor :Cesanta I-CUBE-Mongoose 7.13.0
2025-09-13 12:24:38,822 [INFO] ThirdParty:1030 - CMSIS Pack Vendor :STMicroelectronics USB_HOST 1.0.0
2025-09-13 12:24:38,822 [INFO] ThirdParty:1030 - CMSIS Pack Vendor :Infineon AIROC-Wi-Fi-Bluetooth-STM32 1.7.1
2025-09-13 12:24:38,822 [INFO] ThirdParty:1030 - CMSIS Pack Vendor :STMicroelectronics X-CUBE-AZRTOS-G4 2.0.0
2025-09-13 12:24:38,822 [INFO] ThirdParty:1030 - CMSIS Pack Vendor :STMicroelectronics X-CUBE-WB05N 2.0.0
2025-09-13 12:24:38,822 [INFO] ThirdParty:1030 - CMSIS Pack Vendor :STMicroelectronics PDM2PCM 3.1.0
2025-09-13 12:24:38,822 [INFO] ThirdParty:1030 - CMSIS Pack Vendor :STMicroelectronics PDM2PCM 3.3.0
2025-09-13 12:24:38,822 [INFO] ThirdParty:1030 - CMSIS Pack Vendor :wolfSSL I-CUBE-wolfTPM 3.8.0
2025-09-13 12:24:38,822 [INFO] ThirdParty:1030 - CMSIS Pack Vendor :STMicroelectronics X-CUBE-AZRTOS-H7 3.4.0
2025-09-13 12:24:38,822 [INFO] ThirdParty:1030 - CMSIS Pack Vendor :STMicroelectronics X-CUBE-DISPLAY 3.0.0
2025-09-13 12:24:38,822 [INFO] ThirdParty:1030 - CMSIS Pack Vendor :wolfSSL I-CUBE-wolfSSH 1.4.20
2025-09-13 12:24:38,822 [INFO] ThirdParty:1030 - CMSIS Pack Vendor :STMicroelectronics X-CUBE-NFC7 2.0.0
2025-09-13 12:24:38,822 [INFO] ThirdParty:1030 - CMSIS Pack Vendor :STMicroelectronics X-CUBE-TCPP 4.2.0
2025-09-13 12:24:38,822 [INFO] ThirdParty:1030 - CMSIS Pack Vendor :RealThread X-CUBE-RT-Thread_Nano 4.1.1
2025-09-13 12:24:38,822 [INFO] ThirdParty:1030 - CMSIS Pack Vendor :STMicroelectronics FP-ATR-SIGFOX1 3.2.0
2025-09-13 12:24:38,822 [INFO] ThirdParty:1030 - CMSIS Pack Vendor :STMicroelectronics X-CUBE-NFC10 1.0.0
2025-09-13 12:24:38,822 [INFO] ThirdParty:1030 - CMSIS Pack Vendor :STMicroelectronics X-CUBE-FREERTOS 1.3.1
2025-09-13 12:24:38,822 [INFO] ThirdParty:1030 - CMSIS Pack Vendor :STMicroelectronics HAL Drivers 0.0.0
2025-09-13 12:24:38,822 [INFO] ThirdParty:1030 - CMSIS Pack Vendor :STMicroelectronics MBEDTLS 2.16.2
2025-09-13 12:24:38,822 [INFO] ThirdParty:1030 - CMSIS Pack Vendor :STMicroelectronics X-CUBE-IPS 3.1.0
2025-09-13 12:24:38,822 [INFO] ThirdParty:1030 - CMSIS Pack Vendor :STMicroelectronics X-CUBE-ALS 1.0.2
2025-09-13 12:24:38,822 [INFO] ThirdParty:1030 - CMSIS Pack Vendor :emotas I-CUBE-CANOPEN 1.3.0
2025-09-13 12:24:38,822 [INFO] ThirdParty:1030 - CMSIS Pack Vendor :STMicroelectronics MBEDTLS 2.14.1
2025-09-13 12:24:38,822 [INFO] ThirdParty:1030 - CMSIS Pack Vendor :ITTIA_DB I-CUBE-ITTIADB 8.9.0
2025-09-13 12:24:38,822 [INFO] ThirdParty:1030 - CMSIS Pack Vendor :STMicroelectronics X-CUBE-STSE01 1.0.0
2025-09-13 12:24:38,822 [INFO] ThirdParty:1030 - CMSIS Pack Vendor :STMicroelectronics X-CUBE-ST67W61 1.0.0
2025-09-13 12:24:38,822 [INFO] ThirdParty:1030 - CMSIS Pack Vendor :STMicroelectronics FP-SNS-STBOX1 2.1.0
2025-09-13 12:24:38,822 [INFO] ThirdParty:1030 - CMSIS Pack Vendor :STMicroelectronics X-CUBE-AI 10.2.0
2025-09-13 12:24:38,822 [INFO] ThirdParty:1030 - CMSIS Pack Vendor :STMicroelectronics FP-SNS-STAIOTCFT 1.0.0
2025-09-13 12:24:38,822 [INFO] ThirdParty:1030 - CMSIS Pack Vendor :STMicroelectronics ThreadX 1.0.0
2025-09-13 12:24:38,822 [INFO] ThirdParty:1030 - CMSIS Pack Vendor :STMicroelectronics FP-SNS-SMARTAG2 1.2.0
2025-09-13 12:24:38,822 [INFO] ThirdParty:1030 - CMSIS Pack Vendor :STMicroelectronics FP-SNS-FLIGHT1 5.1.0
2025-09-13 12:24:38,822 [INFO] ThirdParty:1030 - CMSIS Pack Vendor :STMicroelectronics X-CUBE-AZRTOS-WL 2.0.0
2025-09-13 12:24:38,822 [INFO] ThirdParty:1030 - CMSIS Pack Vendor :SEGGER I-CUBE-embOS 1.3.1
2025-09-13 12:24:38,822 [INFO] ThirdParty:1030 - CMSIS Pack Vendor :STMicroelectronics X-CUBE-ALGOBUILD 1.4.0
2025-09-13 12:24:38,822 [INFO] ThirdParty:1030 - CMSIS Pack Vendor :STMicroelectronics X-CUBE-DPower 1.3.0
2025-09-13 12:24:38,822 [INFO] ThirdParty:1030 - CMSIS Pack Vendor :STMicroelectronics X-CUBE-MEMS1 11.3.0
2025-09-13 12:24:38,823 [INFO] ThirdParty:1030 - CMSIS Pack Vendor :STMicroelectronics FP-SNS-MOTENV1 5.0.0
2025-09-13 12:24:38,823 [INFO] ThirdParty:1030 - CMSIS Pack Vendor :STMicroelectronics USB_DEVICE 1.0.0
2025-09-13 12:24:38,823 [INFO] ThirdParty:1030 - CMSIS Pack Vendor :STMicroelectronics X-CUBE-AZRTOS-L4 2.0.0
2025-09-13 12:24:38,823 [INFO] ThirdParty:1030 - CMSIS Pack Vendor :STMicroelectronics ThreadX 0.0.2
2025-09-13 12:24:38,823 [INFO] ThirdParty:1030 - CMSIS Pack Vendor :STMicroelectronics lwIP 2.1.2
2025-09-13 12:24:38,823 [INFO] ThirdParty:1030 - CMSIS Pack Vendor :STMicroelectronics X-CUBE-SFXS2LP1 4.0.0
2025-09-13 12:24:38,823 [INFO] ThirdParty:1030 - CMSIS Pack Vendor :STMicroelectronics X-CUBE-BLE2 3.3.0
2025-09-13 12:24:38,823 [INFO] ThirdParty:1030 - CMSIS Pack Vendor :STMicroelectronics X-CUBE-TOF1 3.4.3
2025-09-13 12:24:38,823 [INFO] ThirdParty:1030 - CMSIS Pack Vendor :STMicroelectronics PDM2PCM 3.2.0
2025-09-13 12:24:38,823 [INFO] ThirdParty:841 - exiting critical section [change project]
2025-09-13 12:24:39,117 [INFO] PinOutPanel:1589 - setPackage(No Configuration,No Configuration)
2025-09-13 12:24:39,118 [INFO] PinOutPanel:1589 - setPackage(STM32F411CEUx,UFQFPN48)
2025-09-13 12:24:39,488 [INFO] UtilMem:75 - Before build in PCC Used Memory: 781115560 Bytes (1073741824)
2025-09-13 12:24:40,195 [INFO] UtilMem:75 - After build in PCC Used Memory: 849273000 Bytes (1073741824)
2025-09-13 12:24:40,225 [INFO] IPUIPlugin:80 - create IPUIPlugin
2025-09-13 12:24:40,225 [INFO] IPUIPlugin:80 - create IPUIPlugin
2025-09-13 12:24:40,226 [INFO] IPUIPlugin:80 - create IPUIPlugin
2025-09-13 12:24:40,226 [INFO] IPUIPlugin:80 - create IPUIPlugin
2025-09-13 12:24:40,226 [INFO] IPUIPlugin:80 - create IPUIPlugin
2025-09-13 12:24:40,226 [INFO] IPUIPlugin:80 - create IPUIPlugin
2025-09-13 12:24:40,226 [INFO] IPUIPlugin:80 - create IPUIPlugin
2025-09-13 12:24:40,226 [INFO] IPUIPlugin:80 - create IPUIPlugin
2025-09-13 12:24:40,226 [INFO] IPUIPlugin:80 - create IPUIPlugin
2025-09-13 12:24:40,227 [INFO] IPUIPlugin:80 - create IPUIPlugin
2025-09-13 12:24:40,227 [INFO] IPUIPlugin:80 - create IPUIPlugin
2025-09-13 12:24:40,227 [INFO] IPUIPlugin:80 - create IPUIPlugin
2025-09-13 12:24:40,227 [INFO] IPUIPlugin:80 - create IPUIPlugin
2025-09-13 12:24:40,227 [INFO] IPUIPlugin:80 - create IPUIPlugin
2025-09-13 12:24:40,227 [INFO] IPUIPlugin:80 - create IPUIPlugin
2025-09-13 12:24:40,227 [INFO] IPUIPlugin:80 - create IPUIPlugin
2025-09-13 12:24:40,227 [INFO] IPUIPlugin:80 - create IPUIPlugin
2025-09-13 12:24:40,227 [INFO] IPUIPlugin:80 - create IPUIPlugin
2025-09-13 12:24:40,228 [INFO] IPUIPlugin:80 - create IPUIPlugin
2025-09-13 12:24:40,228 [INFO] IPUIPlugin:80 - create IPUIPlugin
2025-09-13 12:24:40,228 [INFO] IPUIPlugin:80 - create IPUIPlugin
2025-09-13 12:24:40,228 [INFO] IPUIPlugin:80 - create IPUIPlugin
2025-09-13 12:24:40,228 [INFO] IPUIPlugin:80 - create IPUIPlugin
2025-09-13 12:24:40,228 [INFO] IPUIPlugin:80 - create IPUIPlugin
2025-09-13 12:24:40,228 [INFO] IPUIPlugin:80 - create IPUIPlugin
2025-09-13 12:24:40,229 [INFO] IPUIPlugin:80 - create IPUIPlugin
2025-09-13 12:24:40,229 [INFO] IPUIPlugin:80 - create IPUIPlugin
2025-09-13 12:24:40,229 [INFO] IPUIPlugin:80 - create IPUIPlugin
2025-09-13 12:24:40,229 [INFO] IPUIPlugin:80 - create IPUIPlugin
2025-09-13 12:24:40,229 [INFO] IPUIPlugin:80 - create IPUIPlugin
2025-09-13 12:24:40,230 [INFO] IPUIPlugin:80 - create IPUIPlugin
2025-09-13 12:24:40,230 [INFO] IPUIPlugin:80 - create IPUIPlugin
2025-09-13 12:24:40,230 [INFO] IPUIPlugin:80 - create IPUIPlugin
2025-09-13 12:24:40,230 [INFO] IPUIPlugin:80 - create IPUIPlugin
2025-09-13 12:24:40,230 [INFO] IPUIPlugin:80 - create IPUIPlugin
2025-09-13 12:24:40,230 [INFO] IPUIPlugin:80 - create IPUIPlugin
2025-09-13 12:24:40,230 [INFO] IPUIPlugin:80 - create IPUIPlugin
2025-09-13 12:24:40,230 [INFO] IPUIPlugin:80 - create IPUIPlugin
2025-09-13 12:24:40,231 [INFO] IPUIPlugin:80 - create IPUIPlugin
2025-09-13 12:24:40,231 [INFO] IPUIPlugin:80 - create IPUIPlugin
2025-09-13 12:24:40,231 [INFO] IPUIPlugin:80 - create IPUIPlugin
2025-09-13 12:24:40,231 [INFO] IPUIPlugin:80 - create IPUIPlugin
2025-09-13 12:24:40,233 [INFO] IPUIPlugin:80 - create IPUIPlugin
2025-09-13 12:24:40,299 [INFO] ApiDbMcu:532 - Load IP Config File for PDM2PCM
2025-09-13 12:24:40,458 [INFO] CADModel:165 - CPN selected for project levelSTM32F411CEU6
2025-09-13 12:24:40,458 [INFO] CADModel:114 - Register for checkConnection events
2025-09-13 12:24:40,503 [INFO] OpenFileManager:386 - Restore cursor
2025-09-13 12:24:41,301 [INFO] UtilMem:75 - End SaveConfig() Used Memory: 320624264 Bytes (1073741824)
2025-09-13 12:24:43,830 [ERROR] AdobePublisher:162 - Exception while opening the connection: java.net.ConnectException: Connection refused: getsockopt
2025-09-13 12:24:45,875 [ERROR] AdobePublisher:162 - Exception while opening the connection: java.net.ConnectException: Connection refused: getsockopt
2025-09-13 12:24:47,909 [ERROR] AdobePublisher:162 - Exception while opening the connection: java.net.ConnectException: Connection refused: getsockopt
2025-09-13 12:24:49,951 [ERROR] AdobePublisher:162 - Exception while opening the connection: java.net.ConnectException: Connection refused: getsockopt
2025-09-13 12:24:51,985 [ERROR] AdobePublisher:162 - Exception while opening the connection: java.net.ConnectException: Connection refused: getsockopt
2025-09-13 12:25:10,654 [INFO] MainUpdater:2872 - connection check result : 10
2025-09-13 12:25:10,655 [INFO] WebApp:463 - Apply proxy settings
2025-09-13 12:25:10,655 [INFO] WebApp:548 - Chromium requires no authentication
2025-09-13 12:25:10,655 [INFO] WebApp:491 - Direct internet connection detected
2025-09-13 12:25:10,655 [INFO] WebApp:463 - Apply proxy settings
2025-09-13 12:25:10,655 [INFO] WebApp:548 - Chromium requires no authentication
2025-09-13 12:25:10,658 [INFO] WebApp:491 - Direct internet connection detected
2025-09-13 12:25:10,658 [INFO] WebApp:385 - Starting web application
2025-09-13 12:25:10,658 [INFO] WebApp:593 - Web application path used G:\ST\STM32CubeIDE_1.19.0\STM32CubeIDE\plugins\com.st.stm32cube.common.mx_6.15.0.202507011659\db\plugins\mcufinder\reactClient1\index.html
2025-09-13 12:25:10,686 [INFO] UserAuth:487 - Internet connection configuration mode: 1
2025-09-13 12:25:17,313 [INFO] MainUpdater:2872 - connection check result : 10
2025-09-13 12:25:17,314 [INFO] WebApp:463 - Apply proxy settings
2025-09-13 12:25:17,314 [INFO] WebApp:548 - Chromium requires no authentication
2025-09-13 12:25:17,314 [INFO] WebApp:491 - Direct internet connection detected
2025-09-13 12:25:17,315 [INFO] WebApp:463 - Apply proxy settings
2025-09-13 12:25:17,315 [INFO] WebApp:548 - Chromium requires no authentication
2025-09-13 12:25:17,316 [INFO] WebApp:491 - Direct internet connection detected
2025-09-13 12:25:17,316 [INFO] WebApp:385 - Starting web application
2025-09-13 12:25:17,316 [INFO] WebApp:593 - Web application path used G:\ST\STM32CubeIDE_1.19.0\STM32CubeIDE\plugins\com.st.stm32cube.common.mx_6.15.0.202507011659\db\plugins\mcufinder\reactClient1\index.html
2025-09-13 12:25:17,335 [INFO] UserAuth:487 - Internet connection configuration mode: 1
2025-09-13 12:25:57,440 [ERROR] AdobePublisher:162 - Exception while opening the connection: java.net.ConnectException: Connection refused: getsockopt
2025-09-13 12:25:57,660 [ERROR] AdobePublisher:162 - Exception while opening the connection: java.net.ConnectException: Connection refused: getsockopt
2025-09-13 12:25:59,486 [ERROR] AdobePublisher:162 - Exception while opening the connection: java.net.ConnectException: Connection refused: getsockopt
2025-09-13 12:25:59,707 [ERROR] AdobePublisher:162 - Exception while opening the connection: java.net.ConnectException: Connection refused: getsockopt
2025-09-13 12:26:01,525 [ERROR] AdobePublisher:162 - Exception while opening the connection: java.net.ConnectException: Connection refused: getsockopt
2025-09-13 12:26:01,757 [ERROR] AdobePublisher:162 - Exception while opening the connection: java.net.ConnectException: Connection refused: getsockopt
2025-09-13 12:26:03,585 [ERROR] AdobePublisher:162 - Exception while opening the connection: java.net.ConnectException: Connection refused: getsockopt
2025-09-13 12:26:03,801 [ERROR] AdobePublisher:162 - Exception while opening the connection: java.net.ConnectException: Connection refused: getsockopt
2025-09-13 12:26:05,632 [ERROR] AdobePublisher:162 - Exception while opening the connection: java.net.ConnectException: Connection refused: getsockopt
2025-09-13 12:26:05,632 [INFO] McuFinderGlobals:76 - Set McuFinderConnectedMode to true
2025-09-13 12:26:05,637 [INFO] ApiDb:448 - Save user favorites file C:\Users\leoar/.stm32cubeide/favorites.mcus.txt: 0 item(s)
2025-09-13 12:26:05,637 [INFO] ApiDb:452 - User favorites MCUs=[]
2025-09-13 12:26:05,851 [ERROR] AdobePublisher:162 - Exception while opening the connection: java.net.ConnectException: Connection refused: getsockopt
2025-09-13 12:27:39,754 [ERROR] AdobePublisher:162 - Exception while opening the connection: java.net.ConnectException: Connection refused: getsockopt
2025-09-13 12:27:41,800 [ERROR] AdobePublisher:162 - Exception while opening the connection: java.net.ConnectException: Connection refused: getsockopt
2025-09-13 12:27:43,842 [ERROR] AdobePublisher:162 - Exception while opening the connection: java.net.ConnectException: Connection refused: getsockopt
2025-09-13 12:27:45,879 [ERROR] AdobePublisher:162 - Exception while opening the connection: java.net.ConnectException: Connection refused: getsockopt
2025-09-13 12:27:47,915 [ERROR] AdobePublisher:162 - Exception while opening the connection: java.net.ConnectException: Connection refused: getsockopt
2025-09-13 12:27:48,547 [ERROR] LogOutputStream:75 - [STDERR_REDIRECT] 
2025-09-13 12:27:54,049 [INFO] Activator:176 - 


2025-09-13 12:27:54,051 [INFO] Activator:177 - !SESSION log4j initialized
2025-09-13 12:27:56,738 [INFO] LogOutputStream:77 - [STDOUT_REDIRECT] 
2025-09-13 12:27:59,599 [INFO] ApplicationProperties:184 - Using Application install path: G:\ST\STM32CubeIDE_1.19.0\STM32CubeIDE\plugins\com.st.stm32cube.common.mx_6.15.0.202507011659
2025-09-13 12:27:59,614 [INFO] DbMcusXml:78 - Set database path to: G:\ST\STM32CubeIDE_1.19.0\STM32CubeIDE\plugins\com.st.stm32cube.common.mx_6.15.0.202507011659\\db\/mcu/
2025-09-13 12:27:59,614 [INFO] ApiDb:274 - Set plugin database path to: G:\ST\STM32CubeIDE_1.19.0\STM32CubeIDE\plugins\com.st.stm32cube.common.mx_6.15.0.202507011659\\db\/plugins/boardmanager/
2025-09-13 12:27:59,614 [WARN] ApiDb:259 - Overriding images path with different value:  => G:\ST\STM32CubeIDE_1.19.0\STM32CubeIDE\plugins\com.st.stm32cube.common.mx_6.15.0.202507011659\\db\/plugins/mcufinder/images/
2025-09-13 12:27:59,620 [INFO] ApiDb:250 - Set database path to: C:\Users\leoar\.stmcufinder\plugins\mcufinder//mcu/
2025-09-13 12:27:59,622 [INFO] DbMcusAds:125 - Set database path to: C:\Users\leoar\.stmcufinder\plugins\mcufinder//mcu/
2025-09-13 12:27:59,623 [INFO] CrossReferenceDbSqlite:203 - Set database path to: C:\Users\leoar\.stmcufinder\plugins\mcufinder//mcu/cs/
2025-09-13 12:27:59,725 [INFO] RulesReader:64 - Compatibility file has been processed (317 Rules)
2025-09-13 12:27:59,798 [INFO] DbMcusXml:78 - Set database path to: G:\ST\STM32CubeIDE_1.19.0\STM32CubeIDE\plugins\com.st.stm32cube.common.mx_6.15.0.202507011659\\db\/mcu/
2025-09-13 12:27:59,798 [INFO] ApiDb:274 - Set plugin database path to: G:\ST\STM32CubeIDE_1.19.0\STM32CubeIDE\plugins\com.st.stm32cube.common.mx_6.15.0.202507011659\\db\/plugins/boardmanager/
2025-09-13 12:27:59,798 [INFO] ApiDb:261 - Set plugin images path to: G:\ST\STM32CubeIDE_1.19.0\STM32CubeIDE\plugins\com.st.stm32cube.common.mx_6.15.0.202507011659\\db\/plugins/mcufinder/images/
2025-09-13 12:27:59,799 [WARN] DbFile:41 - Overriding database path with different value: C:\Users\leoar\.stmcufinder\plugins\mcufinder/ => C:\Users\leoar\.stmcufinder\plugins\mcufinder
2025-09-13 12:27:59,799 [INFO] ApiDb:250 - Set database path to: C:\Users\leoar\.stmcufinder\plugins\mcufinder//mcu/
2025-09-13 12:27:59,799 [WARN] DbFile:41 - Overriding database path with different value: C:\Users\leoar\.stmcufinder\plugins\mcufinder/ => C:\Users\leoar\.stmcufinder\plugins\mcufinder
2025-09-13 12:27:59,799 [INFO] DbMcusAds:125 - Set database path to: C:\Users\leoar\.stmcufinder\plugins\mcufinder//mcu/
2025-09-13 12:27:59,799 [WARN] DbFile:41 - Overriding database path with different value: C:\Users\leoar\.stmcufinder\plugins\mcufinder/ => C:\Users\leoar\.stmcufinder\plugins\mcufinder
2025-09-13 12:27:59,799 [WARN] DbFile:41 - Overriding database path with different value: C:\Users\leoar\.stmcufinder\plugins\mcufinder/ => C:\Users\leoar\.stmcufinder\plugins\mcufinder
2025-09-13 12:27:59,799 [INFO] CrossReferenceDbSqlite:203 - Set database path to: C:\Users\leoar\.stmcufinder\plugins\mcufinder//mcu/cs/
2025-09-13 12:27:59,865 [INFO] MainPanel:274 - HeapMemory: 268435456
2025-09-13 12:27:59,941 [INFO] DbMcusXml:78 - Set database path to: G:\ST\STM32CubeIDE_1.19.0\STM32CubeIDE\plugins\com.st.stm32cube.common.mx_6.15.0.202507011659\\db\/mcu/
2025-09-13 12:27:59,942 [INFO] ApiDb:274 - Set plugin database path to: G:\ST\STM32CubeIDE_1.19.0\STM32CubeIDE\plugins\com.st.stm32cube.common.mx_6.15.0.202507011659\\db\/plugins/boardmanager/
2025-09-13 12:27:59,942 [INFO] ApiDb:261 - Set plugin images path to: G:\ST\STM32CubeIDE_1.19.0\STM32CubeIDE\plugins\com.st.stm32cube.common.mx_6.15.0.202507011659\\db\/plugins/mcufinder/images/
2025-09-13 12:27:59,942 [WARN] DbFile:41 - Overriding database path with different value: C:\Users\leoar\.stmcufinder\plugins\mcufinder/ => C:\Users\leoar\.stmcufinder\plugins\mcufinder
2025-09-13 12:27:59,942 [INFO] ApiDb:250 - Set database path to: C:\Users\leoar\.stmcufinder\plugins\mcufinder//mcu/
2025-09-13 12:27:59,942 [WARN] DbFile:41 - Overriding database path with different value: C:\Users\leoar\.stmcufinder\plugins\mcufinder/ => C:\Users\leoar\.stmcufinder\plugins\mcufinder
2025-09-13 12:27:59,942 [INFO] DbMcusAds:125 - Set database path to: C:\Users\leoar\.stmcufinder\plugins\mcufinder//mcu/
2025-09-13 12:27:59,942 [WARN] DbFile:41 - Overriding database path with different value: C:\Users\leoar\.stmcufinder\plugins\mcufinder/ => C:\Users\leoar\.stmcufinder\plugins\mcufinder
2025-09-13 12:27:59,943 [WARN] DbFile:41 - Overriding database path with different value: C:\Users\leoar\.stmcufinder\plugins\mcufinder/ => C:\Users\leoar\.stmcufinder\plugins\mcufinder
2025-09-13 12:27:59,943 [INFO] CrossReferenceDbSqlite:203 - Set database path to: C:\Users\leoar\.stmcufinder\plugins\mcufinder//mcu/cs/
2025-09-13 12:27:59,959 [INFO] ApplicationProperties:184 - Using Application install path: G:\ST\STM32CubeIDE_1.19.0\STM32CubeIDE\plugins\com.st.stm32cube.common.mx_6.15.0.202507011659
2025-09-13 12:27:59,961 [INFO] PluginManage:196 - Search for loadable plugins [exclusion list=, ]
2025-09-13 12:27:59,962 [INFO] PluginManage:310 - Check plugin analytics
2025-09-13 12:28:00,136 [INFO] AnalyticsPlugin:253 - Accepted Software Licenses: 
2025-09-13 12:28:00,136 [INFO] AnalyticsPlugin:255 - Accepted CMSIS Pack Licenses: 
2025-09-13 12:28:00,137 [INFO] AnalyticsPlugin:257 - Accepted Firmware Licenses: 
2025-09-13 12:28:00,140 [INFO] PluginManage:359 - Loaded plugin analytics (category:tool,tabindex:-1)
2025-09-13 12:28:00,140 [INFO] PluginManage:310 - Check plugin cadmodel
2025-09-13 12:28:00,143 [INFO] CADModel:105 - Init CAD model plugin
2025-09-13 12:28:00,143 [INFO] PluginManage:359 - Loaded plugin cadmodel (category:power,tabindex:5)
2025-09-13 12:28:00,144 [INFO] PluginManage:310 - Check plugin clock
2025-09-13 12:28:00,152 [INFO] PluginManage:359 - Loaded plugin clock (category:base,tabindex:2)
2025-09-13 12:28:00,153 [INFO] PluginManage:310 - Check plugin ddr
2025-09-13 12:28:00,154 [INFO] PluginManage:359 - Loaded plugin ddr (category:tool,tabindex:6)
2025-09-13 12:28:00,155 [INFO] PluginManage:310 - Check plugin filemanager
2025-09-13 12:28:00,329 [INFO] PluginManage:359 - Loaded plugin filemanager (category:base,tabindex:10)
2025-09-13 12:28:00,329 [INFO] PluginManage:310 - Check plugin ipmanager
2025-09-13 12:28:00,336 [INFO] PluginManage:359 - Loaded plugin ipmanager (category:base,tabindex:5)
2025-09-13 12:28:00,336 [INFO] PluginManage:310 - Check plugin lpbam
2025-09-13 12:28:00,344 [INFO] PluginManage:359 - Loaded plugin lpbam (category:base,tabindex:0)
2025-09-13 12:28:00,344 [INFO] PluginManage:310 - Check plugin memorymap
2025-09-13 12:28:00,353 [INFO] PluginManage:359 - Loaded plugin memorymap (category:base,tabindex:4)
2025-09-13 12:28:00,353 [INFO] PluginManage:310 - Check plugin pinoutandconfiguration
2025-09-13 12:28:00,359 [INFO] PluginManage:359 - Loaded plugin pinoutandconfiguration (category:base,tabindex:1)
2025-09-13 12:28:00,359 [INFO] PluginManage:310 - Check plugin pinoutconfig
2025-09-13 12:28:00,437 [WARN] SupportedApi:132 - Cannot load RTOS API schema: s4s-elt-must-match.1: The content of 'definitions' must match (annotation?, (simpleType | complexType)?, (unique | key | keyref)*)). A problem was found starting at: attribute.
2025-09-13 12:28:00,548 [INFO] PluginManage:359 - Loaded plugin pinoutconfig (category:base,tabindex:0)
2025-09-13 12:28:00,548 [INFO] PluginManage:310 - Check plugin power
2025-09-13 12:28:00,555 [INFO] PluginManage:359 - Loaded plugin power (category:power,tabindex:4)
2025-09-13 12:28:00,555 [INFO] PluginManage:310 - Check plugin projectmanager
2025-09-13 12:28:00,571 [INFO] PluginManage:359 - Loaded plugin projectmanager (category:projectmanager,tabindex:4)
2025-09-13 12:28:00,571 [INFO] PluginManage:310 - Check plugin rif
2025-09-13 12:28:00,579 [INFO] PluginManage:359 - Loaded plugin rif (category:base,tabindex:3)
2025-09-13 12:28:00,579 [INFO] PluginManage:310 - Check plugin thirdparty
2025-09-13 12:28:00,699 [INFO] PluginManage:359 - Loaded plugin thirdparty (category:base,tabindex:-1)
2025-09-13 12:28:00,699 [INFO] PluginManage:310 - Check plugin tools
2025-09-13 12:28:00,699 [WARN] IntegrityCheckThread:84 - waiting for thirdparty lock release [integrity check]
2025-09-13 12:28:00,700 [INFO] IntegrityCheckThread:86 - entering critical section [integrity check]
2025-09-13 12:28:00,700 [INFO] ThirdPartyUpdaterWithRetryManager:70 - Updater plugin not ready yet. [1/15]
2025-09-13 12:28:00,702 [INFO] PluginManage:359 - Loaded plugin tools (category:base,tabindex:7)
2025-09-13 12:28:00,702 [INFO] PluginManage:310 - Check plugin tutovideos
2025-09-13 12:28:00,881 [INFO] PluginManage:359 - Loaded plugin tutovideos (category:base,tabindex:-1)
2025-09-13 12:28:00,882 [INFO] PluginManage:310 - Check plugin updater
2025-09-13 12:28:00,904 [INFO] PluginManage:359 - Loaded plugin updater (category:base,tabindex:12)
2025-09-13 12:28:00,904 [INFO] PluginManage:310 - Check plugin userauth
2025-09-13 12:28:00,907 [INFO] UserAuth:118 - Init User Auth plugin
2025-09-13 12:28:00,908 [INFO] PluginManage:359 - Loaded plugin userauth (category:base,tabindex:14)
2025-09-13 12:28:00,908 [INFO] PluginManage:283 - PluginManage : Loaded plugins [18]
2025-09-13 12:28:01,103 [INFO] PinOutPanel:1589 - setPackage(No Configuration,No Configuration)
2025-09-13 12:28:01,179 [INFO] CADModel:165 - CPN selected for project level
2025-09-13 12:28:01,179 [INFO] CADModel:114 - Register for checkConnection events
2025-09-13 12:28:01,191 [INFO] IPUIPlugin:80 - create IPUIPlugin
2025-09-13 12:28:01,191 [INFO] PluginManager:220 - loadIPPluginJar : add adc
2025-09-13 12:28:01,193 [INFO] IPUIPlugin:80 - create IPUIPlugin
2025-09-13 12:28:01,193 [INFO] PluginManager:220 - loadIPPluginJar : add aes
2025-09-13 12:28:01,195 [INFO] IPUIPlugin:80 - create IPUIPlugin
2025-09-13 12:28:01,195 [INFO] PluginManager:220 - loadIPPluginJar : add can
2025-09-13 12:28:01,196 [INFO] IPUIPlugin:80 - create IPUIPlugin
2025-09-13 12:28:01,197 [INFO] PluginManager:220 - loadIPPluginJar : add comp
2025-09-13 12:28:01,198 [INFO] IPUIPlugin:80 - create IPUIPlugin
2025-09-13 12:28:01,198 [INFO] PluginManager:220 - loadIPPluginJar : add cryp
2025-09-13 12:28:01,200 [INFO] IPUIPlugin:80 - create IPUIPlugin
2025-09-13 12:28:01,200 [INFO] PluginManager:220 - loadIPPluginJar : add ddr_ctrl_phy
2025-09-13 12:28:01,202 [INFO] IPUIPlugin:80 - create IPUIPlugin
2025-09-13 12:28:01,202 [INFO] PluginManager:220 - loadIPPluginJar : add dfsdm
2025-09-13 12:28:01,206 [INFO] IPUIPlugin:80 - create IPUIPlugin
2025-09-13 12:28:01,207 [INFO] PluginManager:220 - loadIPPluginJar : add dma
2025-09-13 12:28:01,209 [INFO] IPUIPlugin:80 - create IPUIPlugin
2025-09-13 12:28:01,209 [INFO] PluginManager:220 - loadIPPluginJar : add dma3
2025-09-13 12:28:01,211 [INFO] IPUIPlugin:80 - create IPUIPlugin
2025-09-13 12:28:01,211 [INFO] PluginManager:220 - loadIPPluginJar : add extmemmanager
2025-09-13 12:28:01,212 [INFO] IPUIPlugin:80 - create IPUIPlugin
2025-09-13 12:28:01,212 [INFO] PluginManager:220 - loadIPPluginJar : add fatfs
2025-09-13 12:28:01,215 [INFO] IPUIPlugin:80 - create IPUIPlugin
2025-09-13 12:28:01,215 [INFO] PluginManager:220 - loadIPPluginJar : add fmc
2025-09-13 12:28:01,219 [INFO] IPUIPlugin:80 - create IPUIPlugin
2025-09-13 12:28:01,219 [INFO] PluginManager:220 - loadIPPluginJar : add freertos
2025-09-13 12:28:01,221 [INFO] IPUIPlugin:80 - create IPUIPlugin
2025-09-13 12:28:01,221 [INFO] PluginManager:220 - loadIPPluginJar : add genericplugin
2025-09-13 12:28:01,222 [INFO] IPUIPlugin:80 - create IPUIPlugin
2025-09-13 12:28:01,222 [INFO] PluginManager:220 - loadIPPluginJar : add gfxmmu
2025-09-13 12:28:01,226 [INFO] IPUIPlugin:80 - create IPUIPlugin
2025-09-13 12:28:01,226 [INFO] PluginManager:220 - loadIPPluginJar : add gic
2025-09-13 12:28:01,228 [INFO] IPUIPlugin:80 - create IPUIPlugin
2025-09-13 12:28:01,229 [INFO] PluginManager:220 - loadIPPluginJar : add gpio
2025-09-13 12:28:01,230 [INFO] IPUIPlugin:80 - create IPUIPlugin
2025-09-13 12:28:01,230 [INFO] PluginManager:220 - loadIPPluginJar : add gtzc
2025-09-13 12:28:01,233 [INFO] IPUIPlugin:80 - create IPUIPlugin
2025-09-13 12:28:01,233 [INFO] PluginManager:220 - loadIPPluginJar : add hash
2025-09-13 12:28:01,235 [INFO] IPUIPlugin:80 - create IPUIPlugin
2025-09-13 12:28:01,235 [INFO] PluginManager:220 - loadIPPluginJar : add i2c
2025-09-13 12:28:01,237 [INFO] IPUIPlugin:80 - create IPUIPlugin
2025-09-13 12:28:01,237 [INFO] PluginManager:220 - loadIPPluginJar : add i2s
2025-09-13 12:28:01,239 [INFO] IPUIPlugin:80 - create IPUIPlugin
2025-09-13 12:28:01,239 [INFO] PluginManager:220 - loadIPPluginJar : add i3c
2025-09-13 12:28:01,242 [INFO] IPUIPlugin:80 - create IPUIPlugin
2025-09-13 12:28:01,242 [INFO] PluginManager:220 - loadIPPluginJar : add ipddr
2025-09-13 12:28:01,247 [INFO] IPUIPlugin:80 - create IPUIPlugin
2025-09-13 12:28:01,247 [INFO] PluginManager:220 - loadIPPluginJar : add linkedlist
2025-09-13 12:28:01,249 [INFO] IPUIPlugin:80 - create IPUIPlugin
2025-09-13 12:28:01,249 [INFO] PluginManager:220 - loadIPPluginJar : add lorawan
2025-09-13 12:28:01,250 [INFO] IPUIPlugin:80 - create IPUIPlugin
2025-09-13 12:28:01,250 [INFO] PluginManager:220 - loadIPPluginJar : add ltdc
2025-09-13 12:28:01,254 [INFO] IPUIPlugin:80 - create IPUIPlugin
2025-09-13 12:28:01,254 [INFO] PluginManager:220 - loadIPPluginJar : add mdma
2025-09-13 12:28:01,256 [INFO] IPUIPlugin:80 - create IPUIPlugin
2025-09-13 12:28:01,257 [INFO] PluginManager:220 - loadIPPluginJar : add nvic
2025-09-13 12:28:01,259 [INFO] IPUIPlugin:80 - create IPUIPlugin
2025-09-13 12:28:01,259 [INFO] PluginManager:220 - loadIPPluginJar : add opamp
2025-09-13 12:28:01,261 [INFO] IPUIPlugin:80 - create IPUIPlugin
2025-09-13 12:28:01,261 [INFO] PluginManager:220 - loadIPPluginJar : add openamp
2025-09-13 12:28:01,263 [INFO] IPUIPlugin:80 - create IPUIPlugin
2025-09-13 12:28:01,263 [INFO] PluginManager:220 - loadIPPluginJar : add pdm2pcm
2025-09-13 12:28:01,267 [INFO] IPUIPlugin:80 - create IPUIPlugin
2025-09-13 12:28:01,270 [INFO] PluginManager:220 - loadIPPluginJar : add plateformsettings
2025-09-13 12:28:01,271 [INFO] IPUIPlugin:80 - create IPUIPlugin
2025-09-13 12:28:01,271 [INFO] PluginManager:220 - loadIPPluginJar : add quadspi
2025-09-13 12:28:01,272 [INFO] IPUIPlugin:80 - create IPUIPlugin
2025-09-13 12:28:01,272 [INFO] PluginManager:220 - loadIPPluginJar : add radio
2025-09-13 12:28:01,276 [INFO] IPUIPlugin:80 - create IPUIPlugin
2025-09-13 12:28:01,276 [INFO] PluginManager:220 - loadIPPluginJar : add resmgrutility
2025-09-13 12:28:01,278 [INFO] IPUIPlugin:80 - create IPUIPlugin
2025-09-13 12:28:01,278 [INFO] PluginManager:220 - loadIPPluginJar : add sai
2025-09-13 12:28:01,280 [INFO] IPUIPlugin:80 - create IPUIPlugin
2025-09-13 12:28:01,280 [INFO] PluginManager:220 - loadIPPluginJar : add spi
2025-09-13 12:28:01,285 [INFO] IPUIPlugin:80 - create IPUIPlugin
2025-09-13 12:28:01,285 [INFO] PluginManager:220 - loadIPPluginJar : add stm32_wpan
2025-09-13 12:28:01,286 [INFO] IPUIPlugin:80 - create IPUIPlugin
2025-09-13 12:28:01,286 [INFO] PluginManager:220 - loadIPPluginJar : add tim
2025-09-13 12:28:01,289 [INFO] IPUIPlugin:80 - create IPUIPlugin
2025-09-13 12:28:01,289 [INFO] PluginManager:220 - loadIPPluginJar : add touchsensing
2025-09-13 12:28:01,290 [INFO] IPUIPlugin:80 - create IPUIPlugin
2025-09-13 12:28:01,291 [INFO] PluginManager:220 - loadIPPluginJar : add tracer_emb
2025-09-13 12:28:01,292 [INFO] IPUIPlugin:80 - create IPUIPlugin
2025-09-13 12:28:01,292 [INFO] PluginManager:220 - loadIPPluginJar : add ts
2025-09-13 12:28:01,294 [INFO] IPUIPlugin:80 - create IPUIPlugin
2025-09-13 12:28:01,294 [INFO] PluginManager:220 - loadIPPluginJar : add tsc
2025-09-13 12:28:01,295 [INFO] IPUIPlugin:80 - create IPUIPlugin
2025-09-13 12:28:01,296 [INFO] PluginManager:220 - loadIPPluginJar : add ucpd
2025-09-13 12:28:01,297 [INFO] IPUIPlugin:80 - create IPUIPlugin
2025-09-13 12:28:01,297 [INFO] PluginManager:220 - loadIPPluginJar : add usart
2025-09-13 12:28:01,300 [INFO] IPUIPlugin:80 - create IPUIPlugin
2025-09-13 12:28:01,300 [INFO] PluginManager:220 - loadIPPluginJar : add usbx
2025-09-13 12:28:01,426 [FATAL] Updater:351 - Updater called before beeing initialized
2025-09-13 12:28:01,449 [INFO] RulesReader:64 - Compatibility file has been processed (317 Rules)
2025-09-13 12:28:01,460 [INFO] RulesReader:64 - Compatibility file has been processed (317 Rules)
2025-09-13 12:28:01,468 [INFO] CADModel:165 - CPN selected for project level
2025-09-13 12:28:01,468 [INFO] CADModel:114 - Register for checkConnection events
2025-09-13 12:28:01,468 [FATAL] Updater:351 - Updater called before beeing initialized
2025-09-13 12:28:01,469 [ERROR] CADModel:125 - Updater not yet initialized, retry later 
2025-09-13 12:28:01,614 [FATAL] Updater:351 - Updater called before beeing initialized
2025-09-13 12:28:01,615 [INFO] CADModel:165 - CPN selected for project level
2025-09-13 12:28:01,615 [INFO] CADModel:114 - Register for checkConnection events
2025-09-13 12:28:01,615 [FATAL] Updater:351 - Updater called before beeing initialized
2025-09-13 12:28:01,615 [ERROR] CADModel:125 - Updater not yet initialized, retry later 
2025-09-13 12:28:01,619 [FATAL] Updater:351 - Updater called before beeing initialized
2025-09-13 12:28:01,725 [FATAL] Updater:351 - Updater called before beeing initialized
2025-09-13 12:28:01,729 [INFO] DbMcusAds:53 - JSON generation date=Tue Jul 08 10:14:23 CEST 2025 (1751962463582)
2025-09-13 12:28:01,729 [FATAL] Updater:351 - Updater called before beeing initialized
2025-09-13 12:28:01,763 [WARN] DetailPanel:346 - Failed to get advertising image, set to default
2025-09-13 12:28:01,857 [FATAL] Updater:351 - Updater called before beeing initialized
2025-09-13 12:28:01,858 [FATAL] Updater:351 - Updater called before beeing initialized
2025-09-13 12:28:01,858 [FATAL] Updater:351 - Updater called before beeing initialized
2025-09-13 12:28:01,859 [WARN] DetailPanel:346 - Failed to get advertising image, set to default
2025-09-13 12:28:01,860 [FATAL] Updater:351 - Updater called before beeing initialized
2025-09-13 12:28:01,906 [ERROR] Updater:1198 - MainUpdater not yet initialized. External WinMGr cannot be set.
2025-09-13 12:28:01,908 [INFO] Updater:1134 - Updater Version found : 6.15.0
2025-09-13 12:28:01,923 [INFO] ApplicationProperties:184 - Using Application install path: G:\ST\STM32CubeIDE_1.19.0\STM32CubeIDE\plugins\com.st.stm32cube.common.mx_6.15.0.202507011659
2025-09-13 12:28:03,492 [ERROR] LogOutputStream:75 - [STDERR_REDIRECT] Sep 13, 2025 12:28:03 PM java.util.prefs.WindowsPreferences <init>
2025-09-13 12:28:03,493 [ERROR] LogOutputStream:75 - [STDERR_REDIRECT] WARNING: Could not open/create prefs root node Software\JavaSoft\Prefs at root 0xffffffff80000002. Windows RegCreateKeyEx(...) returned error code 5.
2025-09-13 12:28:03,493 [ERROR] LogOutputStream:75 - [STDERR_REDIRECT] 
2025-09-13 12:28:03,701 [INFO] ThirdPartyUpdaterWithRetryManager:70 - Updater plugin not ready yet. [2/15]
2025-09-13 12:28:03,734 [INFO] MainUpdater:2872 - connection check result : 10
2025-09-13 12:28:03,735 [INFO] MainUpdater:289 - Updater Check For Update Now.
2025-09-13 12:28:03,735 [INFO] MicroXplorer:498 - Change Database Version : DB.6.0.150
2025-09-13 12:28:03,740 [INFO] McuFinderGlobals:63 - Set McuFinder mode to 2 (CubeIDE integrated)
2025-09-13 12:28:03,740 [INFO] UserAuth:171 - activating auth plugin
2025-09-13 12:28:03,743 [INFO] UserAuth:487 - Internet connection configuration mode: 1
2025-09-13 12:28:03,765 [INFO] JxBrowserEngine:152 - Initiate JxBrowser Engine with user profile folder
2025-09-13 12:28:03,934 [INFO] CheckServerUpdateThread:120 - End of CheckServer Thread
2025-09-13 12:28:04,441 [INFO] WebApp:169 - Instantiating new browser for Auth
2025-09-13 12:28:04,986 [INFO] WebApp:463 - Apply proxy settings
2025-09-13 12:28:04,986 [INFO] WebApp:548 - Chromium requires no authentication
2025-09-13 12:28:04,993 [INFO] WebApp:491 - Direct internet connection detected
2025-09-13 12:28:05,012 [INFO] WebApp:900 - Register for checkConnection events
2025-09-13 12:28:05,013 [INFO] WebApp:463 - Apply proxy settings
2025-09-13 12:28:05,013 [INFO] WebApp:548 - Chromium requires no authentication
2025-09-13 12:28:05,013 [INFO] WebApp:491 - Direct internet connection detected
2025-09-13 12:28:05,147 [INFO] WebApp:225 - Starting web application
2025-09-13 12:28:05,147 [INFO] WebApp:593 - Web application path used G:\ST\STM32CubeIDE_1.19.0\STM32CubeIDE\plugins\com.st.stm32cube.common.mx_6.15.0.202507011659\db\plugins\mcufinder\reactClient1\index.html
2025-09-13 12:28:05,497 [INFO] WebApp:191 - Connection restablished
2025-09-13 12:28:06,921 [WARN] PackLoader:240 - Cannot read IP mode file for STMicroelectronics.FP-SNS-MOTENVWB1.1.4.0
2025-09-13 12:28:06,930 [WARN] PackLoader:240 - Cannot read IP mode file for STMicroelectronics.FP-ATR-ASTRA1.2.0.2
2025-09-13 12:28:06,938 [WARN] PackLoader:240 - Cannot read IP mode file for STMicroelectronics.X-CUBE-SMBUS.2.1.0
2025-09-13 12:28:06,945 [WARN] PackLoader:240 - Cannot read IP mode file for STMicroelectronics.X-CUBE-ST60.1.0.0
2025-09-13 12:28:06,973 [WARN] PackLoader:240 - Cannot read IP mode file for STMicroelectronics.X-CUBE-AZRTOS-F7.1.1.0
2025-09-13 12:28:06,990 [WARN] PackLoader:240 - Cannot read IP mode file for WES.I-CUBE-Cesium.1.4.0
2025-09-13 12:28:07,018 [WARN] PackLoader:240 - Cannot read IP mode file for Infineon.AIROC-Wi-Fi-Bluetooth-STM32.1.7.1
2025-09-13 12:28:07,056 [WARN] PackLoader:240 - Cannot read IP mode file for STMicroelectronics.X-CUBE-AZRTOS-H7.3.4.0
2025-09-13 12:28:07,068 [WARN] PackLoader:240 - Cannot read IP mode file for STMicroelectronics.X-CUBE-DISPLAY.3.0.0
2025-09-13 12:28:07,087 [WARN] PackLoader:240 - Cannot read IP mode file for STMicroelectronics.X-CUBE-NFC10.1.0.0
2025-09-13 12:28:07,097 [WARN] PackLoader:240 - Cannot read IP mode file for emotas.I-CUBE-CANOPEN.1.3.0
2025-09-13 12:28:07,111 [WARN] PackLoader:240 - Cannot read IP mode file for STMicroelectronics.FP-SNS-STBOX1.2.1.0
2025-09-13 12:28:07,117 [WARN] PackLoader:240 - Cannot read IP mode file for STMicroelectronics.FP-SNS-SMARTAG2.1.2.0
2025-09-13 12:28:07,119 [INFO] McuFinderGlobals:63 - Set McuFinder mode to 2 (CubeIDE integrated)
2025-09-13 12:28:07,120 [WARN] PackLoader:240 - Cannot read IP mode file for STMicroelectronics.FP-SNS-FLIGHT1.5.1.0
2025-09-13 12:28:07,124 [INFO] MainUpdater:2872 - connection check result : 10
2025-09-13 12:28:07,139 [INFO] LogOutputStream:77 - [STDOUT_REDIRECT] 1 : Invalid condition id : UX_CORESTACK_Condition cause : null
2025-09-13 12:28:07,141 [INFO] LogOutputStream:77 - [STDOUT_REDIRECT] 1 : Invalid condition id : UX_CORESTACK_Condition cause : null
2025-09-13 12:28:07,143 [INFO] LogOutputStream:77 - [STDOUT_REDIRECT] 1 : Invalid condition id : UX_CORESTACK_Condition cause : null
2025-09-13 12:28:07,144 [INFO] LogOutputStream:77 - [STDOUT_REDIRECT] 1 : Invalid condition id : UX_CORESTACK_Condition cause : null
2025-09-13 12:28:07,146 [INFO] LogOutputStream:77 - [STDOUT_REDIRECT] 1 : Invalid condition id : UX_CORESTACK_Condition cause : null
2025-09-13 12:28:07,149 [WARN] PackLoader:240 - Cannot read IP mode file for STMicroelectronics.X-CUBE-AZRTOS-WL.2.0.0
2025-09-13 12:28:07,157 [WARN] PackLoader:240 - Cannot read IP mode file for STMicroelectronics.FP-SNS-MOTENV1.5.0.0
2025-09-13 12:28:07,166 [WARN] PackLoader:240 - Cannot read IP mode file for STMicroelectronics.X-CUBE-BLE2.3.3.0
2025-09-13 12:28:07,174 [WARN] PackLoader:240 - Cannot read IP mode file for STMicroelectronics.X-CUBE-NFC9.1.0.0
2025-09-13 12:28:07,181 [WARN] PackLoader:240 - Cannot read IP mode file for wolfSSL.I-CUBE-wolfSSL.5.8.2
2025-09-13 12:28:07,187 [WARN] PackLoader:240 - Cannot read IP mode file for STMicroelectronics.X-CUBE-BLE1.7.1.0
2025-09-13 12:28:07,193 [WARN] PackLoader:240 - Cannot read IP mode file for wolfSSL.I-CUBE-wolfMQTT.1.19.2
2025-09-13 12:28:07,200 [WARN] PackLoader:240 - Cannot read IP mode file for STMicroelectronics.X-CUBE-EEPRMA1.5.2.0
2025-09-13 12:28:07,219 [WARN] PackLoader:240 - Cannot read IP mode file for STMicroelectronics.X-CUBE-AZRTOS-G0.1.1.0
2025-09-13 12:28:07,229 [WARN] PackLoader:240 - Cannot read IP mode file for STMicroelectronics.X-CUBE-SAFEA1.1.2.2
2025-09-13 12:28:07,235 [WARN] PackLoader:240 - Cannot read IP mode file for STMicroelectronics.X-CUBE-NFC4.3.0.0
2025-09-13 12:28:07,244 [WARN] PackLoader:240 - Cannot read IP mode file for EmbeddedOffice.I-CUBE-FS-RTOS.1.0.1
2025-09-13 12:28:07,252 [WARN] PackLoader:240 - Cannot read IP mode file for STMicroelectronics.X-CUBE-WB05N.2.0.0
2025-09-13 12:28:07,258 [WARN] PackLoader:240 - Cannot read IP mode file for wolfSSL.I-CUBE-wolfTPM.3.8.0
2025-09-13 12:28:07,266 [WARN] PackLoader:240 - Cannot read IP mode file for STMicroelectronics.X-CUBE-TCPP.4.2.0
2025-09-13 12:28:07,273 [WARN] PackLoader:240 - Cannot read IP mode file for RealThread.X-CUBE-RT-Thread_Nano.4.1.1
2025-09-13 12:28:07,278 [WARN] PackLoader:240 - Cannot read IP mode file for STMicroelectronics.FP-ATR-SIGFOX1.3.2.0
2025-09-13 12:28:07,287 [WARN] PackLoader:240 - Cannot read IP mode file for ITTIA_DB.I-CUBE-ITTIADB.8.9.0
2025-09-13 12:28:07,296 [WARN] PackLoader:240 - Cannot read IP mode file for STMicroelectronics.X-CUBE-ST67W61.1.0.0
2025-09-13 12:28:07,302 [WARN] PackLoader:240 - Cannot read IP mode file for STMicroelectronics.X-CUBE-AI.10.2.0
2025-09-13 12:28:07,323 [WARN] PackLoader:240 - Cannot read IP mode file for SEGGER.I-CUBE-embOS.1.3.1
2025-09-13 12:28:07,364 [WARN] PackLoader:240 - Cannot read IP mode file for STMicroelectronics.X-CUBE-ALGOBUILD.1.4.0
2025-09-13 12:28:07,426 [WARN] PackLoader:240 - Cannot read IP mode file for STMicroelectronics.X-CUBE-MEMS1.11.3.0
2025-09-13 12:28:07,579 [WARN] PackLoader:240 - Cannot read IP mode file for STMicroelectronics.X-CUBE-PM33A1.1.0.0
2025-09-13 12:28:07,593 [WARN] PackLoader:240 - Cannot read IP mode file for STMicroelectronics.X-CUBE-AZRTOS-F4.1.1.0
2025-09-13 12:28:07,599 [WARN] PackLoader:240 - Cannot read IP mode file for Avnet-IotConnect.X-CUBE-IoTC-DA16k-PMOD.1.0.0
2025-09-13 12:28:07,602 [WARN] PackLoader:240 - Cannot read IP mode file for STMicroelectronics.X-CUBE-ISPU.2.1.0
2025-09-13 12:28:07,610 [WARN] PackLoader:240 - Cannot read IP mode file for STMicroelectronics.X-CUBE-NFC12.1.0.0
2025-09-13 12:28:07,612 [INFO] ApiDb:581 - Connected to CubeFinder SQLite database (C:\Users\leoar\.stmcufinder\plugins\mcufinder\mcu\cube-finder-db.db)
2025-09-13 12:28:07,622 [WARN] PackLoader:240 - Cannot read IP mode file for STMicroelectronics.X-CUBE-AZRTOS-L5.2.0.0
2025-09-13 12:28:07,633 [WARN] PackLoader:240 - Cannot read IP mode file for STMicroelectronics.X-CUBE-NFC6.3.1.0
2025-09-13 12:28:07,642 [WARN] PackLoader:240 - Cannot read IP mode file for STMicroelectronics.X-CUBE-FREERTOS.1.3.1
2025-09-13 12:28:07,649 [WARN] PackLoader:240 - Cannot read IP mode file for STMicroelectronics.FP-SNS-STAIOTCFT.1.0.0
2025-09-13 12:28:07,655 [WARN] PackLoader:240 - Cannot read IP mode file for STMicroelectronics.X-CUBE-DPower.1.3.0
2025-09-13 12:28:07,679 [WARN] ConditionMgr:438 - getConditionDescription Invalid condition id : LAN8742 Phy interface Condition cause : null
2025-09-13 12:28:07,680 [WARN] PackLoader:240 - Cannot read IP mode file for STMicroelectronics.X-CUBE-AZRTOS-L4.2.0.0
2025-09-13 12:28:07,681 [WARN] ConditionMgr:1044 - genDependencies : Invalid condition id : LAN8742 Phy interface Condition cause : null
2025-09-13 12:28:07,682 [WARN] ConditionMgr:1044 - genDependencies : Invalid condition id : LAN8742 Phy interface Condition cause : null
2025-09-13 12:28:07,682 [WARN] ConditionMgr:1044 - genDependencies : Invalid condition id : LAN8742 Phy interface Condition cause : null
2025-09-13 12:28:07,691 [WARN] PackLoader:240 - Cannot read IP mode file for STMicroelectronics.X-CUBE-SFXS2LP1.4.0.0
2025-09-13 12:28:07,703 [WARN] PackLoader:240 - Cannot read IP mode file for STMicroelectronics.X-CUBE-BLEMGR.4.1.0
2025-09-13 12:28:07,718 [WARN] ConditionMgr:438 - getConditionDescription Invalid condition id : UX DEVICE CLASS RTOS Condition cause : null
2025-09-13 12:28:07,718 [WARN] ConditionMgr:438 - getConditionDescription Invalid condition id : UX DEVICE CLASS RTOS Condition cause : null
2025-09-13 12:28:07,721 [WARN] PackLoader:240 - Cannot read IP mode file for STMicroelectronics.X-CUBE-AZRTOS-WB.2.0.0
2025-09-13 12:28:07,721 [WARN] ConditionMgr:1044 - genDependencies : Invalid condition id : UX DEVICE CLASS RTOS Condition cause : null
2025-09-13 12:28:07,721 [WARN] ConditionMgr:1044 - genDependencies : Invalid condition id : UX DEVICE CLASS RTOS Condition cause : null
2025-09-13 12:28:07,722 [WARN] ConditionMgr:1044 - genDependencies : Invalid condition id : UX DEVICE CLASS RTOS Condition cause : null
2025-09-13 12:28:07,722 [WARN] ConditionMgr:1044 - genDependencies : Invalid condition id : UX DEVICE CLASS RTOS Condition cause : null
2025-09-13 12:28:07,722 [WARN] ConditionMgr:1044 - genDependencies : Invalid condition id : UX DEVICE CLASS RTOS Condition cause : null
2025-09-13 12:28:07,730 [WARN] PackLoader:240 - Cannot read IP mode file for STMicroelectronics.X-CUBE-GNSS1.7.0.1
2025-09-13 12:28:07,738 [WARN] PackLoader:240 - Cannot read IP mode file for STMicroelectronics.X-CUBE-TOUCHGFX.4.25.0
2025-09-13 12:28:07,743 [WARN] ConditionMgr:438 - getConditionDescription Invalid condition id : Cortex-A Device cause : null
2025-09-13 12:28:07,743 [INFO] ApiDb:668 - CubeFinder database Data Model version=2.1
2025-09-13 12:28:07,744 [INFO] ApiDb:669 - CubeFinder database Configuration version=3.0.39
2025-09-13 12:28:07,744 [INFO] ApiDb:670 - CubeFinder database generation date=2025-08-25 (1756130511)
2025-09-13 12:28:07,744 [INFO] ApiDb:671 - CubeFinder database FW Pack versions=[FP-ATR-ASTRA1_V2.0.0, FP-SNS-FLIGHT1_V5.1.0, FP-SNS-MOTENV1_V5.0.0, FP-SNS-MOTENVWB1_V1.4.0, FP-SNS-SMARTAG2_V1.2.0, FP-SNS-STBOX1_V2.1.0, STM32Cube_FW_C0_V1.4.0, STM32Cube_FW_F4_V1.28.3, STM32Cube_FW_F7_V1.17.4, STM32Cube_FW_G0_V1.6.2, STM32Cube_FW_G4_V1.6.1, STM32Cube_FW_H5_V1.5.0, STM32Cube_FW_H7RS_V1.2.0, STM32Cube_FW_H7_V1.12.1, STM32Cube_FW_L0_V1.12.2, STM32Cube_FW_L4_V1.18.1, STM32Cube_FW_L5_V1.5.1, STM32Cube_FW_N6_V1.2.0, STM32Cube_FW_U0_V1.3.0, STM32Cube_FW_U3_V1.2.0, STM32Cube_FW_U5_V1.8.0, STM32Cube_FW_WB0_V1.3.0, STM32Cube_FW_WBA_V1.7.0, STM32Cube_FW_WB_V1.23.0, STM32Cube_FW_WL3_V1.2.0, STM32Cube_FW_WL_V1.3.1, X-CUBE-ALGOBUILD_V1.4.0, X-CUBE-ALS_V1.0.2, X-CUBE-AZRTOS-F4_V1.1.0, X-CUBE-AZRTOS-F7_V1.1.0, X-CUBE-AZRTOS-G0_V1.1.0, X-CUBE-AZRTOS-G4_V2.0.0, X-CUBE-AZRTOS-H7RS_V1.1.0, X-CUBE-AZRTOS-H7_V3.4.0, X-CUBE-AZRTOS-L4_V2.0.0, X-CUBE-AZRTOS-L5_V2.0.0, X-CUBE-AZRTOS-WB_V2.0.0, X-CUBE-AZRTOS-WL_V2.0.0, X-CUBE-BLE1_V7.1.0, X-CUBE-BLE2_V3.3.0, X-CUBE-BLEMGR_V4.1.0, X-CUBE-EEPRMA1_V5.2.0, X-CUBE-FREERTOS_V1.3.1, X-CUBE-GNSS1_V6.0.0, X-CUBE-MEMS1_V11.3.0, X-CUBE-NFC4_V3.0.0, X-CUBE-NFC7_V2.0.0, X-CUBE-SFXS2LP1_V4.0.0, X-CUBE-ST67W61_V1.0.0, X-CUBE-SUBG2_V5.0.0, X-CUBE-TOF1_V3.4.3]
2025-09-13 12:28:07,758 [WARN] ConditionMgr:1044 - genDependencies : Invalid condition id : Cortex-A Device cause : null
2025-09-13 12:28:07,758 [WARN] ConditionMgr:1044 - genDependencies : Invalid condition id : Cortex-A Device cause : null
2025-09-13 12:28:07,759 [WARN] ConditionMgr:1044 - genDependencies : Invalid condition id : Cortex-A Device cause : null
2025-09-13 12:28:07,770 [WARN] PackLoader:240 - Cannot read IP mode file for STMicroelectronics.X-CUBE-SUBG2.5.0.0
2025-09-13 12:28:07,790 [WARN] PackLoader:240 - Cannot read IP mode file for STMicroelectronics.X-CUBE-AZRTOS-H7RS.1.1.0
2025-09-13 12:28:07,797 [WARN] PackLoader:240 - Cannot read IP mode file for Cesanta.I-CUBE-Mongoose.7.13.0
2025-09-13 12:28:07,811 [WARN] PackLoader:240 - Cannot read IP mode file for STMicroelectronics.X-CUBE-AZRTOS-G4.2.0.0
2025-09-13 12:28:07,817 [WARN] PackLoader:240 - Cannot read IP mode file for wolfSSL.I-CUBE-wolfSSH.1.4.20
2025-09-13 12:28:07,822 [WARN] PackLoader:240 - Cannot read IP mode file for STMicroelectronics.X-CUBE-NFC7.2.0.0
2025-09-13 12:28:07,831 [WARN] PackLoader:240 - Cannot read IP mode file for STMicroelectronics.X-CUBE-IPS.3.1.0
2025-09-13 12:28:07,841 [WARN] PackLoader:240 - Cannot read IP mode file for STMicroelectronics.X-CUBE-ALS.1.0.2
2025-09-13 12:28:07,848 [WARN] PackLoader:240 - Cannot read IP mode file for STMicroelectronics.X-CUBE-STSE01.1.0.0
2025-09-13 12:28:07,859 [WARN] PackLoader:240 - Cannot read IP mode file for STMicroelectronics.X-CUBE-TOF1.3.4.3
2025-09-13 12:28:07,868 [INFO] ThirdParty:978 - Integrity check success = true
2025-09-13 12:28:07,869 [INFO] IntegrityCheckThread:100 - exiting critical section [integrity check]
2025-09-13 12:28:07,869 [INFO] IntegrityCheckThread:103 - End integrity checks thread
2025-09-13 12:28:10,257 [INFO] ApiDb:240 - Found 880 in-development CPN: [B-G473E-ZEST1S, B-WB1M-WPAN1, B-WBA5M-WPAN, B-WL5M-SUBG1, NUCLEO-C031C6, NUCLEO-C051C8, NUCLEO-C071RB, NUCLEO-C092RC, NUCLEO-H503RB, NUCLEO-H533RE, NUCLEO-H563ZI, NUCLEO-H7S3L8, NUCLEO-N657X0-Q, NUCLEO-U031R8, NUCLEO-U083RC, NUCLEO-U385RG-Q, NUCLEO-U545RE-Q, NUCLEO-U5A5ZJ-Q, NUCLEO-WB05KZ, NUCLEO-WB07CC, NUCLEO-WB09KE, NUCLEO-WBA52CG, NUCLEO-WBA55CG, NUCLEO-WL33CC1, NUCLEO-WL33CC2, STEVAL-PROTEUS1, STEVAL-SMARTAG2, STEVAL-STWINBX1, STM320518-EVAL, STM32C0116-DK, STM32C011D6Y3TR, STM32C011D6Y6TR, STM32C011F4P3, STM32C011F4P6, STM32C011F4U3, STM32C011F4U6TR, STM32C011F6P3, STM32C011F6P6, STM32C011F6U3, STM32C011F6U6TR, STM32C011J4M3, STM32C011J4M6, STM32C011J6M3, STM32C011J6M6, STM32C0316-DK, STM32C031C4T3, STM32C031C4T6, STM32C031C4U3, STM32C031C4U6, STM32C031C6T3, STM32C031C6T6, STM32C031C6U3, STM32C031C6U6, STM32C031F4P3, STM32C031F4P6, STM32C031F6P3, STM32C031F6P6, STM32C031G4U3, STM32C031G4U6, STM32C031G6U3, STM32C031G6U6, STM32C031K4T3, STM32C031K4T6, STM32C031K4U3, STM32C031K4U6, STM32C031K6T3, STM32C031K6T6, STM32C031K6U3, STM32C031K6U6, STM32C051C6T6, STM32C051C6U6, STM32C051C8T6, STM32C051C8U6, STM32C051D8Y6TR, STM32C051F6P6, STM32C051F8P6, STM32C051G6U6, STM32C051G8U6, STM32C051K6T6, STM32C051K6U6, STM32C051K8T6, STM32C071C8T6, STM32C071C8T6N, STM32C071C8U6, STM32C071C8U6N, STM32C071CBT6, STM32C071CBT6N, STM32C071CBU6, STM32C071CBU6N, STM32C071F8P6, STM32C071F8P6N, STM32C071FBP6, STM32C071FBP6N, STM32C071FBY6TR, STM32C071G8U6, STM32C071G8U6N, STM32C071GBU6, STM32C071GBU6N, STM32C071K8T6, STM32C071K8T6N, STM32C071K8U6, STM32C071K8U6N, STM32C071KBT6, STM32C071KBT6N, STM32C071KBU6, STM32C071KBU6N, STM32C071R8T6, STM32C071R8T6N, STM32C071RBI6N, STM32C071RBT6, STM32C071RBT6N, STM32C091CBT6, STM32C091CBU6, STM32C091CCT6, STM32C091CCU6, STM32C091ECY6TR, STM32C091FBP6, STM32C091FCP6, STM32C091GBU6, STM32C091GCU6, STM32C091KBT6, STM32C091KBU6, STM32C091KCT6, STM32C091KCU6, STM32C091RBT6, STM32C091RCI6, STM32C091RCT6, STM32C092CBT6, STM32C092CBU6, STM32C092CCT6, STM32C092CCU6, STM32C092ECY6TR, STM32C092FBP6, STM32C092FCP6, STM32C092GBU6, STM32C092GCU6, STM32C092KBT6, STM32C092KBU6, STM32C092KCT6, STM32C092KCU6, STM32C092RBT6, STM32C092RCI6, STM32C092RCT6, STM32G071K8TXN, STM32G071K8UXN, STM32G081GBU6N, STM32G081KBT6N, STM32G081KBUXN, STM32G0B1CCT6N, STM32G0B1KCT6, STM32G0B1NEY6TR, STM32G0B1RCT6N, STM32G0C1CCT6, STM32G0C1CCT6N, STM32G0C1CCU6N, STM32G0C1CET6N, STM32G0C1CEU6N, STM32G0C1KCT6, STM32G0C1NEY6TR, STM32G0C1RCI6N, STM32G0C1RCT6N, STM32G0C1REI6N, STM32G0C1RET6N, STM32G0C1VCI6, STM32G0C1VEI6, STM32G411C6T3, STM32G411C6T6, STM32G411C6U3, STM32G411C6U6, STM32G411C8T3, STM32G411C8T6, STM32G411C8U3, STM32G411C8U6, STM32G411CBT3, STM32G411CBT6, STM32G411CBU3, STM32G411CBU6, STM32G411K6T3, STM32G411K6T6, STM32G411K6U3, STM32G411K6U6, STM32G411K8T3, STM32G411K8T6, STM32G411K8U3, STM32G411K8U6, STM32G411KBT3, STM32G411KBT6, STM32G411KBU3, STM32G411KBU6, STM32G411M6T3, STM32G411M6T6, STM32G411M8T3, STM32G411M8T6, STM32G411MBT3, STM32G411MBT6, STM32G411R6T3, STM32G411R6T6, STM32G411R8T3, STM32G411R8T6, STM32G411RBT3, STM32G411RBT6, STM32G414CBT3, STM32G414CBT6, STM32G414CBU3, STM32G414CBU6, STM32G414CCT3, STM32G414CCT6, STM32G414CCU3, STM32G414CCU6, STM32G414MBT3, STM32G414MBT6, STM32G414MCT3, STM32G414MCT6, STM32G414RBT3, STM32G414RBT6, STM32G414RCT3, STM32G414RCT6, STM32G414VBT3, STM32G414VBT6, STM32G414VCT3, STM32G414VCT6, STM32G431CBT3Z, STM32G431RBT3Z, STM32G471CCT6, STM32G471CCU6, STM32G471CET3, STM32G471CET6, STM32G471CEU3, STM32G471CEU6, STM32G471MCT6, STM32G471MET3, STM32G471MET6, STM32G471MEY6TR, STM32G471QCT6, STM32G471QET3, STM32G471RCT6, STM32G471RET3, STM32G471RET6, STM32G471VCH6, STM32G471VCI6, STM32G471VCT6, STM32G471VEH3, STM32G471VEH6, STM32G471VEI3, STM32G471VEI6, STM32G471VET3, STM32G471VET6, STM32G473QET3Z, STM32G473RET3Z, STM32G474CCT6, STM32G491RET3Z, STM32H503CBT6, STM32H503CBU6, STM32H503EBY6TR, STM32H503KBU6, STM32H503RBT6, STM32H523CCT6, STM32H523CCU6, STM32H523CET6, STM32H523CEU6, STM32H523HEY6TR, STM32H523RCT6, STM32H523RET6, STM32H523VCI6, STM32H523VCT6, STM32H523VEI6, STM32H523VET6, STM32H523ZCJ6, STM32H523ZCT6, STM32H523ZEJ6, STM32H523ZET6, STM32H533CET6, STM32H533CEU6, STM32H533HEY6TR, STM32H533RET6, STM32H533VEI6, STM32H533VET6, STM32H533ZEJ6, STM32H533ZET6, STM32H562AGI6, STM32H562AII6, STM32H562IGK6, STM32H562IGT6, STM32H562IIK6, STM32H562IIT6, STM32H562RGT6, STM32H562RGV6, STM32H562RIT6, STM32H562RIV6, STM32H562VGT6, STM32H562VIT6, STM32H562ZGT6, STM32H562ZIT6, STM32H563AGI6, STM32H563AII3Q, STM32H563AII6, STM32H563IGK6, STM32H563IGT6, STM32H563IIK3Q, STM32H563IIK6, STM32H563IIT3Q, STM32H563IIT6, STM32H563MIY3QTR, STM32H563RGT6, STM32H563RGV6, STM32H563RIT6, STM32H563RIV6, STM32H563VGT6, STM32H563VIT3Q, STM32H563VIT6, STM32H563ZGT6, STM32H563ZIT3Q, STM32H563ZIT6, STM32H573AII3Q, STM32H573AII6, STM32H573I-DK, STM32H573IIK3Q, STM32H573IIK6, STM32H573IIT3Q, STM32H573IIT6, STM32H573MIY3QTR, STM32H573RIT6, STM32H573RIV6, STM32H573VIT3Q, STM32H573VIT6, STM32H573ZIT3Q, STM32H573ZIT6, STM32H7R3A8I6, STM32H7R3I8K6, STM32H7R3I8T6, STM32H7R3L8H6, STM32H7R3L8H6H, STM32H7R3R8V6, STM32H7R3V8H6, STM32H7R3V8T6, STM32H7R3V8Y6TR, STM32H7R3Z8J6, STM32H7R3Z8T6, STM32H7R7A8I6, STM32H7R7I8K6, STM32H7R7I8T6, STM32H7R7L8H6, STM32H7R7L8H6H, STM32H7R7Z8J6, STM32H7S3A8I6, STM32H7S3I8K6, STM32H7S3I8T6, STM32H7S3L8H6, STM32H7S3L8H6H, STM32H7S3R8V6, STM32H7S3V8H6, STM32H7S3V8T6, STM32H7S3V8Y6TR, STM32H7S3Z8J6, STM32H7S3Z8T6, STM32H7S78-DK, STM32H7S7A8I6, STM32H7S7I8K6, STM32H7S7I8T6, STM32H7S7L8H6, STM32H7S7L8H6H, STM32H7S7Z8J6, STM32L4R5QGI6STR, STM32MP131AAE3, STM32MP131AAF3, STM32MP131AAG3, STM32MP131CAE3, STM32MP131CAF3, STM32MP131CAG3, STM32MP131DAE7, STM32MP131DAF7, STM32MP131DAG7, STM32MP131FAE7, STM32MP131FAF7, STM32MP131FAG7, STM32MP133AAE3, STM32MP133AAF3, STM32MP133AAG3, STM32MP133CAE3, STM32MP133CAF3, STM32MP133CAG3, STM32MP133DAE7, STM32MP133DAF7, STM32MP133DAG7, STM32MP133FAE7, STM32MP133FAF7, STM32MP133FAG7, STM32MP135AAE3, STM32MP135AAF3, STM32MP135AAG3, STM32MP135CAE3, STM32MP135CAF3, STM32MP135CAG3, STM32MP135DAE7, STM32MP135DAF7, STM32MP135DAG7, STM32MP135F-DK, STM32MP135FAE7, STM32MP135FAF7, STM32MP135FAF7T, STM32MP135FAF7U, STM32MP135FAG7, STM32MP211AAL3, STM32MP211AAM3, STM32MP211AAN3, STM32MP211AAO3, STM32MP211CAL3, STM32MP211CAM3, STM32MP211CAN3, STM32MP211CAO3, STM32MP211DAL3, STM32MP211DAM3, STM32MP211DAN3, STM32MP211DAO3, STM32MP211FAL3, STM32MP211FAM3, STM32MP211FAN3, STM32MP211FAO3, STM32MP213AAL3, STM32MP213AAM3, STM32MP213AAN3, STM32MP213AAO3, STM32MP213CAL3, STM32MP213CAM3, STM32MP213CAN3, STM32MP213CAO3, STM32MP213DAL3, STM32MP213DAM3, STM32MP213DAN3, STM32MP213DAO3, STM32MP213FAL3, STM32MP213FAM3, STM32MP213FAN3, STM32MP213FAO3, STM32MP215AAL3, STM32MP215AAM3, STM32MP215AAN3, STM32MP215AAO3, STM32MP215CAL3, STM32MP215CAM3, STM32MP215CAN3, STM32MP215CAO3, STM32MP215DAL3, STM32MP215DAM3, STM32MP215DAN3, STM32MP215DAO3, STM32MP215F-DK, STM32MP215FAL3, STM32MP215FAM3, STM32MP215FAN3, STM32MP215FAO3, STM32MP231AAJ3, STM32MP231AAK3, STM32MP231AAL3, STM32MP231CAJ3, STM32MP231CAK3, STM32MP231CAL3, STM32MP231DAJ3, STM32MP231DAK3, STM32MP231DAL3, STM32MP231FAJ3, STM32MP231FAK3, STM32MP231FAL3, STM32MP233AAJ3, STM32MP233AAK3, STM32MP233AAL3, STM32MP233CAJ3, STM32MP233CAK3, STM32MP233CAL3, STM32MP233DAJ3, STM32MP233DAK3, STM32MP233DAL3, STM32MP233FAJ3, STM32MP233FAK3, STM32MP233FAL3, STM32MP235AAJ3, STM32MP235AAK3, STM32MP235AAL3, STM32MP235CAJ3, STM32MP235CAK3, STM32MP235CAL3, STM32MP235DAJ3, STM32MP235DAK3, STM32MP235DAL3, STM32MP235FAJ3, STM32MP235FAK3, STM32MP235FAL3, STM32MP251AAI3, STM32MP251AAK3, STM32MP251AAL3, STM32MP251CAI3, STM32MP251CAK3, STM32MP251CAL3, STM32MP251DAI3, STM32MP251DAK3, STM32MP251DAL3, STM32MP251FAI3, STM32MP251FAK3, STM32MP251FAL3, STM32MP253AAI3, STM32MP253AAK3, STM32MP253AAL3, STM32MP253CAI3, STM32MP253CAK3, STM32MP253CAL3, STM32MP253DAI3, STM32MP253DAK3, STM32MP253DAL3, STM32MP253FAI3, STM32MP253FAK3, STM32MP253FAL3, STM32MP255AAI3, STM32MP255AAK3, STM32MP255AAL3, STM32MP255CAI3, STM32MP255CAK3, STM32MP255CAL3, STM32MP255DAI3, STM32MP255DAK3, STM32MP255DAL3, STM32MP255FAI3, STM32MP255FAK3, STM32MP255FAL3, STM32MP257AAI3, STM32MP257AAK3, STM32MP257AAL3, STM32MP257CAI3, STM32MP257CAK3, STM32MP257CAL3, STM32MP257DAI3, STM32MP257DAK3, STM32MP257DAL3, STM32MP257F-DK, STM32MP257F-EV1, STM32MP257FAI3, STM32MP257FAK3, STM32MP257FAL3, STM32N645A0H3Q, STM32N645B0H3Q, STM32N645I0H3Q, STM32N645L0H3Q, STM32N645X0H3Q, STM32N645Z0H3Q, STM32N647A0H3Q, STM32N647B0H3Q, STM32N647I0H3Q, STM32N647L0H3Q, STM32N647X0H3Q, STM32N647Z0H3Q, STM32N655A0H3Q, STM32N655B0H3Q, STM32N655I0H3Q, STM32N655L0H3Q, STM32N655X0H3Q, STM32N655Z0H3Q, STM32N6570-DK, STM32N657A0H3Q, STM32N657B0H3Q, STM32N657I0H3Q, STM32N657L0H3Q, STM32N657X0H3Q, STM32N657Z0H3Q, STM32U031C6T6, STM32U031C6U6, STM32U031C8T6, STM32U031C8U6, STM32U031F4P6, STM32U031F6P6, STM32U031F8P6, STM32U031G6Y6TR, STM32U031G8Y6TR, STM32U031K4U6, STM32U031K6U6, STM32U031K8U6, STM32U031R6I6, STM32U031R6T6, STM32U031R8I6, STM32U031R8T6, STM32U073C8T6, STM32U073C8U6, STM32U073CBT6, STM32U073CBU6, STM32U073CCT6, STM32U073CCU6, STM32U073H8Y6TR, STM32U073HBY6TR, STM32U073HCY6TR, STM32U073K8U6, STM32U073KBU6, STM32U073KCU6, STM32U073M8I6, STM32U073M8T6, STM32U073MBI6, STM32U073MBT6, STM32U073MCI6, STM32U073MCT6, STM32U073R8I6, STM32U073R8T6, STM32U073RBI6, STM32U073RBT6, STM32U073RCI6, STM32U073RCT6, STM32U083C-DK, STM32U083CCT6, STM32U083CCU6, STM32U083HCY6TR, STM32U083KCU6, STM32U083MCI6, STM32U083MCT6, STM32U083RCI6, STM32U083RCT6, STM32U375CET6, STM32U375CET6Q, STM32U375CEU6, STM32U375CEU6Q, STM32U375CEY6QTR, STM32U375CGT6, STM32U375CGT6Q, STM32U375CGU6, STM32U375CGU6Q, STM32U375CGY6QTR, STM32U375KEU6, STM32U375KGU6, STM32U375REI6, STM32U375REI6Q, STM32U375RET6, STM32U375RET6Q, STM32U375REY6GTR, STM32U375REY6QTR, STM32U375RGI6, STM32U375RGI6Q, STM32U375RGT6, STM32U375RGT6Q, STM32U375RGY6GTR, STM32U375RGY6QTR, STM32U375VEI6, STM32U375VEI6Q, STM32U375VET6, STM32U375VET6Q, STM32U375VGI6, STM32U375VGI6Q, STM32U375VGT6, STM32U375VGT6Q, STM32U385CGT6, STM32U385CGT6Q, STM32U385CGU6, STM32U385CGU6Q, STM32U385CGY6QTR, STM32U385KGU6, STM32U385RGI6, STM32U385RGI6Q, STM32U385RGT6, STM32U385RGT6Q, STM32U385RGY6GTR, STM32U385RGY6QTR, STM32U385VGI6, STM32U385VGI6Q, STM32U385VGT6, STM32U385VGT6Q, STM32U535CBT6, STM32U535CBT6Q, STM32U535CBU6, STM32U535CBU6Q, STM32U535CCT6, STM32U535CCT6Q, STM32U535CCU6, STM32U535CCU6Q, STM32U535CET6, STM32U535CET6Q, STM32U535CEU6, STM32U535CEU6Q, STM32U535JEY6QTR, STM32U535NCY6QTR, STM32U535NEY6QTR, STM32U535RBI6, STM32U535RBI6Q, STM32U535RBT6, STM32U535RBT6Q, STM32U535RCI6, STM32U535RCI6Q, STM32U535RCT6, STM32U535RCT6Q, STM32U535REI6, STM32U535REI6Q, STM32U535RET6, STM32U535RET6Q, STM32U535VCI6, STM32U535VCI6Q, STM32U535VCT6, STM32U535VCT6Q, STM32U535VEI6, STM32U535VEI6Q, STM32U535VET6, STM32U535VET6Q, STM32U545CET6, STM32U545CET6Q, STM32U545CEU6, STM32U545CEU6Q, STM32U545JEY6QTR, STM32U545NEY6QTR, STM32U545REI6, STM32U545REI6Q, STM32U545RET6, STM32U545RET6Q, STM32U545VEI6, STM32U545VEI6Q, STM32U545VET6, STM32U545VET6Q, STM32U595AIH6, STM32U595AIH6Q, STM32U595AJH6, STM32U595AJH6Q, STM32U595QII6, STM32U595QII6Q, STM32U595QJI6, STM32U595QJI6Q, STM32U595RIT6, STM32U595RIT6Q, STM32U595RJT6, STM32U595RJT6Q, STM32U595VIT6, STM32U595VIT6Q, STM32U595VJT6, STM32U595VJT6Q, STM32U595ZIT6, STM32U595ZIT6Q, STM32U595ZIY6QTR, STM32U595ZJT6, STM32U595ZJT6Q, STM32U595ZJY6QTR, STM32U599BJY6QTR, STM32U599NIH6Q, STM32U599NJH6Q, STM32U599VIT6Q, STM32U599VJT6, STM32U599VJT6Q, STM32U599ZIT6Q, STM32U599ZIY6QTR, STM32U599ZJT6Q, STM32U599ZJY6QTR, STM32U5A5AJH6, STM32U5A5AJH6Q, STM32U5A5QII3Q , STM32U5A5QJI6, STM32U5A5QJI6Q, STM32U5A5RJT6, STM32U5A5RJT6Q, STM32U5A5VJT6, STM32U5A5VJT6Q, STM32U5A5ZJT6, STM32U5A5ZJT6Q, STM32U5A5ZJY6QTR, STM32U5A9BJY6QTR, STM32U5A9J-DK, STM32U5A9NJH6Q, STM32U5A9VJT6Q, STM32U5A9ZJT6Q, STM32U5A9ZJY6QTR, STM32U5F7VIT6, STM32U5F7VIT6Q, STM32U5F7VJT6, STM32U5F7VJT6Q, STM32U5F9BJY6QTR, STM32U5F9NJH6Q, STM32U5F9VIT6Q, STM32U5F9VJT6Q, STM32U5F9ZIJ6QTR, STM32U5F9ZIT6Q, STM32U5F9ZJJ6QTR, STM32U5F9ZJT6Q, STM32U5G7VJT6, STM32U5G7VJT6Q, STM32U5G9BJY6QTR, STM32U5G9J-DK1, STM32U5G9J-DK2, STM32U5G9NJH6Q, STM32U5G9VJT6Q, STM32U5G9ZJJ6QTR, STM32U5G9ZJT6Q, STM32WB05KZV6TR, STM32WB05KZV7TR, STM32WB05TZF6TR, STM32WB05TZF7TR, STM32WB06CCF6TR, STM32WB06CCF7TR, STM32WB06CCV6TR, STM32WB06CCV7TR, STM32WB06KCV6TR, STM32WB06KCV7TR, STM32WB07CCF6TR, STM32WB07CCF7TR, STM32WB07CCV6TR, STM32WB07CCV7TR, STM32WB07KCV6TR, STM32WB07KCV7TR, STM32WB09KEV6TR, STM32WB09KEV7TR, STM32WB09TEF6TR, STM32WB09TEF7TR, STM32WB1MMCH6, STM32WBA50KGU6, STM32WBA50KGU6TR, STM32WBA52CEU6, STM32WBA52CEU6TR, STM32WBA52CEU7, STM32WBA52CEU7TR, STM32WBA52CGU6, STM32WBA52CGU6TR, STM32WBA52CGU6U, STM32WBA52CGU7, STM32WBA52CGU7TR, STM32WBA52KEU6, STM32WBA52KEU6TR, STM32WBA52KGU6, STM32WBA52KGU6TR, STM32WBA54CEU6, STM32WBA54CEU6TR, STM32WBA54CEU7, STM32WBA54CEU7TR, STM32WBA54CGU6, STM32WBA54CGU6TR, STM32WBA54CGU7, STM32WBA54CGU7TR, STM32WBA54KEU6, STM32WBA54KEU6TR, STM32WBA54KEU7, STM32WBA54KEU7TR, STM32WBA54KGU6, STM32WBA54KGU6TR, STM32WBA54KGU7, STM32WBA54KGU7TR, STM32WBA55CEU6, STM32WBA55CEU6TR, STM32WBA55CEU7, STM32WBA55CEU7TR, STM32WBA55CGU6, STM32WBA55CGU6TR, STM32WBA55CGU6U, STM32WBA55CGU7, STM32WBA55CGU7TR, STM32WBA55G-DK1, STM32WBA55HEF6, STM32WBA55HEF7, STM32WBA55HGF6, STM32WBA55HGF7, STM32WBA55UEI6, STM32WBA55UEI6TR, STM32WBA55UEI7, STM32WBA55UEI7TR, STM32WBA55UGI6, STM32WBA55UGI6TR, STM32WBA55UGI7, STM32WBA55UGI7TR, STM32WBA5MMGH6TR, STM32WBA62MGF6, STM32WBA62MIF6, STM32WBA65MGF7, STM32WBA65MIF6, STM32WBA65MIF7, STM32WL30K8V6, STM32WL30KBV6, STM32WL31C8V6, STM32WL31CBV6, STM32WL31K8V6, STM32WL31KBV6, STM32WL33C8V6, STM32WL33C8V6X, STM32WL33CBV6, STM32WL33CBV6X, STM32WL33CCV6, STM32WL33CCV6A, STM32WL33CCV6X, STM32WL33K8V7, STM32WL33K8V7X, STM32WL33KBV7 , STM32WL33KBV7X, STM32WL33KCV7, STM32WL33KCV7X, STM32WL5MOCH6, STM32WL5MOCH6TR]
2025-09-13 12:28:10,262 [INFO] DbMcus:218 - Found 4801 MCUs, 4801 are supported
2025-09-13 12:28:10,263 [INFO] ApiDb:423 - Load user favorites file C:\Users\leoar/.stm32cubeide/favorites.mcus.txt: 0 item(s)
2025-09-13 12:28:10,263 [INFO] ApiDb:427 - User favorites MCUs=[]
2025-09-13 12:28:10,263 [INFO] DbMcus:224 - Set 0 / 0 favorites MCUs
2025-09-13 12:28:10,687 [INFO] ApiDb:668 - CubeFinder database Data Model version=2.1
2025-09-13 12:28:10,687 [INFO] ApiDb:669 - CubeFinder database Configuration version=3.0.39
2025-09-13 12:28:10,687 [INFO] ApiDb:670 - CubeFinder database generation date=2025-08-25 (1756130511)
2025-09-13 12:28:10,687 [INFO] ApiDb:671 - CubeFinder database FW Pack versions=[FP-ATR-ASTRA1_V2.0.0, FP-SNS-FLIGHT1_V5.1.0, FP-SNS-MOTENV1_V5.0.0, FP-SNS-MOTENVWB1_V1.4.0, FP-SNS-SMARTAG2_V1.2.0, FP-SNS-STBOX1_V2.1.0, STM32Cube_FW_C0_V1.4.0, STM32Cube_FW_F4_V1.28.3, STM32Cube_FW_F7_V1.17.4, STM32Cube_FW_G0_V1.6.2, STM32Cube_FW_G4_V1.6.1, STM32Cube_FW_H5_V1.5.0, STM32Cube_FW_H7RS_V1.2.0, STM32Cube_FW_H7_V1.12.1, STM32Cube_FW_L0_V1.12.2, STM32Cube_FW_L4_V1.18.1, STM32Cube_FW_L5_V1.5.1, STM32Cube_FW_N6_V1.2.0, STM32Cube_FW_U0_V1.3.0, STM32Cube_FW_U3_V1.2.0, STM32Cube_FW_U5_V1.8.0, STM32Cube_FW_WB0_V1.3.0, STM32Cube_FW_WBA_V1.7.0, STM32Cube_FW_WB_V1.23.0, STM32Cube_FW_WL3_V1.2.0, STM32Cube_FW_WL_V1.3.1, X-CUBE-ALGOBUILD_V1.4.0, X-CUBE-ALS_V1.0.2, X-CUBE-AZRTOS-F4_V1.1.0, X-CUBE-AZRTOS-F7_V1.1.0, X-CUBE-AZRTOS-G0_V1.1.0, X-CUBE-AZRTOS-G4_V2.0.0, X-CUBE-AZRTOS-H7RS_V1.1.0, X-CUBE-AZRTOS-H7_V3.4.0, X-CUBE-AZRTOS-L4_V2.0.0, X-CUBE-AZRTOS-L5_V2.0.0, X-CUBE-AZRTOS-WB_V2.0.0, X-CUBE-AZRTOS-WL_V2.0.0, X-CUBE-BLE1_V7.1.0, X-CUBE-BLE2_V3.3.0, X-CUBE-BLEMGR_V4.1.0, X-CUBE-EEPRMA1_V5.2.0, X-CUBE-FREERTOS_V1.3.1, X-CUBE-GNSS1_V6.0.0, X-CUBE-MEMS1_V11.3.0, X-CUBE-NFC4_V3.0.0, X-CUBE-NFC7_V2.0.0, X-CUBE-SFXS2LP1_V4.0.0, X-CUBE-ST67W61_V1.0.0, X-CUBE-SUBG2_V5.0.0, X-CUBE-TOF1_V3.4.3]
2025-09-13 12:28:10,743 [INFO] DbBoardsSqlite:226 - include board P-NUCLEO-WB55-NUCLEO as a kit item of type 'Nucleo-64'
2025-09-13 12:28:10,744 [INFO] DbBoardsSqlite:226 - include board P-NUCLEO-WB55-USBDONGLE as a kit item of type 'Nucleo USB Dongle'
2025-09-13 12:28:10,744 [INFO] DbBoardsSqlite:226 - include board STEVAL-IDP005V1 as a kit item of type 'Evaluation Board'
2025-09-13 12:28:10,744 [INFO] DbBoardsSqlite:226 - include board STEVAL-IDP005V2 as a kit item of type 'Evaluation Board'
2025-09-13 12:28:10,816 [INFO] ApiDb:240 - Found 880 in-development CPN: [B-G473E-ZEST1S, B-WB1M-WPAN1, B-WBA5M-WPAN, B-WL5M-SUBG1, NUCLEO-C031C6, NUCLEO-C051C8, NUCLEO-C071RB, NUCLEO-C092RC, NUCLEO-H503RB, NUCLEO-H533RE, NUCLEO-H563ZI, NUCLEO-H7S3L8, NUCLEO-N657X0-Q, NUCLEO-U031R8, NUCLEO-U083RC, NUCLEO-U385RG-Q, NUCLEO-U545RE-Q, NUCLEO-U5A5ZJ-Q, NUCLEO-WB05KZ, NUCLEO-WB07CC, NUCLEO-WB09KE, NUCLEO-WBA52CG, NUCLEO-WBA55CG, NUCLEO-WL33CC1, NUCLEO-WL33CC2, STEVAL-PROTEUS1, STEVAL-SMARTAG2, STEVAL-STWINBX1, STM320518-EVAL, STM32C0116-DK, STM32C011D6Y3TR, STM32C011D6Y6TR, STM32C011F4P3, STM32C011F4P6, STM32C011F4U3, STM32C011F4U6TR, STM32C011F6P3, STM32C011F6P6, STM32C011F6U3, STM32C011F6U6TR, STM32C011J4M3, STM32C011J4M6, STM32C011J6M3, STM32C011J6M6, STM32C0316-DK, STM32C031C4T3, STM32C031C4T6, STM32C031C4U3, STM32C031C4U6, STM32C031C6T3, STM32C031C6T6, STM32C031C6U3, STM32C031C6U6, STM32C031F4P3, STM32C031F4P6, STM32C031F6P3, STM32C031F6P6, STM32C031G4U3, STM32C031G4U6, STM32C031G6U3, STM32C031G6U6, STM32C031K4T3, STM32C031K4T6, STM32C031K4U3, STM32C031K4U6, STM32C031K6T3, STM32C031K6T6, STM32C031K6U3, STM32C031K6U6, STM32C051C6T6, STM32C051C6U6, STM32C051C8T6, STM32C051C8U6, STM32C051D8Y6TR, STM32C051F6P6, STM32C051F8P6, STM32C051G6U6, STM32C051G8U6, STM32C051K6T6, STM32C051K6U6, STM32C051K8T6, STM32C071C8T6, STM32C071C8T6N, STM32C071C8U6, STM32C071C8U6N, STM32C071CBT6, STM32C071CBT6N, STM32C071CBU6, STM32C071CBU6N, STM32C071F8P6, STM32C071F8P6N, STM32C071FBP6, STM32C071FBP6N, STM32C071FBY6TR, STM32C071G8U6, STM32C071G8U6N, STM32C071GBU6, STM32C071GBU6N, STM32C071K8T6, STM32C071K8T6N, STM32C071K8U6, STM32C071K8U6N, STM32C071KBT6, STM32C071KBT6N, STM32C071KBU6, STM32C071KBU6N, STM32C071R8T6, STM32C071R8T6N, STM32C071RBI6N, STM32C071RBT6, STM32C071RBT6N, STM32C091CBT6, STM32C091CBU6, STM32C091CCT6, STM32C091CCU6, STM32C091ECY6TR, STM32C091FBP6, STM32C091FCP6, STM32C091GBU6, STM32C091GCU6, STM32C091KBT6, STM32C091KBU6, STM32C091KCT6, STM32C091KCU6, STM32C091RBT6, STM32C091RCI6, STM32C091RCT6, STM32C092CBT6, STM32C092CBU6, STM32C092CCT6, STM32C092CCU6, STM32C092ECY6TR, STM32C092FBP6, STM32C092FCP6, STM32C092GBU6, STM32C092GCU6, STM32C092KBT6, STM32C092KBU6, STM32C092KCT6, STM32C092KCU6, STM32C092RBT6, STM32C092RCI6, STM32C092RCT6, STM32G071K8TXN, STM32G071K8UXN, STM32G081GBU6N, STM32G081KBT6N, STM32G081KBUXN, STM32G0B1CCT6N, STM32G0B1KCT6, STM32G0B1NEY6TR, STM32G0B1RCT6N, STM32G0C1CCT6, STM32G0C1CCT6N, STM32G0C1CCU6N, STM32G0C1CET6N, STM32G0C1CEU6N, STM32G0C1KCT6, STM32G0C1NEY6TR, STM32G0C1RCI6N, STM32G0C1RCT6N, STM32G0C1REI6N, STM32G0C1RET6N, STM32G0C1VCI6, STM32G0C1VEI6, STM32G411C6T3, STM32G411C6T6, STM32G411C6U3, STM32G411C6U6, STM32G411C8T3, STM32G411C8T6, STM32G411C8U3, STM32G411C8U6, STM32G411CBT3, STM32G411CBT6, STM32G411CBU3, STM32G411CBU6, STM32G411K6T3, STM32G411K6T6, STM32G411K6U3, STM32G411K6U6, STM32G411K8T3, STM32G411K8T6, STM32G411K8U3, STM32G411K8U6, STM32G411KBT3, STM32G411KBT6, STM32G411KBU3, STM32G411KBU6, STM32G411M6T3, STM32G411M6T6, STM32G411M8T3, STM32G411M8T6, STM32G411MBT3, STM32G411MBT6, STM32G411R6T3, STM32G411R6T6, STM32G411R8T3, STM32G411R8T6, STM32G411RBT3, STM32G411RBT6, STM32G414CBT3, STM32G414CBT6, STM32G414CBU3, STM32G414CBU6, STM32G414CCT3, STM32G414CCT6, STM32G414CCU3, STM32G414CCU6, STM32G414MBT3, STM32G414MBT6, STM32G414MCT3, STM32G414MCT6, STM32G414RBT3, STM32G414RBT6, STM32G414RCT3, STM32G414RCT6, STM32G414VBT3, STM32G414VBT6, STM32G414VCT3, STM32G414VCT6, STM32G431CBT3Z, STM32G431RBT3Z, STM32G471CCT6, STM32G471CCU6, STM32G471CET3, STM32G471CET6, STM32G471CEU3, STM32G471CEU6, STM32G471MCT6, STM32G471MET3, STM32G471MET6, STM32G471MEY6TR, STM32G471QCT6, STM32G471QET3, STM32G471RCT6, STM32G471RET3, STM32G471RET6, STM32G471VCH6, STM32G471VCI6, STM32G471VCT6, STM32G471VEH3, STM32G471VEH6, STM32G471VEI3, STM32G471VEI6, STM32G471VET3, STM32G471VET6, STM32G473QET3Z, STM32G473RET3Z, STM32G474CCT6, STM32G491RET3Z, STM32H503CBT6, STM32H503CBU6, STM32H503EBY6TR, STM32H503KBU6, STM32H503RBT6, STM32H523CCT6, STM32H523CCU6, STM32H523CET6, STM32H523CEU6, STM32H523HEY6TR, STM32H523RCT6, STM32H523RET6, STM32H523VCI6, STM32H523VCT6, STM32H523VEI6, STM32H523VET6, STM32H523ZCJ6, STM32H523ZCT6, STM32H523ZEJ6, STM32H523ZET6, STM32H533CET6, STM32H533CEU6, STM32H533HEY6TR, STM32H533RET6, STM32H533VEI6, STM32H533VET6, STM32H533ZEJ6, STM32H533ZET6, STM32H562AGI6, STM32H562AII6, STM32H562IGK6, STM32H562IGT6, STM32H562IIK6, STM32H562IIT6, STM32H562RGT6, STM32H562RGV6, STM32H562RIT6, STM32H562RIV6, STM32H562VGT6, STM32H562VIT6, STM32H562ZGT6, STM32H562ZIT6, STM32H563AGI6, STM32H563AII3Q, STM32H563AII6, STM32H563IGK6, STM32H563IGT6, STM32H563IIK3Q, STM32H563IIK6, STM32H563IIT3Q, STM32H563IIT6, STM32H563MIY3QTR, STM32H563RGT6, STM32H563RGV6, STM32H563RIT6, STM32H563RIV6, STM32H563VGT6, STM32H563VIT3Q, STM32H563VIT6, STM32H563ZGT6, STM32H563ZIT3Q, STM32H563ZIT6, STM32H573AII3Q, STM32H573AII6, STM32H573I-DK, STM32H573IIK3Q, STM32H573IIK6, STM32H573IIT3Q, STM32H573IIT6, STM32H573MIY3QTR, STM32H573RIT6, STM32H573RIV6, STM32H573VIT3Q, STM32H573VIT6, STM32H573ZIT3Q, STM32H573ZIT6, STM32H7R3A8I6, STM32H7R3I8K6, STM32H7R3I8T6, STM32H7R3L8H6, STM32H7R3L8H6H, STM32H7R3R8V6, STM32H7R3V8H6, STM32H7R3V8T6, STM32H7R3V8Y6TR, STM32H7R3Z8J6, STM32H7R3Z8T6, STM32H7R7A8I6, STM32H7R7I8K6, STM32H7R7I8T6, STM32H7R7L8H6, STM32H7R7L8H6H, STM32H7R7Z8J6, STM32H7S3A8I6, STM32H7S3I8K6, STM32H7S3I8T6, STM32H7S3L8H6, STM32H7S3L8H6H, STM32H7S3R8V6, STM32H7S3V8H6, STM32H7S3V8T6, STM32H7S3V8Y6TR, STM32H7S3Z8J6, STM32H7S3Z8T6, STM32H7S78-DK, STM32H7S7A8I6, STM32H7S7I8K6, STM32H7S7I8T6, STM32H7S7L8H6, STM32H7S7L8H6H, STM32H7S7Z8J6, STM32L4R5QGI6STR, STM32MP131AAE3, STM32MP131AAF3, STM32MP131AAG3, STM32MP131CAE3, STM32MP131CAF3, STM32MP131CAG3, STM32MP131DAE7, STM32MP131DAF7, STM32MP131DAG7, STM32MP131FAE7, STM32MP131FAF7, STM32MP131FAG7, STM32MP133AAE3, STM32MP133AAF3, STM32MP133AAG3, STM32MP133CAE3, STM32MP133CAF3, STM32MP133CAG3, STM32MP133DAE7, STM32MP133DAF7, STM32MP133DAG7, STM32MP133FAE7, STM32MP133FAF7, STM32MP133FAG7, STM32MP135AAE3, STM32MP135AAF3, STM32MP135AAG3, STM32MP135CAE3, STM32MP135CAF3, STM32MP135CAG3, STM32MP135DAE7, STM32MP135DAF7, STM32MP135DAG7, STM32MP135F-DK, STM32MP135FAE7, STM32MP135FAF7, STM32MP135FAF7T, STM32MP135FAF7U, STM32MP135FAG7, STM32MP211AAL3, STM32MP211AAM3, STM32MP211AAN3, STM32MP211AAO3, STM32MP211CAL3, STM32MP211CAM3, STM32MP211CAN3, STM32MP211CAO3, STM32MP211DAL3, STM32MP211DAM3, STM32MP211DAN3, STM32MP211DAO3, STM32MP211FAL3, STM32MP211FAM3, STM32MP211FAN3, STM32MP211FAO3, STM32MP213AAL3, STM32MP213AAM3, STM32MP213AAN3, STM32MP213AAO3, STM32MP213CAL3, STM32MP213CAM3, STM32MP213CAN3, STM32MP213CAO3, STM32MP213DAL3, STM32MP213DAM3, STM32MP213DAN3, STM32MP213DAO3, STM32MP213FAL3, STM32MP213FAM3, STM32MP213FAN3, STM32MP213FAO3, STM32MP215AAL3, STM32MP215AAM3, STM32MP215AAN3, STM32MP215AAO3, STM32MP215CAL3, STM32MP215CAM3, STM32MP215CAN3, STM32MP215CAO3, STM32MP215DAL3, STM32MP215DAM3, STM32MP215DAN3, STM32MP215DAO3, STM32MP215F-DK, STM32MP215FAL3, STM32MP215FAM3, STM32MP215FAN3, STM32MP215FAO3, STM32MP231AAJ3, STM32MP231AAK3, STM32MP231AAL3, STM32MP231CAJ3, STM32MP231CAK3, STM32MP231CAL3, STM32MP231DAJ3, STM32MP231DAK3, STM32MP231DAL3, STM32MP231FAJ3, STM32MP231FAK3, STM32MP231FAL3, STM32MP233AAJ3, STM32MP233AAK3, STM32MP233AAL3, STM32MP233CAJ3, STM32MP233CAK3, STM32MP233CAL3, STM32MP233DAJ3, STM32MP233DAK3, STM32MP233DAL3, STM32MP233FAJ3, STM32MP233FAK3, STM32MP233FAL3, STM32MP235AAJ3, STM32MP235AAK3, STM32MP235AAL3, STM32MP235CAJ3, STM32MP235CAK3, STM32MP235CAL3, STM32MP235DAJ3, STM32MP235DAK3, STM32MP235DAL3, STM32MP235FAJ3, STM32MP235FAK3, STM32MP235FAL3, STM32MP251AAI3, STM32MP251AAK3, STM32MP251AAL3, STM32MP251CAI3, STM32MP251CAK3, STM32MP251CAL3, STM32MP251DAI3, STM32MP251DAK3, STM32MP251DAL3, STM32MP251FAI3, STM32MP251FAK3, STM32MP251FAL3, STM32MP253AAI3, STM32MP253AAK3, STM32MP253AAL3, STM32MP253CAI3, STM32MP253CAK3, STM32MP253CAL3, STM32MP253DAI3, STM32MP253DAK3, STM32MP253DAL3, STM32MP253FAI3, STM32MP253FAK3, STM32MP253FAL3, STM32MP255AAI3, STM32MP255AAK3, STM32MP255AAL3, STM32MP255CAI3, STM32MP255CAK3, STM32MP255CAL3, STM32MP255DAI3, STM32MP255DAK3, STM32MP255DAL3, STM32MP255FAI3, STM32MP255FAK3, STM32MP255FAL3, STM32MP257AAI3, STM32MP257AAK3, STM32MP257AAL3, STM32MP257CAI3, STM32MP257CAK3, STM32MP257CAL3, STM32MP257DAI3, STM32MP257DAK3, STM32MP257DAL3, STM32MP257F-DK, STM32MP257F-EV1, STM32MP257FAI3, STM32MP257FAK3, STM32MP257FAL3, STM32N645A0H3Q, STM32N645B0H3Q, STM32N645I0H3Q, STM32N645L0H3Q, STM32N645X0H3Q, STM32N645Z0H3Q, STM32N647A0H3Q, STM32N647B0H3Q, STM32N647I0H3Q, STM32N647L0H3Q, STM32N647X0H3Q, STM32N647Z0H3Q, STM32N655A0H3Q, STM32N655B0H3Q, STM32N655I0H3Q, STM32N655L0H3Q, STM32N655X0H3Q, STM32N655Z0H3Q, STM32N6570-DK, STM32N657A0H3Q, STM32N657B0H3Q, STM32N657I0H3Q, STM32N657L0H3Q, STM32N657X0H3Q, STM32N657Z0H3Q, STM32U031C6T6, STM32U031C6U6, STM32U031C8T6, STM32U031C8U6, STM32U031F4P6, STM32U031F6P6, STM32U031F8P6, STM32U031G6Y6TR, STM32U031G8Y6TR, STM32U031K4U6, STM32U031K6U6, STM32U031K8U6, STM32U031R6I6, STM32U031R6T6, STM32U031R8I6, STM32U031R8T6, STM32U073C8T6, STM32U073C8U6, STM32U073CBT6, STM32U073CBU6, STM32U073CCT6, STM32U073CCU6, STM32U073H8Y6TR, STM32U073HBY6TR, STM32U073HCY6TR, STM32U073K8U6, STM32U073KBU6, STM32U073KCU6, STM32U073M8I6, STM32U073M8T6, STM32U073MBI6, STM32U073MBT6, STM32U073MCI6, STM32U073MCT6, STM32U073R8I6, STM32U073R8T6, STM32U073RBI6, STM32U073RBT6, STM32U073RCI6, STM32U073RCT6, STM32U083C-DK, STM32U083CCT6, STM32U083CCU6, STM32U083HCY6TR, STM32U083KCU6, STM32U083MCI6, STM32U083MCT6, STM32U083RCI6, STM32U083RCT6, STM32U375CET6, STM32U375CET6Q, STM32U375CEU6, STM32U375CEU6Q, STM32U375CEY6QTR, STM32U375CGT6, STM32U375CGT6Q, STM32U375CGU6, STM32U375CGU6Q, STM32U375CGY6QTR, STM32U375KEU6, STM32U375KGU6, STM32U375REI6, STM32U375REI6Q, STM32U375RET6, STM32U375RET6Q, STM32U375REY6GTR, STM32U375REY6QTR, STM32U375RGI6, STM32U375RGI6Q, STM32U375RGT6, STM32U375RGT6Q, STM32U375RGY6GTR, STM32U375RGY6QTR, STM32U375VEI6, STM32U375VEI6Q, STM32U375VET6, STM32U375VET6Q, STM32U375VGI6, STM32U375VGI6Q, STM32U375VGT6, STM32U375VGT6Q, STM32U385CGT6, STM32U385CGT6Q, STM32U385CGU6, STM32U385CGU6Q, STM32U385CGY6QTR, STM32U385KGU6, STM32U385RGI6, STM32U385RGI6Q, STM32U385RGT6, STM32U385RGT6Q, STM32U385RGY6GTR, STM32U385RGY6QTR, STM32U385VGI6, STM32U385VGI6Q, STM32U385VGT6, STM32U385VGT6Q, STM32U535CBT6, STM32U535CBT6Q, STM32U535CBU6, STM32U535CBU6Q, STM32U535CCT6, STM32U535CCT6Q, STM32U535CCU6, STM32U535CCU6Q, STM32U535CET6, STM32U535CET6Q, STM32U535CEU6, STM32U535CEU6Q, STM32U535JEY6QTR, STM32U535NCY6QTR, STM32U535NEY6QTR, STM32U535RBI6, STM32U535RBI6Q, STM32U535RBT6, STM32U535RBT6Q, STM32U535RCI6, STM32U535RCI6Q, STM32U535RCT6, STM32U535RCT6Q, STM32U535REI6, STM32U535REI6Q, STM32U535RET6, STM32U535RET6Q, STM32U535VCI6, STM32U535VCI6Q, STM32U535VCT6, STM32U535VCT6Q, STM32U535VEI6, STM32U535VEI6Q, STM32U535VET6, STM32U535VET6Q, STM32U545CET6, STM32U545CET6Q, STM32U545CEU6, STM32U545CEU6Q, STM32U545JEY6QTR, STM32U545NEY6QTR, STM32U545REI6, STM32U545REI6Q, STM32U545RET6, STM32U545RET6Q, STM32U545VEI6, STM32U545VEI6Q, STM32U545VET6, STM32U545VET6Q, STM32U595AIH6, STM32U595AIH6Q, STM32U595AJH6, STM32U595AJH6Q, STM32U595QII6, STM32U595QII6Q, STM32U595QJI6, STM32U595QJI6Q, STM32U595RIT6, STM32U595RIT6Q, STM32U595RJT6, STM32U595RJT6Q, STM32U595VIT6, STM32U595VIT6Q, STM32U595VJT6, STM32U595VJT6Q, STM32U595ZIT6, STM32U595ZIT6Q, STM32U595ZIY6QTR, STM32U595ZJT6, STM32U595ZJT6Q, STM32U595ZJY6QTR, STM32U599BJY6QTR, STM32U599NIH6Q, STM32U599NJH6Q, STM32U599VIT6Q, STM32U599VJT6, STM32U599VJT6Q, STM32U599ZIT6Q, STM32U599ZIY6QTR, STM32U599ZJT6Q, STM32U599ZJY6QTR, STM32U5A5AJH6, STM32U5A5AJH6Q, STM32U5A5QII3Q , STM32U5A5QJI6, STM32U5A5QJI6Q, STM32U5A5RJT6, STM32U5A5RJT6Q, STM32U5A5VJT6, STM32U5A5VJT6Q, STM32U5A5ZJT6, STM32U5A5ZJT6Q, STM32U5A5ZJY6QTR, STM32U5A9BJY6QTR, STM32U5A9J-DK, STM32U5A9NJH6Q, STM32U5A9VJT6Q, STM32U5A9ZJT6Q, STM32U5A9ZJY6QTR, STM32U5F7VIT6, STM32U5F7VIT6Q, STM32U5F7VJT6, STM32U5F7VJT6Q, STM32U5F9BJY6QTR, STM32U5F9NJH6Q, STM32U5F9VIT6Q, STM32U5F9VJT6Q, STM32U5F9ZIJ6QTR, STM32U5F9ZIT6Q, STM32U5F9ZJJ6QTR, STM32U5F9ZJT6Q, STM32U5G7VJT6, STM32U5G7VJT6Q, STM32U5G9BJY6QTR, STM32U5G9J-DK1, STM32U5G9J-DK2, STM32U5G9NJH6Q, STM32U5G9VJT6Q, STM32U5G9ZJJ6QTR, STM32U5G9ZJT6Q, STM32WB05KZV6TR, STM32WB05KZV7TR, STM32WB05TZF6TR, STM32WB05TZF7TR, STM32WB06CCF6TR, STM32WB06CCF7TR, STM32WB06CCV6TR, STM32WB06CCV7TR, STM32WB06KCV6TR, STM32WB06KCV7TR, STM32WB07CCF6TR, STM32WB07CCF7TR, STM32WB07CCV6TR, STM32WB07CCV7TR, STM32WB07KCV6TR, STM32WB07KCV7TR, STM32WB09KEV6TR, STM32WB09KEV7TR, STM32WB09TEF6TR, STM32WB09TEF7TR, STM32WB1MMCH6, STM32WBA50KGU6, STM32WBA50KGU6TR, STM32WBA52CEU6, STM32WBA52CEU6TR, STM32WBA52CEU7, STM32WBA52CEU7TR, STM32WBA52CGU6, STM32WBA52CGU6TR, STM32WBA52CGU6U, STM32WBA52CGU7, STM32WBA52CGU7TR, STM32WBA52KEU6, STM32WBA52KEU6TR, STM32WBA52KGU6, STM32WBA52KGU6TR, STM32WBA54CEU6, STM32WBA54CEU6TR, STM32WBA54CEU7, STM32WBA54CEU7TR, STM32WBA54CGU6, STM32WBA54CGU6TR, STM32WBA54CGU7, STM32WBA54CGU7TR, STM32WBA54KEU6, STM32WBA54KEU6TR, STM32WBA54KEU7, STM32WBA54KEU7TR, STM32WBA54KGU6, STM32WBA54KGU6TR, STM32WBA54KGU7, STM32WBA54KGU7TR, STM32WBA55CEU6, STM32WBA55CEU6TR, STM32WBA55CEU7, STM32WBA55CEU7TR, STM32WBA55CGU6, STM32WBA55CGU6TR, STM32WBA55CGU6U, STM32WBA55CGU7, STM32WBA55CGU7TR, STM32WBA55G-DK1, STM32WBA55HEF6, STM32WBA55HEF7, STM32WBA55HGF6, STM32WBA55HGF7, STM32WBA55UEI6, STM32WBA55UEI6TR, STM32WBA55UEI7, STM32WBA55UEI7TR, STM32WBA55UGI6, STM32WBA55UGI6TR, STM32WBA55UGI7, STM32WBA55UGI7TR, STM32WBA5MMGH6TR, STM32WBA62MGF6, STM32WBA62MIF6, STM32WBA65MGF7, STM32WBA65MIF6, STM32WBA65MIF7, STM32WL30K8V6, STM32WL30KBV6, STM32WL31C8V6, STM32WL31CBV6, STM32WL31K8V6, STM32WL31KBV6, STM32WL33C8V6, STM32WL33C8V6X, STM32WL33CBV6, STM32WL33CBV6X, STM32WL33CCV6, STM32WL33CCV6A, STM32WL33CCV6X, STM32WL33K8V7, STM32WL33K8V7X, STM32WL33KBV7 , STM32WL33KBV7X, STM32WL33KCV7, STM32WL33KCV7X, STM32WL5MOCH6, STM32WL5MOCH6TR]
2025-09-13 12:28:11,107 [INFO] BoardInfo:889 - No configuration file found for board P-NUCLEO-WB55
2025-09-13 12:28:11,109 [INFO] DbBoards:161 - Kit is not supported: P-NUCLEO-WB55
2025-09-13 12:28:11,119 [INFO] BoardInfo:889 - No configuration file found for board STEVAL-BFA001V1B
2025-09-13 12:28:11,120 [INFO] DbBoards:161 - Kit is not supported: STEVAL-BFA001V1B
2025-09-13 12:28:11,122 [INFO] BoardInfo:889 - No configuration file found for board STEVAL-BFA001V2B
2025-09-13 12:28:11,123 [INFO] DbBoards:161 - Kit is not supported: STEVAL-BFA001V2B
2025-09-13 12:28:11,399 [INFO] DbBoards:168 - Found 212 boards, 209 are supported
2025-09-13 12:28:11,400 [INFO] DbBoards:169 - Found 212 boards, 43 of them is supported for  Bsp
2025-09-13 12:28:11,402 [INFO] ApiDb:414 - User favorites file not found: C:\Users\leoar/.stm32cubeide/favorites.boards.txt
2025-09-13 12:28:11,402 [INFO] DbBoards:198 - Set 0 / 0 favorites Boards
2025-09-13 12:28:11,402 [INFO] McuFinderGlobals:76 - Set McuFinderConnectedMode to true
2025-09-13 12:28:11,408 [INFO] MultiScanPanel:200 - Auto-refresh data requested => check proxy status ongoing
2025-09-13 12:28:11,410 [INFO] FinderPluginLoader:96 - Searching for filters in installed packs
2025-09-13 12:28:12,772 [INFO] LoadUrlFilesThread:185 - End of LoadServerUrlFiles without Thread
2025-09-13 12:28:12,858 [INFO] DetailPanel:341 - Set advertising image to C:/Users/leoar/STM32Cube/Repository/\en.2400x1350px.jpeg
2025-09-13 12:28:57,333 [INFO] MainUpdater:2872 - connection check result : 10
2025-09-13 12:28:57,335 [INFO] MainUpdater:2872 - connection check result : 10
2025-09-13 12:28:57,348 [INFO] MicroXplorer:468 - Change Database Path : 
2025-09-13 12:28:57,348 [INFO] MicroXplorer:498 - Change Database Version : DB.6.0.150
2025-09-13 12:28:57,353 [WARN] ThirdParty:871 - waiting for thirdparty lock release [close project]
2025-09-13 12:28:57,353 [INFO] ThirdParty:873 - entering critical section [close project]
2025-09-13 12:28:57,354 [INFO] ThirdParty:883 - exiting critical section [close project]
2025-09-13 12:28:57,357 [INFO] PinOutPanel:1589 - setPackage(No Configuration,No Configuration)
2025-09-13 12:28:57,358 [INFO] UtilMem:75 - Begin LoadConfig() Used Memory: 699053648 Bytes (918552576)
2025-09-13 12:28:57,359 [INFO] MicroXplorer:468 - Change Database Path : 
2025-09-13 12:28:57,359 [INFO] MicroXplorer:498 - Change Database Version : DB.6.0.150
2025-09-13 12:28:57,359 [INFO] OpenFileManager:355 - Change cursor
2025-09-13 12:28:57,406 [INFO] Mcu:2029 - Initializing MCU STM32F411CEUx STM32F411CEUx STM32F411CEU6
2025-09-13 12:28:58,745 [INFO] Context:786 - Trying to add GPIOservice into a context  which must be forbidden
2025-09-13 12:28:59,143 [INFO] ImportTextPane:234 - (OptionalMessage_ERROR) Unable to find key (Mcu.ThirdPartyNb) in loaded IOC file
2025-09-13 12:28:59,143 [INFO] ImportTextPane:234 - (OptionalMessage_ERROR) Unable to find key (Mcu.PinsNb) in loaded IOC file
2025-09-13 12:28:59,144 [INFO] ImportTextPane:234 - (OptionalMessage_ERROR) Pin0 (VP_RIF_VS_RIF1) cannot be retrieved for this MCU
2025-09-13 12:28:59,144 [INFO] ImportTextPane:234 - (OptionalMessage_ERROR) Unable to find key (Mcu.IPNb) in loaded IOC file
2025-09-13 12:28:59,222 [INFO] RtosManager:558 - Registered RTOS mode: class=CMSIS, group=RTOS, mode=CMSIS_V1, owner=FREERTOS
2025-09-13 12:28:59,223 [INFO] RtosManager:558 - Registered RTOS mode: class=CMSIS, group=RTOS2, mode=CMSIS_V2, owner=FREERTOS
2025-09-13 12:28:59,223 [INFO] RtosManager:558 - Registered RTOS mode: class=RTOS, group=Core, mode=CMSIS_V1, owner=FREERTOS
2025-09-13 12:28:59,223 [INFO] RtosManager:558 - Registered RTOS mode: class=RTOS, group=Core, mode=CMSIS_V2, owner=FREERTOS
2025-09-13 12:28:59,223 [WARN] ModelIntegratedComponent:184 - Missing modes for component STMicroelectronics:FreeRTOS:0.0.1:STMicroelectronics:RTOS:FreeRTOS:Core:::10.2.0:
2025-09-13 12:28:59,233 [WARN] ModelIntegratedComponent:182 - Modes not found for component STMicroelectronics:USB_HOST:1.0.0:STMicroelectronics:USB::USB Host:Audio HS::1.0:USB_HOST_1_0_RESTRICTED_HS
2025-09-13 12:28:59,233 [WARN] ModelIntegratedComponent:188 - Modes not found for component STMicroelectronics:USB_HOST:1.0.0:STMicroelectronics:USB::USB Host:Audio HS::1.0:USB_HOST_1_0_RESTRICTED_HS
2025-09-13 12:28:59,233 [WARN] ModelIntegratedComponent:182 - Modes not found for component STMicroelectronics:USB_HOST:1.0.0:STMicroelectronics:USB::USB Host:CDC HS::1.0:USB_HOST_1_0_RESTRICTED_HS
2025-09-13 12:28:59,233 [WARN] ModelIntegratedComponent:188 - Modes not found for component STMicroelectronics:USB_HOST:1.0.0:STMicroelectronics:USB::USB Host:CDC HS::1.0:USB_HOST_1_0_RESTRICTED_HS
2025-09-13 12:28:59,233 [WARN] ModelIntegratedComponent:182 - Modes not found for component STMicroelectronics:USB_HOST:1.0.0:STMicroelectronics:USB::USB Host:MSC HS::1.0:USB_HOST_1_0_RESTRICTED_HS
2025-09-13 12:28:59,233 [WARN] ModelIntegratedComponent:188 - Modes not found for component STMicroelectronics:USB_HOST:1.0.0:STMicroelectronics:USB::USB Host:MSC HS::1.0:USB_HOST_1_0_RESTRICTED_HS
2025-09-13 12:28:59,234 [WARN] ModelIntegratedComponent:182 - Modes not found for component STMicroelectronics:USB_HOST:1.0.0:STMicroelectronics:USB::USB Host:HID HS::1.0:USB_HOST_1_0_RESTRICTED_HS
2025-09-13 12:28:59,234 [WARN] ModelIntegratedComponent:188 - Modes not found for component STMicroelectronics:USB_HOST:1.0.0:STMicroelectronics:USB::USB Host:HID HS::1.0:USB_HOST_1_0_RESTRICTED_HS
2025-09-13 12:28:59,234 [WARN] ModelIntegratedComponent:182 - Modes not found for component STMicroelectronics:USB_HOST:1.0.0:STMicroelectronics:USB::USB Host:MTP HS::1.0:USB_HOST_1_0_RESTRICTED_HS
2025-09-13 12:28:59,234 [WARN] ModelIntegratedComponent:188 - Modes not found for component STMicroelectronics:USB_HOST:1.0.0:STMicroelectronics:USB::USB Host:MTP HS::1.0:USB_HOST_1_0_RESTRICTED_HS
2025-09-13 12:28:59,245 [WARN] ModelIntegratedComponent:63 - No mode defined for component null
2025-09-13 12:28:59,245 [WARN] ModelIntegratedComponent:63 - No mode defined for component null
2025-09-13 12:28:59,245 [WARN] ModelIntegratedComponent:63 - No mode defined for component null
2025-09-13 12:28:59,245 [WARN] ModelIntegratedComponent:63 - No mode defined for component null
2025-09-13 12:28:59,245 [WARN] ModelIntegratedComponent:63 - No mode defined for component null
2025-09-13 12:28:59,245 [WARN] ModelIntegratedComponent:63 - No mode defined for component null
2025-09-13 12:28:59,245 [WARN] ModelIntegratedComponent:63 - No mode defined for component null
2025-09-13 12:28:59,247 [WARN] ModelIntegratedComponent:63 - No mode defined for component null
2025-09-13 12:28:59,247 [WARN] ModelIntegratedComponent:63 - No mode defined for component null
2025-09-13 12:28:59,247 [WARN] ModelIntegratedComponent:63 - No mode defined for component null
2025-09-13 12:28:59,247 [WARN] ModelIntegratedComponent:63 - No mode defined for component null
2025-09-13 12:28:59,247 [WARN] ModelIntegratedComponent:63 - No mode defined for component null
2025-09-13 12:28:59,247 [WARN] ModelIntegratedComponent:63 - No mode defined for component null
2025-09-13 12:28:59,247 [WARN] ModelIntegratedComponent:63 - No mode defined for component null
2025-09-13 12:28:59,247 [WARN] ModelIntegratedComponent:63 - No mode defined for component null
2025-09-13 12:28:59,247 [WARN] ModelIntegratedComponent:63 - No mode defined for component null
2025-09-13 12:28:59,248 [WARN] ModelIntegratedComponent:63 - No mode defined for component null
2025-09-13 12:28:59,248 [WARN] ModelIntegratedComponent:63 - No mode defined for component null
2025-09-13 12:28:59,248 [WARN] ModelIntegratedComponent:63 - No mode defined for component null
2025-09-13 12:28:59,248 [WARN] ModelIntegratedComponent:63 - No mode defined for component null
2025-09-13 12:28:59,248 [WARN] ModelIntegratedComponent:63 - No mode defined for component null
2025-09-13 12:28:59,248 [WARN] ModelIntegratedComponent:63 - No mode defined for component null
2025-09-13 12:28:59,248 [WARN] ModelIntegratedComponent:63 - No mode defined for component null
2025-09-13 12:28:59,248 [WARN] ModelIntegratedComponent:63 - No mode defined for component null
2025-09-13 12:28:59,248 [WARN] ModelIntegratedComponent:63 - No mode defined for component null
2025-09-13 12:28:59,248 [WARN] ModelIntegratedComponent:63 - No mode defined for component null
2025-09-13 12:28:59,248 [WARN] ModelIntegratedComponent:63 - No mode defined for component null
2025-09-13 12:28:59,248 [WARN] ModelIntegratedComponent:63 - No mode defined for component null
2025-09-13 12:28:59,248 [WARN] ModelIntegratedComponent:63 - No mode defined for component null
2025-09-13 12:28:59,248 [WARN] ModelIntegratedComponent:63 - No mode defined for component null
2025-09-13 12:28:59,249 [WARN] ModelIntegratedComponent:63 - No mode defined for component null
2025-09-13 12:28:59,249 [WARN] ModelIntegratedComponent:63 - No mode defined for component null
2025-09-13 12:28:59,249 [WARN] ModelIntegratedComponent:63 - No mode defined for component null
2025-09-13 12:28:59,249 [WARN] ModelIntegratedComponent:63 - No mode defined for component null
2025-09-13 12:28:59,249 [WARN] ModelIntegratedComponent:63 - No mode defined for component null
2025-09-13 12:28:59,249 [WARN] ModelPack:524 - Component already loaded: STMicroelectronics:HAL Drivers:0.0.0:STMicroelectronics:Device:STMicro_Driver:XSPI:HAL::0.0.1:HAL_XSPI
2025-09-13 12:28:59,325 [WARN] ModelIntegratedComponent:182 - Modes not found for component STMicroelectronics:USB_DEVICE:1.0.0:STMicroelectronics:USB::USB Device:Audio HS::1.0:USB_DEVICE_1_0_RESTRICTED_HS
2025-09-13 12:28:59,326 [WARN] ModelIntegratedComponent:188 - Modes not found for component STMicroelectronics:USB_DEVICE:1.0.0:STMicroelectronics:USB::USB Device:Audio HS::1.0:USB_DEVICE_1_0_RESTRICTED_HS
2025-09-13 12:28:59,326 [WARN] ModelIntegratedComponent:182 - Modes not found for component STMicroelectronics:USB_DEVICE:1.0.0:STMicroelectronics:USB::USB Device:CDC HS::1.0:USB_DEVICE_1_0_RESTRICTED_HS
2025-09-13 12:28:59,326 [WARN] ModelIntegratedComponent:188 - Modes not found for component STMicroelectronics:USB_DEVICE:1.0.0:STMicroelectronics:USB::USB Device:CDC HS::1.0:USB_DEVICE_1_0_RESTRICTED_HS
2025-09-13 12:28:59,326 [WARN] ModelIntegratedComponent:182 - Modes not found for component STMicroelectronics:USB_DEVICE:1.0.0:STMicroelectronics:USB::USB Device:DFU HS::1.0:USB_DEVICE_1_0_RESTRICTED_HS
2025-09-13 12:28:59,326 [WARN] ModelIntegratedComponent:188 - Modes not found for component STMicroelectronics:USB_DEVICE:1.0.0:STMicroelectronics:USB::USB Device:DFU HS::1.0:USB_DEVICE_1_0_RESTRICTED_HS
2025-09-13 12:28:59,326 [WARN] ModelIntegratedComponent:182 - Modes not found for component STMicroelectronics:USB_DEVICE:1.0.0:STMicroelectronics:USB::USB Device:HID HS::1.0:USB_DEVICE_1_0_RESTRICTED_HS
2025-09-13 12:28:59,326 [WARN] ModelIntegratedComponent:188 - Modes not found for component STMicroelectronics:USB_DEVICE:1.0.0:STMicroelectronics:USB::USB Device:HID HS::1.0:USB_DEVICE_1_0_RESTRICTED_HS
2025-09-13 12:28:59,327 [WARN] ModelIntegratedComponent:182 - Modes not found for component STMicroelectronics:USB_DEVICE:1.0.0:STMicroelectronics:USB::USB Device:Custom HID HS::1.0:USB_DEVICE_1_0_RESTRICTED_HS
2025-09-13 12:28:59,327 [WARN] ModelIntegratedComponent:188 - Modes not found for component STMicroelectronics:USB_DEVICE:1.0.0:STMicroelectronics:USB::USB Device:Custom HID HS::1.0:USB_DEVICE_1_0_RESTRICTED_HS
2025-09-13 12:28:59,327 [WARN] ModelIntegratedComponent:182 - Modes not found for component STMicroelectronics:USB_DEVICE:1.0.0:STMicroelectronics:USB::USB Device:MSC HS::1.0:USB_DEVICE_1_0_RESTRICTED_HS
2025-09-13 12:28:59,327 [WARN] ModelIntegratedComponent:188 - Modes not found for component STMicroelectronics:USB_DEVICE:1.0.0:STMicroelectronics:USB::USB Device:MSC HS::1.0:USB_DEVICE_1_0_RESTRICTED_HS
2025-09-13 12:28:59,338 [INFO] ThirdPartyModel:298 - Start build external matchings
2025-09-13 12:28:59,842 [INFO] ThirdPartyModel:316 - End build external matchings
2025-09-13 12:29:00,053 [INFO] UtilMem:75 - End LoadConfig() Used Memory: 660304424 Bytes (1073741824)
2025-09-13 12:29:00,074 [WARN] ThirdParty:833 - waiting for thirdparty lock release [change project]
2025-09-13 12:29:00,074 [INFO] ThirdParty:835 - entering critical section [change project]
2025-09-13 12:29:00,075 [INFO] ThirdParty:1030 - CMSIS Pack Vendor :STMicroelectronics X-CUBE-PM33A1 1.0.0
2025-09-13 12:29:00,075 [INFO] ThirdParty:1030 - CMSIS Pack Vendor :STMicroelectronics USBPD 4.1
2025-09-13 12:29:00,075 [INFO] ThirdParty:1030 - CMSIS Pack Vendor :STMicroelectronics X-CUBE-NFC9 1.0.0
2025-09-13 12:29:00,075 [INFO] ThirdParty:1030 - CMSIS Pack Vendor :STMicroelectronics USB_HOST 2.0.0
2025-09-13 12:29:00,075 [INFO] ThirdParty:1030 - CMSIS Pack Vendor :STMicroelectronics FP-SNS-MOTENVWB1 1.4.0
2025-09-13 12:29:00,075 [INFO] ThirdParty:1030 - CMSIS Pack Vendor :STMicroelectronics X-CUBE-AZRTOS-F4 1.1.0
2025-09-13 12:29:00,075 [INFO] ThirdParty:1030 - CMSIS Pack Vendor :STMicroelectronics LIBJPEG 8.0.0
2025-09-13 12:29:00,075 [INFO] ThirdParty:1030 - CMSIS Pack Vendor :STMicroelectronics FP-ATR-ASTRA1 2.0.2
2025-09-13 12:29:00,075 [INFO] ThirdParty:1030 - CMSIS Pack Vendor :wolfSSL I-CUBE-wolfSSL 5.8.2
2025-09-13 12:29:00,075 [INFO] ThirdParty:1030 - CMSIS Pack Vendor :STMicroelectronics X-CUBE-BLE1 7.1.0
2025-09-13 12:29:00,075 [INFO] ThirdParty:1030 - CMSIS Pack Vendor :Avnet-IotConnect X-CUBE-IoTC-DA16k-PMOD 1.0.0
2025-09-13 12:29:00,075 [INFO] ThirdParty:1030 - CMSIS Pack Vendor :STMicroelectronics X-CUBE-SMBUS 2.1.0
2025-09-13 12:29:00,075 [INFO] ThirdParty:1030 - CMSIS Pack Vendor :wolfSSL I-CUBE-wolfMQTT 1.19.2
2025-09-13 12:29:00,075 [INFO] ThirdParty:1030 - CMSIS Pack Vendor :STMicroelectronics USB_DEVICE 3.0.0
2025-09-13 12:29:00,075 [INFO] ThirdParty:1030 - CMSIS Pack Vendor :STMicroelectronics X-CUBE-ISPU 2.1.0
2025-09-13 12:29:00,075 [INFO] ThirdParty:1030 - CMSIS Pack Vendor :STMicroelectronics X-CUBE-EEPRMA1 5.2.0
2025-09-13 12:29:00,075 [INFO] ThirdParty:1030 - CMSIS Pack Vendor :STMicroelectronics X-CUBE-BLEMGR 4.1.0
2025-09-13 12:29:00,075 [INFO] ThirdParty:1030 - CMSIS Pack Vendor :STMicroelectronics X-CUBE-AZRTOS-WB 2.0.0
2025-09-13 12:29:00,075 [INFO] ThirdParty:1030 - CMSIS Pack Vendor :STMicroelectronics X-CUBE-ST60 1.0.0
2025-09-13 12:29:00,076 [INFO] ThirdParty:1030 - CMSIS Pack Vendor :STMicroelectronics X-CUBE-GNSS1 7.0.1
2025-09-13 12:29:00,076 [INFO] ThirdParty:1030 - CMSIS Pack Vendor :STMicroelectronics X-CUBE-NFC12 1.0.0
2025-09-13 12:29:00,076 [INFO] ThirdParty:1030 - CMSIS Pack Vendor :STMicroelectronics X-CUBE-AZRTOS-F7 1.1.0
2025-09-13 12:29:00,076 [INFO] ThirdParty:1030 - CMSIS Pack Vendor :STMicroelectronics X-CUBE-AZRTOS-L5 2.0.0
2025-09-13 12:29:00,076 [INFO] ThirdParty:1030 - CMSIS Pack Vendor :STMicroelectronics X-CUBE-TOUCHGFX 4.25.0
2025-09-13 12:29:00,076 [INFO] ThirdParty:1030 - CMSIS Pack Vendor :STMicroelectronics USB_DEVICE 2.0.0
2025-09-13 12:29:00,076 [INFO] ThirdParty:1030 - CMSIS Pack Vendor :STMicroelectronics X-CUBE-NFC6 3.1.0
2025-09-13 12:29:00,076 [INFO] ThirdParty:1030 - CMSIS Pack Vendor :quantropi X-CUBE-qispace-sdk-base 2.1.0
2025-09-13 12:29:00,076 [INFO] ThirdParty:1030 - CMSIS Pack Vendor :STMicroelectronics FreeRTOS 0.0.1
2025-09-13 12:29:00,076 [INFO] ThirdParty:1030 - CMSIS Pack Vendor :STMicroelectronics X-CUBE-AZRTOS-G0 1.1.0
2025-09-13 12:29:00,076 [INFO] ThirdParty:1030 - CMSIS Pack Vendor :STMicroelectronics X-CUBE-SAFEA1 1.2.2
2025-09-13 12:29:00,076 [INFO] ThirdParty:1030 - CMSIS Pack Vendor :STMicroelectronics X-CUBE-NFC4 3.0.0
2025-09-13 12:29:00,076 [INFO] ThirdParty:1030 - CMSIS Pack Vendor :STMicroelectronics X-CUBE-SUBG2 5.0.0
2025-09-13 12:29:00,076 [INFO] ThirdParty:1030 - CMSIS Pack Vendor :STMicroelectronics X-CUBE-AZRTOS-H7RS 1.1.0
2025-09-13 12:29:00,076 [INFO] ThirdParty:1030 - CMSIS Pack Vendor :STMicroelectronics STM32_WPAN 1.0.0
2025-09-13 12:29:00,076 [INFO] ThirdParty:1030 - CMSIS Pack Vendor :EmbeddedOffice I-CUBE-FS-RTOS 1.0.1
2025-09-13 12:29:00,076 [INFO] ThirdParty:1030 - CMSIS Pack Vendor :STMicroelectronics lwIP 2.0.3
2025-09-13 12:29:00,076 [INFO] ThirdParty:1030 - CMSIS Pack Vendor :WES I-CUBE-Cesium 1.4.0
2025-09-13 12:29:00,076 [INFO] ThirdParty:1030 - CMSIS Pack Vendor :Cesanta I-CUBE-Mongoose 7.13.0
2025-09-13 12:29:00,076 [INFO] ThirdParty:1030 - CMSIS Pack Vendor :STMicroelectronics USB_HOST 1.0.0
2025-09-13 12:29:00,076 [INFO] ThirdParty:1030 - CMSIS Pack Vendor :Infineon AIROC-Wi-Fi-Bluetooth-STM32 1.7.1
2025-09-13 12:29:00,076 [INFO] ThirdParty:1030 - CMSIS Pack Vendor :STMicroelectronics X-CUBE-AZRTOS-G4 2.0.0
2025-09-13 12:29:00,076 [INFO] ThirdParty:1030 - CMSIS Pack Vendor :STMicroelectronics X-CUBE-WB05N 2.0.0
2025-09-13 12:29:00,077 [INFO] ThirdParty:1030 - CMSIS Pack Vendor :STMicroelectronics PDM2PCM 3.1.0
2025-09-13 12:29:00,077 [INFO] ThirdParty:1030 - CMSIS Pack Vendor :STMicroelectronics PDM2PCM 3.3.0
2025-09-13 12:29:00,077 [INFO] ThirdParty:1030 - CMSIS Pack Vendor :wolfSSL I-CUBE-wolfTPM 3.8.0
2025-09-13 12:29:00,077 [INFO] ThirdParty:1030 - CMSIS Pack Vendor :STMicroelectronics X-CUBE-AZRTOS-H7 3.4.0
2025-09-13 12:29:00,077 [INFO] ThirdParty:1030 - CMSIS Pack Vendor :STMicroelectronics X-CUBE-DISPLAY 3.0.0
2025-09-13 12:29:00,077 [INFO] ThirdParty:1030 - CMSIS Pack Vendor :wolfSSL I-CUBE-wolfSSH 1.4.20
2025-09-13 12:29:00,077 [INFO] ThirdParty:1030 - CMSIS Pack Vendor :STMicroelectronics X-CUBE-NFC7 2.0.0
2025-09-13 12:29:00,077 [INFO] ThirdParty:1030 - CMSIS Pack Vendor :STMicroelectronics X-CUBE-TCPP 4.2.0
2025-09-13 12:29:00,077 [INFO] ThirdParty:1030 - CMSIS Pack Vendor :RealThread X-CUBE-RT-Thread_Nano 4.1.1
2025-09-13 12:29:00,077 [INFO] ThirdParty:1030 - CMSIS Pack Vendor :STMicroelectronics FP-ATR-SIGFOX1 3.2.0
2025-09-13 12:29:00,077 [INFO] ThirdParty:1030 - CMSIS Pack Vendor :STMicroelectronics X-CUBE-NFC10 1.0.0
2025-09-13 12:29:00,078 [INFO] ThirdParty:1030 - CMSIS Pack Vendor :STMicroelectronics X-CUBE-FREERTOS 1.3.1
2025-09-13 12:29:00,078 [INFO] ThirdParty:1030 - CMSIS Pack Vendor :STMicroelectronics HAL Drivers 0.0.0
2025-09-13 12:29:00,078 [INFO] ThirdParty:1030 - CMSIS Pack Vendor :STMicroelectronics MBEDTLS 2.16.2
2025-09-13 12:29:00,078 [INFO] ThirdParty:1030 - CMSIS Pack Vendor :STMicroelectronics X-CUBE-IPS 3.1.0
2025-09-13 12:29:00,078 [INFO] ThirdParty:1030 - CMSIS Pack Vendor :STMicroelectronics X-CUBE-ALS 1.0.2
2025-09-13 12:29:00,078 [INFO] ThirdParty:1030 - CMSIS Pack Vendor :emotas I-CUBE-CANOPEN 1.3.0
2025-09-13 12:29:00,078 [INFO] ThirdParty:1030 - CMSIS Pack Vendor :STMicroelectronics MBEDTLS 2.14.1
2025-09-13 12:29:00,078 [INFO] ThirdParty:1030 - CMSIS Pack Vendor :ITTIA_DB I-CUBE-ITTIADB 8.9.0
2025-09-13 12:29:00,078 [INFO] ThirdParty:1030 - CMSIS Pack Vendor :STMicroelectronics X-CUBE-STSE01 1.0.0
2025-09-13 12:29:00,078 [INFO] ThirdParty:1030 - CMSIS Pack Vendor :STMicroelectronics X-CUBE-ST67W61 1.0.0
2025-09-13 12:29:00,078 [INFO] ThirdParty:1030 - CMSIS Pack Vendor :STMicroelectronics FP-SNS-STBOX1 2.1.0
2025-09-13 12:29:00,078 [INFO] ThirdParty:1030 - CMSIS Pack Vendor :STMicroelectronics X-CUBE-AI 10.2.0
2025-09-13 12:29:00,078 [INFO] ThirdParty:1030 - CMSIS Pack Vendor :STMicroelectronics FP-SNS-STAIOTCFT 1.0.0
2025-09-13 12:29:00,078 [INFO] ThirdParty:1030 - CMSIS Pack Vendor :STMicroelectronics ThreadX 1.0.0
2025-09-13 12:29:00,078 [INFO] ThirdParty:1030 - CMSIS Pack Vendor :STMicroelectronics FP-SNS-SMARTAG2 1.2.0
2025-09-13 12:29:00,078 [INFO] ThirdParty:1030 - CMSIS Pack Vendor :STMicroelectronics FP-SNS-FLIGHT1 5.1.0
2025-09-13 12:29:00,078 [INFO] ThirdParty:1030 - CMSIS Pack Vendor :STMicroelectronics X-CUBE-AZRTOS-WL 2.0.0
2025-09-13 12:29:00,078 [INFO] ThirdParty:1030 - CMSIS Pack Vendor :SEGGER I-CUBE-embOS 1.3.1
2025-09-13 12:29:00,078 [INFO] ThirdParty:1030 - CMSIS Pack Vendor :STMicroelectronics X-CUBE-ALGOBUILD 1.4.0
2025-09-13 12:29:00,079 [INFO] ThirdParty:1030 - CMSIS Pack Vendor :STMicroelectronics X-CUBE-DPower 1.3.0
2025-09-13 12:29:00,079 [INFO] ThirdParty:1030 - CMSIS Pack Vendor :STMicroelectronics X-CUBE-MEMS1 11.3.0
2025-09-13 12:29:00,079 [INFO] ThirdParty:1030 - CMSIS Pack Vendor :STMicroelectronics FP-SNS-MOTENV1 5.0.0
2025-09-13 12:29:00,079 [INFO] ThirdParty:1030 - CMSIS Pack Vendor :STMicroelectronics USB_DEVICE 1.0.0
2025-09-13 12:29:00,079 [INFO] ThirdParty:1030 - CMSIS Pack Vendor :STMicroelectronics X-CUBE-AZRTOS-L4 2.0.0
2025-09-13 12:29:00,079 [INFO] ThirdParty:1030 - CMSIS Pack Vendor :STMicroelectronics ThreadX 0.0.2
2025-09-13 12:29:00,079 [INFO] ThirdParty:1030 - CMSIS Pack Vendor :STMicroelectronics lwIP 2.1.2
2025-09-13 12:29:00,079 [INFO] ThirdParty:1030 - CMSIS Pack Vendor :STMicroelectronics X-CUBE-SFXS2LP1 4.0.0
2025-09-13 12:29:00,079 [INFO] ThirdParty:1030 - CMSIS Pack Vendor :STMicroelectronics X-CUBE-BLE2 3.3.0
2025-09-13 12:29:00,079 [INFO] ThirdParty:1030 - CMSIS Pack Vendor :STMicroelectronics X-CUBE-TOF1 3.4.3
2025-09-13 12:29:00,079 [INFO] ThirdParty:1030 - CMSIS Pack Vendor :STMicroelectronics PDM2PCM 3.2.0
2025-09-13 12:29:00,079 [INFO] ThirdParty:841 - exiting critical section [change project]
2025-09-13 12:29:00,401 [INFO] PinOutPanel:1589 - setPackage(No Configuration,No Configuration)
2025-09-13 12:29:00,402 [INFO] PinOutPanel:1589 - setPackage(STM32F411CEUx,UFQFPN48)
2025-09-13 12:29:00,808 [INFO] UtilMem:75 - Before build in PCC Used Memory: 842800768 Bytes (1073741824)
2025-09-13 12:29:01,574 [INFO] UtilMem:75 - After build in PCC Used Memory: 908456080 Bytes (1073741824)
2025-09-13 12:29:01,605 [INFO] IPUIPlugin:80 - create IPUIPlugin
2025-09-13 12:29:01,607 [INFO] IPUIPlugin:80 - create IPUIPlugin
2025-09-13 12:29:01,607 [INFO] IPUIPlugin:80 - create IPUIPlugin
2025-09-13 12:29:01,607 [INFO] IPUIPlugin:80 - create IPUIPlugin
2025-09-13 12:29:01,608 [INFO] IPUIPlugin:80 - create IPUIPlugin
2025-09-13 12:29:01,608 [INFO] IPUIPlugin:80 - create IPUIPlugin
2025-09-13 12:29:01,608 [INFO] IPUIPlugin:80 - create IPUIPlugin
2025-09-13 12:29:01,608 [INFO] IPUIPlugin:80 - create IPUIPlugin
2025-09-13 12:29:01,608 [INFO] IPUIPlugin:80 - create IPUIPlugin
2025-09-13 12:29:01,608 [INFO] IPUIPlugin:80 - create IPUIPlugin
2025-09-13 12:29:01,608 [INFO] IPUIPlugin:80 - create IPUIPlugin
2025-09-13 12:29:01,609 [INFO] IPUIPlugin:80 - create IPUIPlugin
2025-09-13 12:29:01,609 [INFO] IPUIPlugin:80 - create IPUIPlugin
2025-09-13 12:29:01,609 [INFO] IPUIPlugin:80 - create IPUIPlugin
2025-09-13 12:29:01,609 [INFO] IPUIPlugin:80 - create IPUIPlugin
2025-09-13 12:29:01,609 [INFO] IPUIPlugin:80 - create IPUIPlugin
2025-09-13 12:29:01,609 [INFO] IPUIPlugin:80 - create IPUIPlugin
2025-09-13 12:29:01,610 [INFO] IPUIPlugin:80 - create IPUIPlugin
2025-09-13 12:29:01,610 [INFO] IPUIPlugin:80 - create IPUIPlugin
2025-09-13 12:29:01,610 [INFO] IPUIPlugin:80 - create IPUIPlugin
2025-09-13 12:29:01,610 [INFO] IPUIPlugin:80 - create IPUIPlugin
2025-09-13 12:29:01,610 [INFO] IPUIPlugin:80 - create IPUIPlugin
2025-09-13 12:29:01,611 [INFO] IPUIPlugin:80 - create IPUIPlugin
2025-09-13 12:29:01,611 [INFO] IPUIPlugin:80 - create IPUIPlugin
2025-09-13 12:29:01,611 [INFO] IPUIPlugin:80 - create IPUIPlugin
2025-09-13 12:29:01,611 [INFO] IPUIPlugin:80 - create IPUIPlugin
2025-09-13 12:29:01,611 [INFO] IPUIPlugin:80 - create IPUIPlugin
2025-09-13 12:29:01,612 [INFO] IPUIPlugin:80 - create IPUIPlugin
2025-09-13 12:29:01,612 [INFO] IPUIPlugin:80 - create IPUIPlugin
2025-09-13 12:29:01,612 [INFO] IPUIPlugin:80 - create IPUIPlugin
2025-09-13 12:29:01,613 [INFO] IPUIPlugin:80 - create IPUIPlugin
2025-09-13 12:29:01,613 [INFO] IPUIPlugin:80 - create IPUIPlugin
2025-09-13 12:29:01,613 [INFO] IPUIPlugin:80 - create IPUIPlugin
2025-09-13 12:29:01,614 [INFO] IPUIPlugin:80 - create IPUIPlugin
2025-09-13 12:29:01,614 [INFO] IPUIPlugin:80 - create IPUIPlugin
2025-09-13 12:29:01,614 [INFO] IPUIPlugin:80 - create IPUIPlugin
2025-09-13 12:29:01,614 [INFO] IPUIPlugin:80 - create IPUIPlugin
2025-09-13 12:29:01,616 [INFO] IPUIPlugin:80 - create IPUIPlugin
2025-09-13 12:29:01,616 [INFO] IPUIPlugin:80 - create IPUIPlugin
2025-09-13 12:29:01,616 [INFO] IPUIPlugin:80 - create IPUIPlugin
2025-09-13 12:29:01,616 [INFO] IPUIPlugin:80 - create IPUIPlugin
2025-09-13 12:29:01,617 [INFO] IPUIPlugin:80 - create IPUIPlugin
2025-09-13 12:29:01,617 [INFO] IPUIPlugin:80 - create IPUIPlugin
2025-09-13 12:29:01,692 [INFO] ApiDbMcu:532 - Load IP Config File for PDM2PCM
2025-09-13 12:29:01,835 [INFO] CADModel:165 - CPN selected for project levelSTM32F411CEU6
2025-09-13 12:29:01,835 [INFO] CADModel:114 - Register for checkConnection events
2025-09-13 12:29:01,882 [INFO] OpenFileManager:386 - Restore cursor
2025-09-13 12:29:02,549 [INFO] UtilMem:75 - End SaveConfig() Used Memory: 1008046080 Bytes (1073741824)
2025-09-13 12:29:07,544 [ERROR] AdobePublisher:162 - Exception while opening the connection: java.net.ConnectException: Connection refused: getsockopt
2025-09-13 12:29:09,586 [ERROR] AdobePublisher:162 - Exception while opening the connection: java.net.ConnectException: Connection refused: getsockopt
2025-09-13 12:29:11,623 [ERROR] AdobePublisher:162 - Exception while opening the connection: java.net.ConnectException: Connection refused: getsockopt
2025-09-13 12:29:12,521 [ERROR] AdobePublisher:162 - Exception while opening the connection: java.net.ConnectException: Connection refused: getsockopt
2025-09-13 12:29:12,580 [ERROR] AdobePublisher:162 - Exception while opening the connection: java.net.SocketTimeoutException: Connect timed out
2025-09-13 12:29:13,660 [ERROR] AdobePublisher:162 - Exception while opening the connection: java.net.ConnectException: Connection refused: getsockopt
2025-09-13 12:29:14,552 [ERROR] AdobePublisher:162 - Exception while opening the connection: java.net.ConnectException: Connection refused: getsockopt
2025-09-13 12:29:14,582 [ERROR] AdobePublisher:162 - Exception while opening the connection: java.net.SocketTimeoutException: Connect timed out
2025-09-13 12:29:15,689 [ERROR] AdobePublisher:162 - Exception while opening the connection: java.net.ConnectException: Connection refused: getsockopt
2025-09-13 12:29:16,583 [ERROR] AdobePublisher:162 - Exception while opening the connection: java.net.SocketTimeoutException: Connect timed out
2025-09-13 12:29:16,585 [ERROR] AdobePublisher:162 - Exception while opening the connection: java.net.ConnectException: Connection refused: getsockopt
2025-09-13 12:29:18,585 [ERROR] AdobePublisher:162 - Exception while opening the connection: java.net.SocketTimeoutException: Connect timed out
2025-09-13 12:29:18,630 [ERROR] AdobePublisher:162 - Exception while opening the connection: java.net.ConnectException: Connection refused: getsockopt
2025-09-13 12:29:20,586 [ERROR] AdobePublisher:162 - Exception while opening the connection: java.net.SocketTimeoutException: Connect timed out
2025-09-13 12:29:20,663 [ERROR] AdobePublisher:162 - Exception while opening the connection: java.net.ConnectException: Connection refused: getsockopt
2025-09-13 12:29:20,663 [INFO] McuFinderGlobals:76 - Set McuFinderConnectedMode to true
2025-09-13 12:29:20,666 [INFO] ApiDb:448 - Save user favorites file C:\Users\leoar/.stm32cubeide/favorites.mcus.txt: 0 item(s)
2025-09-13 12:29:20,666 [INFO] ApiDb:452 - User favorites MCUs=[]
2025-09-13 12:29:41,907 [INFO] McuFinderGlobals:63 - Set McuFinder mode to 2 (CubeIDE integrated)
2025-09-13 12:29:41,907 [INFO] UserAuth:171 - activating auth plugin
2025-09-13 12:29:41,911 [INFO] UserAuth:487 - Internet connection configuration mode: 1
2025-09-13 12:33:21,863 [INFO] McuFinderGlobals:63 - Set McuFinder mode to 2 (CubeIDE integrated)
2025-09-13 12:33:21,863 [INFO] UserAuth:171 - activating auth plugin
2025-09-13 12:33:21,866 [INFO] UserAuth:487 - Internet connection configuration mode: 1
2025-09-13 12:34:04,677 [INFO] WebApp:650 - userauth.ini created with success
2025-09-13 12:34:18,020 [INFO] McuFinderGlobals:63 - Set McuFinder mode to 2 (CubeIDE integrated)
2025-09-13 12:34:18,021 [INFO] UserAuth:487 - Internet connection configuration mode: 1
2025-09-13 12:34:34,053 [INFO] MainUpdater:2872 - connection check result : 10
2025-09-13 12:34:34,211 [INFO] McuFinderGlobals:76 - Set McuFinderConnectedMode to true
2025-09-13 12:34:34,212 [INFO] MultiScanPanel:200 - Auto-refresh data requested => check proxy status ongoing
2025-09-13 12:34:34,212 [INFO] FinderPluginLoader:96 - Searching for filters in installed packs
2025-09-13 12:34:34,810 [INFO] LoadUrlFilesThread:185 - End of LoadServerUrlFiles without Thread
2025-09-13 12:34:34,810 [INFO] DetailPanel:341 - Set advertising image to C:/Users/leoar/STM32Cube/Repository/\en.2400x1350px.jpeg
2025-09-13 12:34:55,878 [INFO] MainUpdater:2872 - connection check result : 10
2025-09-13 12:34:55,878 [INFO] MainUpdater:2872 - connection check result : 10
2025-09-13 12:34:55,887 [ERROR] IocParser:57 - IOException caught: G:\ST\workspace\try2\try2.ioc (The system cannot find the path specified)
2025-09-13 12:34:55,889 [ERROR] PeripheralListParser:95 - Something went wrong with ioc file reading: G:\ST\workspace\try2\try2.ioc (The system cannot find the path specified)
2025-09-13 12:34:55,889 [ERROR] RegexParser:59 - Issue caught when parsing regex: G:\ST\workspace\try2\try2.ioc (The system cannot find the path specified)
2025-09-13 12:34:57,961 [ERROR] AdobePublisher:162 - Exception while opening the connection: java.net.ConnectException: Connection refused: getsockopt
2025-09-13 12:34:59,991 [ERROR] AdobePublisher:162 - Exception while opening the connection: java.net.ConnectException: Connection refused: getsockopt
2025-09-13 12:35:02,038 [ERROR] AdobePublisher:162 - Exception while opening the connection: java.net.ConnectException: Connection refused: getsockopt
2025-09-13 12:35:04,066 [ERROR] AdobePublisher:162 - Exception while opening the connection: java.net.ConnectException: Connection refused: getsockopt
2025-09-13 12:35:06,101 [ERROR] AdobePublisher:162 - Exception while opening the connection: java.net.ConnectException: Connection refused: getsockopt
2025-09-13 12:35:06,104 [INFO] MicroXplorer:468 - Change Database Path : 
2025-09-13 12:35:06,104 [INFO] MicroXplorer:498 - Change Database Version : DB.6.0.150
2025-09-13 12:35:06,115 [ERROR] ProjectManagerView:395 - 
java.lang.NullPointerException: Cannot invoke "javax.swing.JTextField.getText()" because the return value of "java.util.List.get(int)" is null
	at com.st.microxplorer.plugins.projectmanager.gui.ProjectChoiceTab$9.caretUpdate(ProjectChoiceTab.java:2706) ~[filemanager.jar:?]
	at javax.swing.text.JTextComponent.fireCaretUpdate(JTextComponent.java:408) ~[?:?]
	at javax.swing.text.JTextComponent$MutableCaretEvent.fire(JTextComponent.java:4484) ~[?:?]
	at javax.swing.text.JTextComponent$MutableCaretEvent.stateChanged(JTextComponent.java:4506) ~[?:?]
	at javax.swing.text.DefaultCaret.fireStateChanged(DefaultCaret.java:857) ~[?:?]
	at javax.swing.text.DefaultCaret.changeCaretPosition(DefaultCaret.java:1343) ~[?:?]
	at javax.swing.text.DefaultCaret.handleSetDot(DefaultCaret.java:1242) ~[?:?]
	at javax.swing.text.DefaultCaret.setDot(DefaultCaret.java:1223) ~[?:?]
	at javax.swing.text.DefaultCaret$Handler.insertUpdate(DefaultCaret.java:1819) ~[?:?]
	at javax.swing.text.AbstractDocument.fireInsertUpdate(AbstractDocument.java:227) ~[?:?]
	at javax.swing.text.AbstractDocument.handleInsertString(AbstractDocument.java:781) ~[?:?]
	at javax.swing.text.AbstractDocument.insertString(AbstractDocument.java:740) ~[?:?]
	at javax.swing.text.PlainDocument.insertString(PlainDocument.java:131) ~[?:?]
	at javax.swing.text.AbstractDocument.replace(AbstractDocument.java:699) ~[?:?]
	at javax.swing.text.JTextComponent.setText(JTextComponent.java:1725) ~[?:?]
	at com.st.microxplorer.plugins.projectmanager.gui.ProjectChoiceTab.createHeapStackFields(ProjectChoiceTab.java:993) ~[filemanager.jar:?]
	at com.st.microxplorer.plugins.projectmanager.gui.ProjectChoiceTab.buildLinkSettingsPanel(ProjectChoiceTab.java:3813) ~[filemanager.jar:?]
	at com.st.microxplorer.plugins.projectmanager.gui.ProjectChoiceTab.defineWindowsFields(ProjectChoiceTab.java:1987) ~[filemanager.jar:?]
	at com.st.microxplorer.plugins.projectmanager.gui.ProjectChoiceTab.updateSettings(ProjectChoiceTab.java:558) ~[filemanager.jar:?]
	at com.st.microxplorer.plugins.projectmanager.gui.ProjectSettingsPanel.UpdateDialog(ProjectSettingsPanel.java:247) ~[filemanager.jar:?]
	at com.st.microxplorer.plugins.projectmanager.ProjectManagerView.propertyChange(ProjectManagerView.java:392) ~[filemanager.jar:?]
	at java.beans.PropertyChangeSupport.fire(PropertyChangeSupport.java:343) ~[?:?]
	at java.beans.PropertyChangeSupport.firePropertyChange(PropertyChangeSupport.java:335) ~[?:?]
	at java.beans.PropertyChangeSupport.firePropertyChange(PropertyChangeSupport.java:268) ~[?:?]
	at com.st.microxplorer.util.MXPropertyChangeSupport.firePropertyChange(MXPropertyChangeSupport.java:54) ~[STM32CubeMX.jar:?]
	at com.st.microxplorer.mxsystem.MxSystem.closeConfig(MxSystem.java:899) ~[STM32CubeMX.jar:?]
	at com.st.microxplorer.maingui.MainPanel.closeConfig(MainPanel.java:792) ~[STM32CubeMX.jar:?]
	at com.st.microxplorer.plugins.filemanager.engine.OpenFileManager.loadConfigurationFile(OpenFileManager.java:288) ~[filemanager.jar:?]
	at com.st.microxplorer.plugins.filemanager.engine.MainFileManager.userLoadConfig(MainFileManager.java:364) ~[filemanager.jar:?]
	at com.st.microxplorer.plugins.filemanager.engine.MainFileManager.userLoadConfig(MainFileManager.java:342) ~[filemanager.jar:?]
	at com.st.microxplorer.plugins.filemanager.FileManagerView.getSpecificTask(FileManagerView.java:264) ~[filemanager.jar:?]
	at com.st.stm32cube.common.mx.editor.CubeMxEditor.getMxTabbedPaneInstance(CubeMxEditor.java:1198) ~[com.st.stm32cube.common.mx_6.15.0.202507011659/:?]
	at com.st.stm32cube.common.mx.editor.CubeMxEditor$12$1.createSwingComponent(CubeMxEditor.java:1068) ~[com.st.stm32cube.common.mx_6.15.0.202507011659/:?]
	at com.st.stm32cube.common.mx.oss.core.awtswtbridge.EmbeddedSwingComposite.doComponentCreation(EmbeddedSwingComposite.java:492) ~[com.st.stm32cube.common.mx.oss_6.15.0.202507011659/:?]
	at com.st.stm32cube.common.mx.oss.core.awtswtbridge.EmbeddedSwingComposite$4.run(EmbeddedSwingComposite.java:291) ~[com.st.stm32cube.common.mx.oss_6.15.0.202507011659/:?]
	at com.st.stm32cube.common.mx.oss.core.awtswtbridge.AwtEnvironment$2.run(AwtEnvironment.java:166) ~[com.st.stm32cube.common.mx.oss_6.15.0.202507011659/:?]
	at java.awt.event.InvocationEvent.dispatch(InvocationEvent.java:318) ~[?:?]
	at java.awt.EventQueue.dispatchEventImpl(EventQueue.java:773) ~[?:?]
	at java.awt.EventQueue$4.run(EventQueue.java:720) ~[?:?]
	at java.awt.EventQueue$4.run(EventQueue.java:714) ~[?:?]
	at java.security.AccessController.doPrivileged(AccessController.java:400) ~[?:?]
	at java.security.ProtectionDomain$JavaSecurityAccessImpl.doIntersectionPrivilege(ProtectionDomain.java:87) ~[?:?]
	at java.awt.EventQueue.dispatchEvent(EventQueue.java:742) ~[?:?]
	at java.awt.EventDispatchThread.pumpOneEventForFilters(EventDispatchThread.java:203) ~[?:?]
	at java.awt.EventDispatchThread.pumpEventsForFilter(EventDispatchThread.java:124) ~[?:?]
	at java.awt.EventDispatchThread.pumpEventsForHierarchy(EventDispatchThread.java:113) ~[?:?]
	at java.awt.EventDispatchThread.pumpEvents(EventDispatchThread.java:109) ~[?:?]
	at java.awt.EventDispatchThread.pumpEvents(EventDispatchThread.java:101) ~[?:?]
	at java.awt.EventDispatchThread.run(EventDispatchThread.java:90) ~[?:?]
2025-09-13 12:35:06,125 [WARN] ThirdParty:871 - waiting for thirdparty lock release [close project]
2025-09-13 12:35:06,125 [INFO] ThirdParty:873 - entering critical section [close project]
2025-09-13 12:35:06,125 [INFO] ThirdParty:883 - exiting critical section [close project]
2025-09-13 12:35:06,126 [INFO] PinOutPanel:1589 - setPackage(No Configuration,No Configuration)
2025-09-13 12:35:06,139 [WARN] IpParametersView:155 - Warning: This peripheral hasn't parameters
2025-09-13 12:35:06,151 [WARN] MainPanel:289 - <html><b><center>Warning: This peripheral has no parameters to be configured<br></b></html>
2025-09-13 12:35:06,159 [INFO] UtilMem:75 - Begin LoadConfig() Used Memory: 605280200 Bytes (1073741824)
2025-09-13 12:35:06,160 [INFO] MicroXplorer:468 - Change Database Path : 
2025-09-13 12:35:06,160 [INFO] MicroXplorer:498 - Change Database Version : DB.6.0.150
2025-09-13 12:35:06,160 [INFO] OpenFileManager:355 - Change cursor
2025-09-13 12:35:06,177 [INFO] RulesReader:64 - Compatibility file has been processed (317 Rules)
2025-09-13 12:35:06,182 [INFO] Mcu:2029 - Initializing MCU STM32F411CEUx STM32F411CEUx STM32F411CEU6
2025-09-13 12:35:06,813 [INFO] Context:786 - Trying to add GPIOservice into a context  which must be forbidden
2025-09-13 12:35:06,997 [INFO] ImportTextPane:234 - (OptionalMessage_ERROR) Unable to find key (Mcu.ThirdPartyNb) in loaded IOC file
2025-09-13 12:35:06,997 [INFO] ImportTextPane:234 - (OptionalMessage_ERROR) Unable to find key (Mcu.PinsNb) in loaded IOC file
2025-09-13 12:35:06,997 [INFO] ImportTextPane:234 - (OptionalMessage_ERROR) Pin0 (VP_RIF_VS_RIF1) cannot be retrieved for this MCU
2025-09-13 12:35:06,997 [INFO] ImportTextPane:234 - (OptionalMessage_ERROR) Unable to find key (Mcu.IPNb) in loaded IOC file
2025-09-13 12:35:07,016 [INFO] RtosManager:558 - Registered RTOS mode: class=CMSIS, group=RTOS, mode=CMSIS_V1, owner=FREERTOS
2025-09-13 12:35:07,016 [INFO] RtosManager:558 - Registered RTOS mode: class=CMSIS, group=RTOS2, mode=CMSIS_V2, owner=FREERTOS
2025-09-13 12:35:07,016 [INFO] RtosManager:558 - Registered RTOS mode: class=RTOS, group=Core, mode=CMSIS_V1, owner=FREERTOS
2025-09-13 12:35:07,016 [INFO] RtosManager:558 - Registered RTOS mode: class=RTOS, group=Core, mode=CMSIS_V2, owner=FREERTOS
2025-09-13 12:35:07,016 [WARN] ModelIntegratedComponent:184 - Missing modes for component STMicroelectronics:FreeRTOS:0.0.1:STMicroelectronics:RTOS:FreeRTOS:Core:::10.2.0:
2025-09-13 12:35:07,019 [WARN] ModelIntegratedComponent:182 - Modes not found for component STMicroelectronics:USB_HOST:1.0.0:STMicroelectronics:USB::USB Host:Audio HS::1.0:USB_HOST_1_0_RESTRICTED_HS
2025-09-13 12:35:07,019 [WARN] ModelIntegratedComponent:188 - Modes not found for component STMicroelectronics:USB_HOST:1.0.0:STMicroelectronics:USB::USB Host:Audio HS::1.0:USB_HOST_1_0_RESTRICTED_HS
2025-09-13 12:35:07,019 [WARN] ModelIntegratedComponent:182 - Modes not found for component STMicroelectronics:USB_HOST:1.0.0:STMicroelectronics:USB::USB Host:CDC HS::1.0:USB_HOST_1_0_RESTRICTED_HS
2025-09-13 12:35:07,020 [WARN] ModelIntegratedComponent:188 - Modes not found for component STMicroelectronics:USB_HOST:1.0.0:STMicroelectronics:USB::USB Host:CDC HS::1.0:USB_HOST_1_0_RESTRICTED_HS
2025-09-13 12:35:07,020 [WARN] ModelIntegratedComponent:182 - Modes not found for component STMicroelectronics:USB_HOST:1.0.0:STMicroelectronics:USB::USB Host:MSC HS::1.0:USB_HOST_1_0_RESTRICTED_HS
2025-09-13 12:35:07,020 [WARN] ModelIntegratedComponent:188 - Modes not found for component STMicroelectronics:USB_HOST:1.0.0:STMicroelectronics:USB::USB Host:MSC HS::1.0:USB_HOST_1_0_RESTRICTED_HS
2025-09-13 12:35:07,020 [WARN] ModelIntegratedComponent:182 - Modes not found for component STMicroelectronics:USB_HOST:1.0.0:STMicroelectronics:USB::USB Host:HID HS::1.0:USB_HOST_1_0_RESTRICTED_HS
2025-09-13 12:35:07,020 [WARN] ModelIntegratedComponent:188 - Modes not found for component STMicroelectronics:USB_HOST:1.0.0:STMicroelectronics:USB::USB Host:HID HS::1.0:USB_HOST_1_0_RESTRICTED_HS
2025-09-13 12:35:07,020 [WARN] ModelIntegratedComponent:182 - Modes not found for component STMicroelectronics:USB_HOST:1.0.0:STMicroelectronics:USB::USB Host:MTP HS::1.0:USB_HOST_1_0_RESTRICTED_HS
2025-09-13 12:35:07,020 [WARN] ModelIntegratedComponent:188 - Modes not found for component STMicroelectronics:USB_HOST:1.0.0:STMicroelectronics:USB::USB Host:MTP HS::1.0:USB_HOST_1_0_RESTRICTED_HS
2025-09-13 12:35:07,025 [WARN] ModelIntegratedComponent:63 - No mode defined for component null
2025-09-13 12:35:07,025 [WARN] ModelIntegratedComponent:63 - No mode defined for component null
2025-09-13 12:35:07,025 [WARN] ModelIntegratedComponent:63 - No mode defined for component null
2025-09-13 12:35:07,025 [WARN] ModelIntegratedComponent:63 - No mode defined for component null
2025-09-13 12:35:07,025 [WARN] ModelIntegratedComponent:63 - No mode defined for component null
2025-09-13 12:35:07,025 [WARN] ModelIntegratedComponent:63 - No mode defined for component null
2025-09-13 12:35:07,025 [WARN] ModelIntegratedComponent:63 - No mode defined for component null
2025-09-13 12:35:07,025 [WARN] ModelIntegratedComponent:63 - No mode defined for component null
2025-09-13 12:35:07,025 [WARN] ModelIntegratedComponent:63 - No mode defined for component null
2025-09-13 12:35:07,025 [WARN] ModelIntegratedComponent:63 - No mode defined for component null
2025-09-13 12:35:07,025 [WARN] ModelIntegratedComponent:63 - No mode defined for component null
2025-09-13 12:35:07,025 [WARN] ModelIntegratedComponent:63 - No mode defined for component null
2025-09-13 12:35:07,025 [WARN] ModelIntegratedComponent:63 - No mode defined for component null
2025-09-13 12:35:07,025 [WARN] ModelIntegratedComponent:63 - No mode defined for component null
2025-09-13 12:35:07,025 [WARN] ModelIntegratedComponent:63 - No mode defined for component null
2025-09-13 12:35:07,025 [WARN] ModelIntegratedComponent:63 - No mode defined for component null
2025-09-13 12:35:07,026 [WARN] ModelIntegratedComponent:63 - No mode defined for component null
2025-09-13 12:35:07,026 [WARN] ModelIntegratedComponent:63 - No mode defined for component null
2025-09-13 12:35:07,026 [WARN] ModelIntegratedComponent:63 - No mode defined for component null
2025-09-13 12:35:07,026 [WARN] ModelIntegratedComponent:63 - No mode defined for component null
2025-09-13 12:35:07,026 [WARN] ModelIntegratedComponent:63 - No mode defined for component null
2025-09-13 12:35:07,026 [WARN] ModelIntegratedComponent:63 - No mode defined for component null
2025-09-13 12:35:07,026 [WARN] ModelIntegratedComponent:63 - No mode defined for component null
2025-09-13 12:35:07,026 [WARN] ModelIntegratedComponent:63 - No mode defined for component null
2025-09-13 12:35:07,026 [WARN] ModelIntegratedComponent:63 - No mode defined for component null
2025-09-13 12:35:07,026 [WARN] ModelIntegratedComponent:63 - No mode defined for component null
2025-09-13 12:35:07,026 [WARN] ModelIntegratedComponent:63 - No mode defined for component null
2025-09-13 12:35:07,026 [WARN] ModelIntegratedComponent:63 - No mode defined for component null
2025-09-13 12:35:07,026 [WARN] ModelIntegratedComponent:63 - No mode defined for component null
2025-09-13 12:35:07,027 [WARN] ModelIntegratedComponent:63 - No mode defined for component null
2025-09-13 12:35:07,027 [WARN] ModelIntegratedComponent:63 - No mode defined for component null
2025-09-13 12:35:07,027 [WARN] ModelIntegratedComponent:63 - No mode defined for component null
2025-09-13 12:35:07,027 [WARN] ModelIntegratedComponent:63 - No mode defined for component null
2025-09-13 12:35:07,027 [WARN] ModelIntegratedComponent:63 - No mode defined for component null
2025-09-13 12:35:07,027 [WARN] ModelIntegratedComponent:63 - No mode defined for component null
2025-09-13 12:35:07,027 [WARN] ModelPack:524 - Component already loaded: STMicroelectronics:HAL Drivers:0.0.0:STMicroelectronics:Device:STMicro_Driver:XSPI:HAL::0.0.1:HAL_XSPI
2025-09-13 12:35:07,107 [WARN] ModelIntegratedComponent:182 - Modes not found for component STMicroelectronics:USB_DEVICE:1.0.0:STMicroelectronics:USB::USB Device:Audio HS::1.0:USB_DEVICE_1_0_RESTRICTED_HS
2025-09-13 12:35:07,108 [WARN] ModelIntegratedComponent:188 - Modes not found for component STMicroelectronics:USB_DEVICE:1.0.0:STMicroelectronics:USB::USB Device:Audio HS::1.0:USB_DEVICE_1_0_RESTRICTED_HS
2025-09-13 12:35:07,108 [WARN] ModelIntegratedComponent:182 - Modes not found for component STMicroelectronics:USB_DEVICE:1.0.0:STMicroelectronics:USB::USB Device:CDC HS::1.0:USB_DEVICE_1_0_RESTRICTED_HS
2025-09-13 12:35:07,108 [WARN] ModelIntegratedComponent:188 - Modes not found for component STMicroelectronics:USB_DEVICE:1.0.0:STMicroelectronics:USB::USB Device:CDC HS::1.0:USB_DEVICE_1_0_RESTRICTED_HS
2025-09-13 12:35:07,108 [WARN] ModelIntegratedComponent:182 - Modes not found for component STMicroelectronics:USB_DEVICE:1.0.0:STMicroelectronics:USB::USB Device:DFU HS::1.0:USB_DEVICE_1_0_RESTRICTED_HS
2025-09-13 12:35:07,108 [WARN] ModelIntegratedComponent:188 - Modes not found for component STMicroelectronics:USB_DEVICE:1.0.0:STMicroelectronics:USB::USB Device:DFU HS::1.0:USB_DEVICE_1_0_RESTRICTED_HS
2025-09-13 12:35:07,108 [WARN] ModelIntegratedComponent:182 - Modes not found for component STMicroelectronics:USB_DEVICE:1.0.0:STMicroelectronics:USB::USB Device:HID HS::1.0:USB_DEVICE_1_0_RESTRICTED_HS
2025-09-13 12:35:07,108 [WARN] ModelIntegratedComponent:188 - Modes not found for component STMicroelectronics:USB_DEVICE:1.0.0:STMicroelectronics:USB::USB Device:HID HS::1.0:USB_DEVICE_1_0_RESTRICTED_HS
2025-09-13 12:35:07,108 [WARN] ModelIntegratedComponent:182 - Modes not found for component STMicroelectronics:USB_DEVICE:1.0.0:STMicroelectronics:USB::USB Device:Custom HID HS::1.0:USB_DEVICE_1_0_RESTRICTED_HS
2025-09-13 12:35:07,108 [WARN] ModelIntegratedComponent:188 - Modes not found for component STMicroelectronics:USB_DEVICE:1.0.0:STMicroelectronics:USB::USB Device:Custom HID HS::1.0:USB_DEVICE_1_0_RESTRICTED_HS
2025-09-13 12:35:07,108 [WARN] ModelIntegratedComponent:182 - Modes not found for component STMicroelectronics:USB_DEVICE:1.0.0:STMicroelectronics:USB::USB Device:MSC HS::1.0:USB_DEVICE_1_0_RESTRICTED_HS
2025-09-13 12:35:07,108 [WARN] ModelIntegratedComponent:188 - Modes not found for component STMicroelectronics:USB_DEVICE:1.0.0:STMicroelectronics:USB::USB Device:MSC HS::1.0:USB_DEVICE_1_0_RESTRICTED_HS
2025-09-13 12:35:07,115 [INFO] ThirdPartyModel:298 - Start build external matchings
2025-09-13 12:35:07,706 [INFO] ThirdPartyModel:316 - End build external matchings
2025-09-13 12:35:07,900 [INFO] UtilMem:75 - End LoadConfig() Used Memory: 826524520 Bytes (1073741824)
2025-09-13 12:35:07,920 [WARN] ThirdParty:833 - waiting for thirdparty lock release [change project]
2025-09-13 12:35:07,921 [INFO] ThirdParty:835 - entering critical section [change project]
2025-09-13 12:35:07,921 [INFO] ThirdParty:1030 - CMSIS Pack Vendor :STMicroelectronics X-CUBE-PM33A1 1.0.0
2025-09-13 12:35:07,921 [INFO] ThirdParty:1030 - CMSIS Pack Vendor :STMicroelectronics USBPD 4.1
2025-09-13 12:35:07,921 [INFO] ThirdParty:1030 - CMSIS Pack Vendor :STMicroelectronics X-CUBE-NFC9 1.0.0
2025-09-13 12:35:07,921 [INFO] ThirdParty:1030 - CMSIS Pack Vendor :STMicroelectronics USB_HOST 2.0.0
2025-09-13 12:35:07,921 [INFO] ThirdParty:1030 - CMSIS Pack Vendor :STMicroelectronics FP-SNS-MOTENVWB1 1.4.0
2025-09-13 12:35:07,921 [INFO] ThirdParty:1030 - CMSIS Pack Vendor :STMicroelectronics X-CUBE-AZRTOS-F4 1.1.0
2025-09-13 12:35:07,921 [INFO] ThirdParty:1030 - CMSIS Pack Vendor :STMicroelectronics LIBJPEG 8.0.0
2025-09-13 12:35:07,921 [INFO] ThirdParty:1030 - CMSIS Pack Vendor :STMicroelectronics FP-ATR-ASTRA1 2.0.2
2025-09-13 12:35:07,921 [INFO] ThirdParty:1030 - CMSIS Pack Vendor :wolfSSL I-CUBE-wolfSSL 5.8.2
2025-09-13 12:35:07,921 [INFO] ThirdParty:1030 - CMSIS Pack Vendor :STMicroelectronics X-CUBE-BLE1 7.1.0
2025-09-13 12:35:07,921 [INFO] ThirdParty:1030 - CMSIS Pack Vendor :Avnet-IotConnect X-CUBE-IoTC-DA16k-PMOD 1.0.0
2025-09-13 12:35:07,921 [INFO] ThirdParty:1030 - CMSIS Pack Vendor :STMicroelectronics X-CUBE-SMBUS 2.1.0
2025-09-13 12:35:07,921 [INFO] ThirdParty:1030 - CMSIS Pack Vendor :wolfSSL I-CUBE-wolfMQTT 1.19.2
2025-09-13 12:35:07,921 [INFO] ThirdParty:1030 - CMSIS Pack Vendor :STMicroelectronics USB_DEVICE 3.0.0
2025-09-13 12:35:07,921 [INFO] ThirdParty:1030 - CMSIS Pack Vendor :STMicroelectronics X-CUBE-ISPU 2.1.0
2025-09-13 12:35:07,921 [INFO] ThirdParty:1030 - CMSIS Pack Vendor :STMicroelectronics X-CUBE-EEPRMA1 5.2.0
2025-09-13 12:35:07,921 [INFO] ThirdParty:1030 - CMSIS Pack Vendor :STMicroelectronics X-CUBE-BLEMGR 4.1.0
2025-09-13 12:35:07,921 [INFO] ThirdParty:1030 - CMSIS Pack Vendor :STMicroelectronics X-CUBE-AZRTOS-WB 2.0.0
2025-09-13 12:35:07,921 [INFO] ThirdParty:1030 - CMSIS Pack Vendor :STMicroelectronics X-CUBE-ST60 1.0.0
2025-09-13 12:35:07,921 [INFO] ThirdParty:1030 - CMSIS Pack Vendor :STMicroelectronics X-CUBE-GNSS1 7.0.1
2025-09-13 12:35:07,921 [INFO] ThirdParty:1030 - CMSIS Pack Vendor :STMicroelectronics X-CUBE-NFC12 1.0.0
2025-09-13 12:35:07,921 [INFO] ThirdParty:1030 - CMSIS Pack Vendor :STMicroelectronics X-CUBE-AZRTOS-F7 1.1.0
2025-09-13 12:35:07,921 [INFO] ThirdParty:1030 - CMSIS Pack Vendor :STMicroelectronics X-CUBE-AZRTOS-L5 2.0.0
2025-09-13 12:35:07,921 [INFO] ThirdParty:1030 - CMSIS Pack Vendor :STMicroelectronics X-CUBE-TOUCHGFX 4.25.0
2025-09-13 12:35:07,921 [INFO] ThirdParty:1030 - CMSIS Pack Vendor :STMicroelectronics USB_DEVICE 2.0.0
2025-09-13 12:35:07,921 [INFO] ThirdParty:1030 - CMSIS Pack Vendor :STMicroelectronics X-CUBE-NFC6 3.1.0
2025-09-13 12:35:07,921 [INFO] ThirdParty:1030 - CMSIS Pack Vendor :quantropi X-CUBE-qispace-sdk-base 2.1.0
2025-09-13 12:35:07,921 [INFO] ThirdParty:1030 - CMSIS Pack Vendor :STMicroelectronics FreeRTOS 0.0.1
2025-09-13 12:35:07,921 [INFO] ThirdParty:1030 - CMSIS Pack Vendor :STMicroelectronics X-CUBE-AZRTOS-G0 1.1.0
2025-09-13 12:35:07,921 [INFO] ThirdParty:1030 - CMSIS Pack Vendor :STMicroelectronics X-CUBE-SAFEA1 1.2.2
2025-09-13 12:35:07,921 [INFO] ThirdParty:1030 - CMSIS Pack Vendor :STMicroelectronics X-CUBE-NFC4 3.0.0
2025-09-13 12:35:07,921 [INFO] ThirdParty:1030 - CMSIS Pack Vendor :STMicroelectronics X-CUBE-SUBG2 5.0.0
2025-09-13 12:35:07,921 [INFO] ThirdParty:1030 - CMSIS Pack Vendor :STMicroelectronics X-CUBE-AZRTOS-H7RS 1.1.0
2025-09-13 12:35:07,921 [INFO] ThirdParty:1030 - CMSIS Pack Vendor :STMicroelectronics STM32_WPAN 1.0.0
2025-09-13 12:35:07,921 [INFO] ThirdParty:1030 - CMSIS Pack Vendor :EmbeddedOffice I-CUBE-FS-RTOS 1.0.1
2025-09-13 12:35:07,921 [INFO] ThirdParty:1030 - CMSIS Pack Vendor :STMicroelectronics lwIP 2.0.3
2025-09-13 12:35:07,921 [INFO] ThirdParty:1030 - CMSIS Pack Vendor :WES I-CUBE-Cesium 1.4.0
2025-09-13 12:35:07,922 [INFO] ThirdParty:1030 - CMSIS Pack Vendor :Cesanta I-CUBE-Mongoose 7.13.0
2025-09-13 12:35:07,922 [INFO] ThirdParty:1030 - CMSIS Pack Vendor :STMicroelectronics USB_HOST 1.0.0
2025-09-13 12:35:07,922 [INFO] ThirdParty:1030 - CMSIS Pack Vendor :Infineon AIROC-Wi-Fi-Bluetooth-STM32 1.7.1
2025-09-13 12:35:07,922 [INFO] ThirdParty:1030 - CMSIS Pack Vendor :STMicroelectronics X-CUBE-AZRTOS-G4 2.0.0
2025-09-13 12:35:07,922 [INFO] ThirdParty:1030 - CMSIS Pack Vendor :STMicroelectronics X-CUBE-WB05N 2.0.0
2025-09-13 12:35:07,922 [INFO] ThirdParty:1030 - CMSIS Pack Vendor :STMicroelectronics PDM2PCM 3.1.0
2025-09-13 12:35:07,922 [INFO] ThirdParty:1030 - CMSIS Pack Vendor :STMicroelectronics PDM2PCM 3.3.0
2025-09-13 12:35:07,922 [INFO] ThirdParty:1030 - CMSIS Pack Vendor :wolfSSL I-CUBE-wolfTPM 3.8.0
2025-09-13 12:35:07,922 [INFO] ThirdParty:1030 - CMSIS Pack Vendor :STMicroelectronics X-CUBE-AZRTOS-H7 3.4.0
2025-09-13 12:35:07,922 [INFO] ThirdParty:1030 - CMSIS Pack Vendor :STMicroelectronics X-CUBE-DISPLAY 3.0.0
2025-09-13 12:35:07,922 [INFO] ThirdParty:1030 - CMSIS Pack Vendor :wolfSSL I-CUBE-wolfSSH 1.4.20
2025-09-13 12:35:07,922 [INFO] ThirdParty:1030 - CMSIS Pack Vendor :STMicroelectronics X-CUBE-NFC7 2.0.0
2025-09-13 12:35:07,922 [INFO] ThirdParty:1030 - CMSIS Pack Vendor :STMicroelectronics X-CUBE-TCPP 4.2.0
2025-09-13 12:35:07,922 [INFO] ThirdParty:1030 - CMSIS Pack Vendor :RealThread X-CUBE-RT-Thread_Nano 4.1.1
2025-09-13 12:35:07,922 [INFO] ThirdParty:1030 - CMSIS Pack Vendor :STMicroelectronics FP-ATR-SIGFOX1 3.2.0
2025-09-13 12:35:07,922 [INFO] ThirdParty:1030 - CMSIS Pack Vendor :STMicroelectronics X-CUBE-NFC10 1.0.0
2025-09-13 12:35:07,922 [INFO] ThirdParty:1030 - CMSIS Pack Vendor :STMicroelectronics X-CUBE-FREERTOS 1.3.1
2025-09-13 12:35:07,922 [INFO] ThirdParty:1030 - CMSIS Pack Vendor :STMicroelectronics HAL Drivers 0.0.0
2025-09-13 12:35:07,922 [INFO] ThirdParty:1030 - CMSIS Pack Vendor :STMicroelectronics MBEDTLS 2.16.2
2025-09-13 12:35:07,922 [INFO] ThirdParty:1030 - CMSIS Pack Vendor :STMicroelectronics X-CUBE-IPS 3.1.0
2025-09-13 12:35:07,922 [INFO] ThirdParty:1030 - CMSIS Pack Vendor :STMicroelectronics X-CUBE-ALS 1.0.2
2025-09-13 12:35:07,922 [INFO] ThirdParty:1030 - CMSIS Pack Vendor :emotas I-CUBE-CANOPEN 1.3.0
2025-09-13 12:35:07,922 [INFO] ThirdParty:1030 - CMSIS Pack Vendor :STMicroelectronics MBEDTLS 2.14.1
2025-09-13 12:35:07,922 [INFO] ThirdParty:1030 - CMSIS Pack Vendor :ITTIA_DB I-CUBE-ITTIADB 8.9.0
2025-09-13 12:35:07,922 [INFO] ThirdParty:1030 - CMSIS Pack Vendor :STMicroelectronics X-CUBE-STSE01 1.0.0
2025-09-13 12:35:07,922 [INFO] ThirdParty:1030 - CMSIS Pack Vendor :STMicroelectronics X-CUBE-ST67W61 1.0.0
2025-09-13 12:35:07,922 [INFO] ThirdParty:1030 - CMSIS Pack Vendor :STMicroelectronics FP-SNS-STBOX1 2.1.0
2025-09-13 12:35:07,922 [INFO] ThirdParty:1030 - CMSIS Pack Vendor :STMicroelectronics X-CUBE-AI 10.2.0
2025-09-13 12:35:07,922 [INFO] ThirdParty:1030 - CMSIS Pack Vendor :STMicroelectronics FP-SNS-STAIOTCFT 1.0.0
2025-09-13 12:35:07,922 [INFO] ThirdParty:1030 - CMSIS Pack Vendor :STMicroelectronics ThreadX 1.0.0
2025-09-13 12:35:07,922 [INFO] ThirdParty:1030 - CMSIS Pack Vendor :STMicroelectronics FP-SNS-SMARTAG2 1.2.0
2025-09-13 12:35:07,922 [INFO] ThirdParty:1030 - CMSIS Pack Vendor :STMicroelectronics FP-SNS-FLIGHT1 5.1.0
2025-09-13 12:35:07,922 [INFO] ThirdParty:1030 - CMSIS Pack Vendor :STMicroelectronics X-CUBE-AZRTOS-WL 2.0.0
2025-09-13 12:35:07,922 [INFO] ThirdParty:1030 - CMSIS Pack Vendor :SEGGER I-CUBE-embOS 1.3.1
2025-09-13 12:35:07,922 [INFO] ThirdParty:1030 - CMSIS Pack Vendor :STMicroelectronics X-CUBE-ALGOBUILD 1.4.0
2025-09-13 12:35:07,922 [INFO] ThirdParty:1030 - CMSIS Pack Vendor :STMicroelectronics X-CUBE-DPower 1.3.0
2025-09-13 12:35:07,922 [INFO] ThirdParty:1030 - CMSIS Pack Vendor :STMicroelectronics X-CUBE-MEMS1 11.3.0
2025-09-13 12:35:07,922 [INFO] ThirdParty:1030 - CMSIS Pack Vendor :STMicroelectronics FP-SNS-MOTENV1 5.0.0
2025-09-13 12:35:07,922 [INFO] ThirdParty:1030 - CMSIS Pack Vendor :STMicroelectronics USB_DEVICE 1.0.0
2025-09-13 12:35:07,922 [INFO] ThirdParty:1030 - CMSIS Pack Vendor :STMicroelectronics X-CUBE-AZRTOS-L4 2.0.0
2025-09-13 12:35:07,922 [INFO] ThirdParty:1030 - CMSIS Pack Vendor :STMicroelectronics ThreadX 0.0.2
2025-09-13 12:35:07,923 [INFO] ThirdParty:1030 - CMSIS Pack Vendor :STMicroelectronics lwIP 2.1.2
2025-09-13 12:35:07,923 [INFO] ThirdParty:1030 - CMSIS Pack Vendor :STMicroelectronics X-CUBE-SFXS2LP1 4.0.0
2025-09-13 12:35:07,923 [INFO] ThirdParty:1030 - CMSIS Pack Vendor :STMicroelectronics X-CUBE-BLE2 3.3.0
2025-09-13 12:35:07,923 [INFO] ThirdParty:1030 - CMSIS Pack Vendor :STMicroelectronics X-CUBE-TOF1 3.4.3
2025-09-13 12:35:07,923 [INFO] ThirdParty:1030 - CMSIS Pack Vendor :STMicroelectronics PDM2PCM 3.2.0
2025-09-13 12:35:07,923 [INFO] ThirdParty:841 - exiting critical section [change project]
2025-09-13 12:35:08,092 [INFO] PinOutPanel:1589 - setPackage(No Configuration,No Configuration)
2025-09-13 12:35:08,093 [INFO] PinOutPanel:1589 - setPackage(STM32F411CEUx,UFQFPN48)
2025-09-13 12:35:08,274 [INFO] UtilMem:75 - Before build in PCC Used Memory: 990626664 Bytes (1073741824)
2025-09-13 12:35:08,444 [INFO] UtilMem:75 - After build in PCC Used Memory: 619212944 Bytes (1073741824)
2025-09-13 12:35:08,461 [INFO] IPUIPlugin:80 - create IPUIPlugin
2025-09-13 12:35:08,462 [INFO] IPUIPlugin:80 - create IPUIPlugin
2025-09-13 12:35:08,462 [INFO] IPUIPlugin:80 - create IPUIPlugin
2025-09-13 12:35:08,462 [INFO] IPUIPlugin:80 - create IPUIPlugin
2025-09-13 12:35:08,462 [INFO] IPUIPlugin:80 - create IPUIPlugin
2025-09-13 12:35:08,462 [INFO] IPUIPlugin:80 - create IPUIPlugin
2025-09-13 12:35:08,462 [INFO] IPUIPlugin:80 - create IPUIPlugin
2025-09-13 12:35:08,462 [INFO] IPUIPlugin:80 - create IPUIPlugin
2025-09-13 12:35:08,462 [INFO] IPUIPlugin:80 - create IPUIPlugin
2025-09-13 12:35:08,462 [INFO] IPUIPlugin:80 - create IPUIPlugin
2025-09-13 12:35:08,462 [INFO] IPUIPlugin:80 - create IPUIPlugin
2025-09-13 12:35:08,462 [INFO] IPUIPlugin:80 - create IPUIPlugin
2025-09-13 12:35:08,463 [INFO] IPUIPlugin:80 - create IPUIPlugin
2025-09-13 12:35:08,463 [INFO] IPUIPlugin:80 - create IPUIPlugin
2025-09-13 12:35:08,463 [INFO] IPUIPlugin:80 - create IPUIPlugin
2025-09-13 12:35:08,463 [INFO] IPUIPlugin:80 - create IPUIPlugin
2025-09-13 12:35:08,463 [INFO] IPUIPlugin:80 - create IPUIPlugin
2025-09-13 12:35:08,463 [INFO] IPUIPlugin:80 - create IPUIPlugin
2025-09-13 12:35:08,463 [INFO] IPUIPlugin:80 - create IPUIPlugin
2025-09-13 12:35:08,463 [INFO] IPUIPlugin:80 - create IPUIPlugin
2025-09-13 12:35:08,463 [INFO] IPUIPlugin:80 - create IPUIPlugin
2025-09-13 12:35:08,464 [INFO] IPUIPlugin:80 - create IPUIPlugin
2025-09-13 12:35:08,464 [INFO] IPUIPlugin:80 - create IPUIPlugin
2025-09-13 12:35:08,464 [INFO] IPUIPlugin:80 - create IPUIPlugin
2025-09-13 12:35:08,464 [INFO] IPUIPlugin:80 - create IPUIPlugin
2025-09-13 12:35:08,464 [INFO] IPUIPlugin:80 - create IPUIPlugin
2025-09-13 12:35:08,464 [INFO] IPUIPlugin:80 - create IPUIPlugin
2025-09-13 12:35:08,464 [INFO] IPUIPlugin:80 - create IPUIPlugin
2025-09-13 12:35:08,465 [INFO] IPUIPlugin:80 - create IPUIPlugin
2025-09-13 12:35:08,465 [INFO] IPUIPlugin:80 - create IPUIPlugin
2025-09-13 12:35:08,465 [INFO] IPUIPlugin:80 - create IPUIPlugin
2025-09-13 12:35:08,465 [INFO] IPUIPlugin:80 - create IPUIPlugin
2025-09-13 12:35:08,465 [INFO] IPUIPlugin:80 - create IPUIPlugin
2025-09-13 12:35:08,465 [INFO] IPUIPlugin:80 - create IPUIPlugin
2025-09-13 12:35:08,465 [INFO] IPUIPlugin:80 - create IPUIPlugin
2025-09-13 12:35:08,466 [INFO] IPUIPlugin:80 - create IPUIPlugin
2025-09-13 12:35:08,466 [INFO] IPUIPlugin:80 - create IPUIPlugin
2025-09-13 12:35:08,466 [INFO] IPUIPlugin:80 - create IPUIPlugin
2025-09-13 12:35:08,466 [INFO] IPUIPlugin:80 - create IPUIPlugin
2025-09-13 12:35:08,466 [INFO] IPUIPlugin:80 - create IPUIPlugin
2025-09-13 12:35:08,467 [INFO] IPUIPlugin:80 - create IPUIPlugin
2025-09-13 12:35:08,467 [INFO] IPUIPlugin:80 - create IPUIPlugin
2025-09-13 12:35:08,467 [INFO] IPUIPlugin:80 - create IPUIPlugin
2025-09-13 12:35:08,470 [INFO] ApiDbMcu:532 - Load IP Config File for PDM2PCM
2025-09-13 12:35:08,487 [INFO] CADModel:165 - CPN selected for project levelSTM32F411CEU6
2025-09-13 12:35:08,487 [INFO] CADModel:114 - Register for checkConnection events
2025-09-13 12:35:08,527 [INFO] OpenFileManager:386 - Restore cursor
2025-09-13 12:35:08,865 [INFO] UtilMem:75 - End SaveConfig() Used Memory: 689803000 Bytes (1073741824)
2025-09-13 12:35:09,200 [INFO] ServerAccessManage:452 - Complete download http(s) 200
2025-09-13 12:35:09,385 [INFO] ServerAccessManage:509 - Download File stm32cube_fw_f4_v1280.zip
2025-09-13 12:35:11,203 [ERROR] AdobePublisher:162 - Exception while opening the connection: java.net.ConnectException: Connection refused: getsockopt
2025-09-13 12:35:13,239 [ERROR] AdobePublisher:162 - Exception while opening the connection: java.net.ConnectException: Connection refused: getsockopt
2025-09-13 12:35:15,267 [ERROR] AdobePublisher:162 - Exception while opening the connection: java.net.ConnectException: Connection refused: getsockopt
2025-09-13 12:35:17,308 [ERROR] AdobePublisher:162 - Exception while opening the connection: java.net.ConnectException: Connection refused: getsockopt
2025-09-13 12:35:19,341 [ERROR] AdobePublisher:162 - Exception while opening the connection: java.net.ConnectException: Connection refused: getsockopt
2025-09-13 12:35:52,192 [ERROR] AdobePublisher:162 - Exception while opening the connection: java.net.ConnectException: Connection refused: getsockopt
2025-09-13 12:35:54,244 [ERROR] AdobePublisher:162 - Exception while opening the connection: java.net.ConnectException: Connection refused: getsockopt
2025-09-13 12:35:56,296 [ERROR] AdobePublisher:162 - Exception while opening the connection: java.net.ConnectException: Connection refused: getsockopt
2025-09-13 12:35:58,324 [ERROR] AdobePublisher:162 - Exception while opening the connection: java.net.ConnectException: Connection refused: getsockopt
2025-09-13 12:36:00,363 [ERROR] AdobePublisher:162 - Exception while opening the connection: java.net.ConnectException: Connection refused: getsockopt
2025-09-13 12:36:00,364 [INFO] FileExtend:248 - Unzip File : stm32cube_fw_f4_v1280.zip
2025-09-13 12:36:00,364 [INFO] FileExtend:263 - Standard Zip Deflate
2025-09-13 12:36:50,407 [INFO] ServerAccessManage:452 - Complete download http(s) 200
2025-09-13 12:36:50,407 [INFO] ServerAccessManage:509 - Download File stm32cube_fw_f4_v1283.zip
2025-09-13 12:36:56,470 [INFO] FileExtend:248 - Unzip File : stm32cube_fw_f4_v1283.zip
2025-09-13 12:36:56,470 [INFO] FileExtend:263 - Standard Zip Deflate
2025-09-13 12:37:49,421 [ERROR] AdobePublisher:162 - Exception while opening the connection: java.net.ConnectException: Connection refused: getsockopt
2025-09-13 12:37:51,456 [ERROR] AdobePublisher:162 - Exception while opening the connection: java.net.ConnectException: Connection refused: getsockopt
2025-09-13 12:37:53,493 [ERROR] AdobePublisher:162 - Exception while opening the connection: java.net.ConnectException: Connection refused: getsockopt
2025-09-13 12:37:55,543 [ERROR] AdobePublisher:162 - Exception while opening the connection: java.net.ConnectException: Connection refused: getsockopt
2025-09-13 12:37:57,595 [ERROR] AdobePublisher:162 - Exception while opening the connection: java.net.ConnectException: Connection refused: getsockopt
2025-09-13 12:37:57,600 [INFO] LoadServerPackagesThread:196 - End of LoadServerPackages Thread
2025-09-13 12:37:58,068 [INFO] ThirdPartyModel:298 - Start build external matchings
2025-09-13 12:37:58,086 [INFO] UtilMem:75 - End SaveConfig() Used Memory: 760297856 Bytes (1073741824)
2025-09-13 12:37:58,995 [INFO] ThirdPartyModel:316 - End build external matchings
2025-09-13 12:37:59,014 [INFO] CheckServerUpdateThread:120 - End of CheckServer Thread
2025-09-13 12:37:59,224 [INFO] BlockDiagram:2775 - set Specific Code input for plugin: NVIC
2025-09-13 12:37:59,226 [INFO] BlockDiagram:2775 - set Specific Code input for plugin: RCC
2025-09-13 12:37:59,229 [INFO] CodeGenerator:892 - code generatio: config db path: G:\ST\STM32CubeIDE_1.19.0\STM32CubeIDE\plugins\com.st.stm32cube.common.mx_6.15.0.202507011659\\db\
2025-09-13 12:37:59,571 [INFO] CodeEngine:265 - oldGeneratedFile, G:\ST\workspace\try1\MXTmpFiles\license.tmp_save
2025-09-13 12:38:00,171 [INFO] CodeEngine:289 - Generated code: G:\ST\workspace\try1\MXTmpFiles\license.tmp
2025-09-13 12:38:00,206 [INFO] CodeEngine:265 - oldGeneratedFile, G:\ST\workspace\try1\Core\Src\stm32f4xx_it.c_save
2025-09-13 12:38:00,440 [INFO] CodeEngine:289 - Generated code: G:\ST\workspace\try1\Core\Src\stm32f4xx_it.c
2025-09-13 12:38:00,448 [INFO] CodeEngine:265 - oldGeneratedFile, G:\ST\workspace\try1\Core\Inc\stm32f4xx_it.h_save
2025-09-13 12:38:00,562 [INFO] CodeEngine:289 - Generated code: G:\ST\workspace\try1\Core\Inc\stm32f4xx_it.h
2025-09-13 12:38:00,575 [ERROR] AdobePublisher:162 - Exception while opening the connection: java.net.ConnectException: Connection refused: getsockopt
2025-09-13 12:38:00,662 [INFO] CodeEngine:265 - oldGeneratedFile, G:\ST\workspace\try1\Core\Src\stm32f4xx_hal_msp.c_save
2025-09-13 12:38:00,842 [INFO] CodeEngine:289 - Generated code: G:\ST\workspace\try1\Core\Src\stm32f4xx_hal_msp.c
2025-09-13 12:38:00,849 [INFO] CodeEngine:265 - oldGeneratedFile, G:\ST\workspace\try1\MXTmpFiles\system.tmp_save
2025-09-13 12:38:00,956 [INFO] CodeEngine:289 - Generated code: G:\ST\workspace\try1\MXTmpFiles\system.tmp
2025-09-13 12:38:00,977 [INFO] CodeEngine:321 - oldGeneratedFile, G:\ST\workspace\try1\Core\Inc\stm32f4xx_hal_conf.h_save
2025-09-13 12:38:01,094 [INFO] CodeEngine:345 - Generated code: G:\ST\workspace\try1\Core\Inc\stm32f4xx_hal_conf.h
2025-09-13 12:38:01,155 [INFO] ApiDbMcu:532 - Load IP Config File for RCC
2025-09-13 12:38:01,170 [INFO] CodeEngine:265 - oldGeneratedFile, G:\ST\workspace\try1\Core\Inc\main.h_save
2025-09-13 12:38:01,317 [INFO] CodeEngine:289 - Generated code: G:\ST\workspace\try1\Core\Inc\main.h
2025-09-13 12:38:01,325 [INFO] CodeEngine:265 - oldGeneratedFile, G:\ST\workspace\try1\Core\Src\main.c_save
2025-09-13 12:38:01,499 [INFO] CodeEngine:289 - Generated code: G:\ST\workspace\try1\Core\Src\main.c
2025-09-13 12:38:01,941 [INFO] ProjectBuilder:3606 - Time for Copy HAL[1] : 167mS.
2025-09-13 12:38:01,951 [INFO] ProjectBuilder:5216 - Project Generator version: 4.7.0-B52
2025-09-13 12:38:02,085 [INFO] ConfigFileManager:1595 - The Die is : DIE431
2025-09-13 12:38:02,097 [INFO] ApiDbMcu:532 - Load IP Config File for FATFS
2025-09-13 12:38:02,106 [INFO] ApiDbMcu:532 - Load IP Config File for FREERTOS
2025-09-13 12:38:02,110 [INFO] ApiDbMcu:532 - Load IP Config File for LIBJPEG
2025-09-13 12:38:02,120 [INFO] ApiDbMcu:532 - Load IP Config File for MBEDTLS
2025-09-13 12:38:02,136 [INFO] ApiDbMcu:532 - Load IP Config File for USB_DEVICE
2025-09-13 12:38:02,143 [INFO] ApiDbMcu:532 - Load IP Config File for USB_HOST
2025-09-13 12:38:02,615 [ERROR] AdobePublisher:162 - Exception while opening the connection: java.net.ConnectException: Connection refused: getsockopt
2025-09-13 12:38:02,655 [INFO] LogOutputStream:77 - [STDOUT_REDIRECT] 
2025-09-13 12:38:04,638 [ERROR] AdobePublisher:162 - Exception while opening the connection: java.net.ConnectException: Connection refused: getsockopt
2025-09-13 12:38:05,592 [INFO] ProjectBuilder:5496 - Time for Generating toolchain IDE Files: 3641mS.
2025-09-13 12:38:05,593 [INFO] ProjectBuilder:3463 - Time for Copy CMSIS : 1mS.
2025-09-13 12:38:05,596 [INFO] ProjectBuilder:3463 - Time for Copy CMSIS : 0mS.
2025-09-13 12:38:06,693 [ERROR] AdobePublisher:162 - Exception while opening the connection: java.net.ConnectException: Connection refused: getsockopt
2025-09-13 12:38:08,491 [ERROR] AdobePublisher:162 - Exception while opening the connection: java.net.SocketTimeoutException: Connect timed out
2025-09-13 12:38:08,647 [ERROR] AdobePublisher:162 - Exception while opening the connection: java.net.ConnectException: Connection refused: getsockopt
2025-09-13 12:38:08,738 [ERROR] AdobePublisher:162 - Exception while opening the connection: java.net.ConnectException: Connection refused: getsockopt
2025-09-13 12:38:10,493 [ERROR] AdobePublisher:162 - Exception while opening the connection: java.net.SocketTimeoutException: Connect timed out
2025-09-13 12:38:10,682 [ERROR] AdobePublisher:162 - Exception while opening the connection: java.net.ConnectException: Connection refused: getsockopt
2025-09-13 12:38:12,494 [ERROR] AdobePublisher:162 - Exception while opening the connection: java.net.SocketTimeoutException: Connect timed out
2025-09-13 12:38:12,739 [ERROR] AdobePublisher:162 - Exception while opening the connection: java.net.ConnectException: Connection refused: getsockopt
2025-09-13 12:38:14,496 [ERROR] AdobePublisher:162 - Exception while opening the connection: java.net.SocketTimeoutException: Connect timed out
2025-09-13 12:38:14,784 [ERROR] AdobePublisher:162 - Exception while opening the connection: java.net.ConnectException: Connection refused: getsockopt
2025-09-13 12:38:16,498 [ERROR] AdobePublisher:162 - Exception while opening the connection: java.net.SocketTimeoutException: Connect timed out
2025-09-13 12:38:16,831 [ERROR] AdobePublisher:162 - Exception while opening the connection: java.net.ConnectException: Connection refused: getsockopt
2025-09-13 12:38:16,832 [INFO] McuFinderGlobals:76 - Set McuFinderConnectedMode to true
2025-09-13 12:38:16,836 [INFO] ApiDb:448 - Save user favorites file C:\Users\leoar/.stm32cubeide/favorites.mcus.txt: 0 item(s)
2025-09-13 12:38:16,836 [INFO] ApiDb:452 - User favorites MCUs=[]
2025-09-13 12:40:20,816 [INFO] UtilMem:75 - End SaveConfig() Used Memory: 855754352 Bytes (1073741824)
2025-09-13 12:40:23,218 [ERROR] AdobePublisher:162 - Exception while opening the connection: java.net.ConnectException: Connection refused: getsockopt
2025-09-13 12:40:25,261 [ERROR] AdobePublisher:162 - Exception while opening the connection: java.net.ConnectException: Connection refused: getsockopt
2025-09-13 12:40:27,314 [ERROR] AdobePublisher:162 - Exception while opening the connection: java.net.ConnectException: Connection refused: getsockopt
2025-09-13 12:40:29,086 [INFO] UtilMem:75 - End SaveConfig() Used Memory: 888869968 Bytes (1073741824)
2025-09-13 12:40:29,344 [ERROR] AdobePublisher:162 - Exception while opening the connection: java.net.ConnectException: Connection refused: getsockopt
2025-09-13 12:40:31,351 [ERROR] AdobePublisher:162 - Exception while opening the connection: java.net.ConnectException: Connection refused: getsockopt
2025-09-13 12:40:34,206 [INFO] UtilMem:75 - End SaveConfig() Used Memory: 632878376 Bytes (1073741824)
2025-09-13 12:40:34,646 [INFO] BlockDiagram:2775 - set Specific Code input for plugin: NVIC
2025-09-13 12:40:34,646 [INFO] BlockDiagram:2775 - set Specific Code input for plugin: GPIO
2025-09-13 12:40:34,646 [INFO] BlockDiagram:2775 - set Specific Code input for plugin: RCC
2025-09-13 12:40:34,653 [INFO] CodeGenerator:892 - code generatio: config db path: G:\ST\STM32CubeIDE_1.19.0\STM32CubeIDE\plugins\com.st.stm32cube.common.mx_6.15.0.202507011659\\db\
2025-09-13 12:40:34,769 [INFO] CodeEngine:265 - oldGeneratedFile, G:\ST\workspace\try1\MXTmpFiles\license.tmp_save
2025-09-13 12:40:34,997 [INFO] CodeEngine:289 - Generated code: G:\ST\workspace\try1\MXTmpFiles\license.tmp
2025-09-13 12:40:35,064 [INFO] CodeEngine:265 - oldGeneratedFile, G:\ST\workspace\try1\MXTmpFiles\gpio.tmp_save
2025-09-13 12:40:35,179 [INFO] CodeEngine:289 - Generated code: G:\ST\workspace\try1\MXTmpFiles\gpio.tmp
2025-09-13 12:40:35,194 [INFO] CodeEngine:265 - oldGeneratedFile, G:\ST\workspace\try1\Core\Src\stm32f4xx_it.c_save
2025-09-13 12:40:35,292 [INFO] CodeEngine:289 - Generated code: G:\ST\workspace\try1\Core\Src\stm32f4xx_it.c
2025-09-13 12:40:35,299 [INFO] CodeEngine:265 - oldGeneratedFile, G:\ST\workspace\try1\Core\Inc\stm32f4xx_it.h_save
2025-09-13 12:40:35,383 [INFO] CodeEngine:289 - Generated code: G:\ST\workspace\try1\Core\Inc\stm32f4xx_it.h
2025-09-13 12:40:35,410 [INFO] CodeEngine:265 - oldGeneratedFile, G:\ST\workspace\try1\Core\Src\stm32f4xx_hal_msp.c_save
2025-09-13 12:40:35,521 [INFO] CodeEngine:289 - Generated code: G:\ST\workspace\try1\Core\Src\stm32f4xx_hal_msp.c
2025-09-13 12:40:35,528 [INFO] CodeEngine:265 - oldGeneratedFile, G:\ST\workspace\try1\MXTmpFiles\system.tmp_save
2025-09-13 12:40:35,601 [INFO] CodeEngine:289 - Generated code: G:\ST\workspace\try1\MXTmpFiles\system.tmp
2025-09-13 12:40:35,615 [INFO] CodeEngine:321 - oldGeneratedFile, G:\ST\workspace\try1\Core\Inc\stm32f4xx_hal_conf.h_save
2025-09-13 12:40:35,691 [INFO] CodeEngine:345 - Generated code: G:\ST\workspace\try1\Core\Inc\stm32f4xx_hal_conf.h
2025-09-13 12:40:35,741 [INFO] CodeEngine:265 - oldGeneratedFile, G:\ST\workspace\try1\Core\Inc\main.h_save
2025-09-13 12:40:35,816 [INFO] CodeEngine:289 - Generated code: G:\ST\workspace\try1\Core\Inc\main.h
2025-09-13 12:40:35,822 [INFO] CodeEngine:265 - oldGeneratedFile, G:\ST\workspace\try1\Core\Src\main.c_save
2025-09-13 12:40:35,929 [INFO] CodeEngine:289 - Generated code: G:\ST\workspace\try1\Core\Src\main.c
2025-09-13 12:40:36,267 [INFO] ProjectBuilder:3606 - Time for Copy HAL[1] : 149mS.
2025-09-13 12:40:36,287 [INFO] ProjectBuilder:5216 - Project Generator version: 4.7.0-B52
2025-09-13 12:40:36,370 [INFO] ConfigFileManager:1595 - The Die is : DIE431
2025-09-13 12:40:37,423 [INFO] ProjectBuilder:5496 - Time for Generating toolchain IDE Files: 1136mS.
2025-09-13 12:40:37,424 [INFO] ProjectBuilder:3463 - Time for Copy CMSIS : 1mS.
2025-09-13 12:40:37,426 [INFO] ProjectBuilder:3463 - Time for Copy CMSIS : 0mS.
2025-09-13 12:48:40,921 [ERROR] AdobePublisher:162 - Exception while opening the connection: java.net.SocketTimeoutException: Connect timed out
2025-09-13 12:48:42,922 [ERROR] AdobePublisher:162 - Exception while opening the connection: java.net.SocketTimeoutException: Connect timed out
2025-09-13 12:48:44,924 [ERROR] AdobePublisher:162 - Exception while opening the connection: java.net.SocketTimeoutException: Connect timed out
2025-09-13 12:48:46,925 [ERROR] AdobePublisher:162 - Exception while opening the connection: java.net.SocketTimeoutException: Connect timed out
2025-09-13 12:48:48,926 [ERROR] AdobePublisher:162 - Exception while opening the connection: java.net.SocketTimeoutException: Connect timed out
2025-09-13 12:54:10,235 [ERROR] AdobePublisher:162 - Exception while opening the connection: java.net.SocketTimeoutException: Connect timed out
2025-09-13 12:54:12,237 [ERROR] AdobePublisher:162 - Exception while opening the connection: java.net.SocketTimeoutException: Connect timed out
2025-09-13 12:54:14,239 [ERROR] AdobePublisher:162 - Exception while opening the connection: java.net.SocketTimeoutException: Connect timed out
2025-09-13 12:54:16,240 [ERROR] AdobePublisher:162 - Exception while opening the connection: java.net.SocketTimeoutException: Connect timed out
2025-09-13 12:54:18,241 [ERROR] AdobePublisher:162 - Exception while opening the connection: java.net.SocketTimeoutException: Connect timed out
2025-09-13 12:54:39,178 [ERROR] AdobePublisher:162 - Exception while opening the connection: java.net.SocketTimeoutException: Connect timed out
2025-09-13 12:54:41,185 [ERROR] AdobePublisher:162 - Exception while opening the connection: java.net.SocketTimeoutException: Connect timed out
2025-09-13 12:54:43,187 [ERROR] AdobePublisher:162 - Exception while opening the connection: java.net.SocketTimeoutException: Connect timed out
2025-09-13 12:54:45,188 [ERROR] AdobePublisher:162 - Exception while opening the connection: java.net.SocketTimeoutException: Connect timed out
2025-09-13 12:54:47,190 [ERROR] AdobePublisher:162 - Exception while opening the connection: java.net.SocketTimeoutException: Connect timed out
2025-09-13 12:54:49,432 [ERROR] AdobePublisher:162 - Exception while opening the connection: java.net.SocketTimeoutException: Connect timed out
2025-09-13 12:54:51,434 [ERROR] AdobePublisher:162 - Exception while opening the connection: java.net.SocketTimeoutException: Connect timed out
2025-09-13 12:54:53,435 [ERROR] AdobePublisher:162 - Exception while opening the connection: java.net.SocketTimeoutException: Connect timed out
2025-09-13 12:54:55,437 [ERROR] AdobePublisher:162 - Exception while opening the connection: java.net.SocketTimeoutException: Connect timed out
2025-09-13 12:54:57,438 [ERROR] AdobePublisher:162 - Exception while opening the connection: java.net.SocketTimeoutException: Connect timed out
2025-09-13 13:05:04,698 [WARN] IP:2250 - I2C_Coeff_DF not found: check if there is a RefParameter without a condition.
2025-09-13 13:05:04,699 [WARN] IP:2250 - Analog_Filter not found: check if there is a RefParameter without a condition.
2025-09-13 13:05:04,700 [WARN] IP:2250 - I2C_Coeff_DF not found: check if there is a RefParameter without a condition.
2025-09-13 13:05:04,700 [WARN] IP:2250 - Analog_Filter not found: check if there is a RefParameter without a condition.
2025-09-13 13:05:04,701 [WARN] IP:2250 - I2C_Coeff_DF not found: check if there is a RefParameter without a condition.
2025-09-13 13:05:04,701 [WARN] IP:2250 - Analog_Filter not found: check if there is a RefParameter without a condition.
2025-09-13 13:05:04,862 [WARN] IP:2250 - I2C_Coeff_DF not found: check if there is a RefParameter without a condition.
2025-09-13 13:05:04,862 [WARN] IP:2250 - Analog_Filter not found: check if there is a RefParameter without a condition.
2025-09-13 13:05:04,877 [WARN] IP:2250 - I2C_Coeff_DF not found: check if there is a RefParameter without a condition.
2025-09-13 13:05:04,877 [WARN] IP:2250 - Analog_Filter not found: check if there is a RefParameter without a condition.
2025-09-13 13:05:04,996 [WARN] IP:2250 - I2C_Coeff_DF not found: check if there is a RefParameter without a condition.
2025-09-13 13:05:04,996 [WARN] IP:2250 - Analog_Filter not found: check if there is a RefParameter without a condition.
2025-09-13 13:05:04,997 [WARN] IP:2250 - I2C_Coeff_DF not found: check if there is a RefParameter without a condition.
2025-09-13 13:05:04,997 [WARN] IP:2250 - Analog_Filter not found: check if there is a RefParameter without a condition.
2025-09-13 13:05:05,092 [WARN] IP:2250 - I2C_Coeff_DF not found: check if there is a RefParameter without a condition.
2025-09-13 13:05:05,092 [WARN] IP:2250 - Analog_Filter not found: check if there is a RefParameter without a condition.
2025-09-13 13:05:26,422 [WARN] IP:2250 - I2C_Coeff_DF not found: check if there is a RefParameter without a condition.
2025-09-13 13:05:26,422 [WARN] IP:2250 - Analog_Filter not found: check if there is a RefParameter without a condition.
2025-09-13 13:05:26,423 [WARN] IP:2250 - I2C_Coeff_DF not found: check if there is a RefParameter without a condition.
2025-09-13 13:05:26,423 [WARN] IP:2250 - Analog_Filter not found: check if there is a RefParameter without a condition.
2025-09-13 13:05:26,500 [WARN] IP:2250 - I2C_Coeff_DF not found: check if there is a RefParameter without a condition.
2025-09-13 13:05:26,500 [WARN] IP:2250 - Analog_Filter not found: check if there is a RefParameter without a condition.
2025-09-13 13:05:26,506 [WARN] IP:2250 - I2C_Coeff_DF not found: check if there is a RefParameter without a condition.
2025-09-13 13:05:26,506 [WARN] IP:2250 - Analog_Filter not found: check if there is a RefParameter without a condition.
2025-09-13 13:05:36,885 [INFO] UtilMem:75 - End SaveConfig() Used Memory: 624844056 Bytes (1073741824)
2025-09-13 13:05:38,515 [INFO] UtilMem:75 - End SaveConfig() Used Memory: 645815576 Bytes (1073741824)
2025-09-13 13:05:39,301 [ERROR] AdobePublisher:162 - Exception while opening the connection: java.net.ConnectException: Connection refused: getsockopt
2025-09-13 13:05:40,379 [INFO] UtilMem:75 - End SaveConfig() Used Memory: 678321432 Bytes (1073741824)
2025-09-13 13:05:40,723 [INFO] BlockDiagram:2775 - set Specific Code input for plugin: NVIC
2025-09-13 13:05:40,723 [INFO] BlockDiagram:2775 - set Specific Code input for plugin: SYS
2025-09-13 13:05:40,723 [INFO] BlockDiagram:2775 - set Specific Code input for plugin: GPIO
2025-09-13 13:05:40,724 [INFO] BlockDiagram:2775 - set Specific Code input for plugin: RCC
2025-09-13 13:05:40,724 [INFO] BlockDiagram:2775 - set Specific Code input for plugin: I2C
2025-09-13 13:05:40,724 [INFO] CodeGenerator:892 - code generatio: config db path: G:\ST\STM32CubeIDE_1.19.0\STM32CubeIDE\plugins\com.st.stm32cube.common.mx_6.15.0.202507011659\\db\
2025-09-13 13:05:40,726 [WARN] IP:2250 - I2C_Coeff_DF not found: check if there is a RefParameter without a condition.
2025-09-13 13:05:40,726 [WARN] IP:2250 - Analog_Filter not found: check if there is a RefParameter without a condition.
2025-09-13 13:05:40,797 [INFO] CodeEngine:265 - oldGeneratedFile, G:\ST\workspace\try1\MXTmpFiles\license.tmp_save
2025-09-13 13:05:41,152 [INFO] CodeEngine:289 - Generated code: G:\ST\workspace\try1\MXTmpFiles\license.tmp
2025-09-13 13:05:41,192 [INFO] CodeEngine:265 - oldGeneratedFile, G:\ST\workspace\try1\MXTmpFiles\gpio.tmp_save
2025-09-13 13:05:41,328 [ERROR] AdobePublisher:162 - Exception while opening the connection: java.net.ConnectException: Connection refused: getsockopt
2025-09-13 13:05:41,370 [INFO] CodeEngine:289 - Generated code: G:\ST\workspace\try1\MXTmpFiles\gpio.tmp
2025-09-13 13:05:41,437 [INFO] CodeEngine:265 - oldGeneratedFile, G:\ST\workspace\try1\Core\Src\stm32f4xx_it.c_save
2025-09-13 13:05:41,669 [INFO] CodeEngine:289 - Generated code: G:\ST\workspace\try1\Core\Src\stm32f4xx_it.c
2025-09-13 13:05:41,676 [INFO] CodeEngine:265 - oldGeneratedFile, G:\ST\workspace\try1\Core\Inc\stm32f4xx_it.h_save
2025-09-13 13:05:41,751 [INFO] CodeEngine:289 - Generated code: G:\ST\workspace\try1\Core\Inc\stm32f4xx_it.h
2025-09-13 13:05:41,763 [INFO] CodeEngine:265 - oldGeneratedFile, G:\ST\workspace\try1\Core\Src\stm32f4xx_hal_msp.c_save
2025-09-13 13:05:41,897 [INFO] CodeEngine:289 - Generated code: G:\ST\workspace\try1\Core\Src\stm32f4xx_hal_msp.c
2025-09-13 13:05:41,904 [INFO] CodeEngine:265 - oldGeneratedFile, G:\ST\workspace\try1\MXTmpFiles\system.tmp_save
2025-09-13 13:05:41,965 [INFO] CodeEngine:289 - Generated code: G:\ST\workspace\try1\MXTmpFiles\system.tmp
2025-09-13 13:05:41,975 [INFO] CodeEngine:321 - oldGeneratedFile, G:\ST\workspace\try1\Core\Inc\stm32f4xx_hal_conf.h_save
2025-09-13 13:05:42,050 [INFO] CodeEngine:345 - Generated code: G:\ST\workspace\try1\Core\Inc\stm32f4xx_hal_conf.h
2025-09-13 13:05:42,079 [INFO] ApiDbMcu:532 - Load IP Config File for I2C1
2025-09-13 13:05:42,090 [INFO] CodeEngine:265 - oldGeneratedFile, G:\ST\workspace\try1\Core\Inc\main.h_save
2025-09-13 13:05:42,184 [INFO] CodeEngine:289 - Generated code: G:\ST\workspace\try1\Core\Inc\main.h
2025-09-13 13:05:42,191 [INFO] CodeEngine:265 - oldGeneratedFile, G:\ST\workspace\try1\Core\Src\main.c_save
2025-09-13 13:05:42,299 [INFO] CodeEngine:289 - Generated code: G:\ST\workspace\try1\Core\Src\main.c
2025-09-13 13:05:42,695 [INFO] ProjectBuilder:3606 - Time for Copy HAL[1] : 234mS.
2025-09-13 13:05:42,699 [INFO] ProjectBuilder:5216 - Project Generator version: 4.7.0-B52
2025-09-13 13:05:42,788 [INFO] ConfigFileManager:1595 - The Die is : DIE431
2025-09-13 13:05:43,382 [ERROR] AdobePublisher:162 - Exception while opening the connection: java.net.ConnectException: Connection refused: getsockopt
2025-09-13 13:05:43,644 [INFO] ProjectBuilder:5496 - Time for Generating toolchain IDE Files: 945mS.
2025-09-13 13:05:43,645 [INFO] ProjectBuilder:3463 - Time for Copy CMSIS : 1mS.
2025-09-13 13:05:43,649 [INFO] ProjectBuilder:3463 - Time for Copy CMSIS : 0mS.
2025-09-13 13:05:45,438 [ERROR] AdobePublisher:162 - Exception while opening the connection: java.net.ConnectException: Connection refused: getsockopt
2025-09-13 13:05:47,487 [ERROR] AdobePublisher:162 - Exception while opening the connection: java.net.ConnectException: Connection refused: getsockopt
2025-09-13 13:33:06,607 [ERROR] AdobePublisher:162 - Exception while opening the connection: java.net.SocketTimeoutException: Connect timed out
2025-09-13 13:33:08,608 [ERROR] AdobePublisher:162 - Exception while opening the connection: java.net.SocketTimeoutException: Connect timed out
2025-09-13 13:33:10,610 [ERROR] AdobePublisher:162 - Exception while opening the connection: java.net.SocketTimeoutException: Connect timed out
2025-09-13 13:33:12,611 [ERROR] AdobePublisher:162 - Exception while opening the connection: java.net.SocketTimeoutException: Connect timed out
2025-09-13 13:33:14,613 [ERROR] AdobePublisher:162 - Exception while opening the connection: java.net.SocketTimeoutException: Connect timed out
2025-09-13 13:33:16,875 [ERROR] AdobePublisher:162 - Exception while opening the connection: java.net.SocketTimeoutException: Connect timed out
2025-09-13 13:33:18,877 [ERROR] AdobePublisher:162 - Exception while opening the connection: java.net.SocketTimeoutException: Connect timed out
2025-09-13 13:33:20,878 [ERROR] AdobePublisher:162 - Exception while opening the connection: java.net.SocketTimeoutException: Connect timed out
2025-09-13 13:33:22,880 [ERROR] AdobePublisher:162 - Exception while opening the connection: java.net.SocketTimeoutException: Connect timed out
2025-09-13 13:33:24,882 [ERROR] AdobePublisher:162 - Exception while opening the connection: java.net.SocketTimeoutException: Connect timed out
2025-09-13 13:36:45,093 [ERROR] AdobePublisher:162 - Exception while opening the connection: java.net.SocketTimeoutException: Connect timed out
2025-09-13 13:36:47,095 [ERROR] AdobePublisher:162 - Exception while opening the connection: java.net.SocketTimeoutException: Connect timed out
2025-09-13 13:36:49,096 [ERROR] AdobePublisher:162 - Exception while opening the connection: java.net.SocketTimeoutException: Connect timed out
2025-09-13 13:36:51,097 [ERROR] AdobePublisher:162 - Exception while opening the connection: java.net.SocketTimeoutException: Connect timed out
2025-09-13 13:36:53,100 [ERROR] AdobePublisher:162 - Exception while opening the connection: java.net.SocketTimeoutException: Connect timed out
2025-09-13 13:36:55,385 [ERROR] AdobePublisher:162 - Exception while opening the connection: java.net.SocketTimeoutException: Connect timed out
2025-09-13 13:36:57,387 [ERROR] AdobePublisher:162 - Exception while opening the connection: java.net.SocketTimeoutException: Connect timed out
2025-09-13 13:36:59,388 [ERROR] AdobePublisher:162 - Exception while opening the connection: java.net.SocketTimeoutException: Connect timed out
2025-09-13 13:37:01,391 [ERROR] AdobePublisher:162 - Exception while opening the connection: java.net.SocketTimeoutException: Connect timed out
2025-09-13 13:37:03,392 [ERROR] AdobePublisher:162 - Exception while opening the connection: java.net.SocketTimeoutException: Connect timed out
2025-09-13 13:37:41,583 [ERROR] AdobePublisher:162 - Exception while opening the connection: java.net.SocketTimeoutException: Connect timed out
2025-09-13 13:37:43,586 [ERROR] AdobePublisher:162 - Exception while opening the connection: java.net.SocketTimeoutException: Connect timed out
2025-09-13 13:37:45,587 [ERROR] AdobePublisher:162 - Exception while opening the connection: java.net.SocketTimeoutException: Connect timed out
2025-09-13 13:37:47,590 [ERROR] AdobePublisher:162 - Exception while opening the connection: java.net.SocketTimeoutException: Connect timed out
2025-09-13 13:37:49,591 [ERROR] AdobePublisher:162 - Exception while opening the connection: java.net.SocketTimeoutException: Connect timed out
2025-09-13 13:37:51,858 [ERROR] AdobePublisher:162 - Exception while opening the connection: java.net.SocketTimeoutException: Connect timed out
2025-09-13 13:37:53,860 [ERROR] AdobePublisher:162 - Exception while opening the connection: java.net.SocketTimeoutException: Connect timed out
2025-09-13 13:37:55,861 [ERROR] AdobePublisher:162 - Exception while opening the connection: java.net.SocketTimeoutException: Connect timed out
2025-09-13 13:37:57,862 [ERROR] AdobePublisher:162 - Exception while opening the connection: java.net.SocketTimeoutException: Connect timed out
2025-09-13 13:37:59,863 [ERROR] AdobePublisher:162 - Exception while opening the connection: java.net.SocketTimeoutException: Connect timed out
2025-09-13 13:43:13,182 [ERROR] AdobePublisher:162 - Exception while opening the connection: java.net.SocketTimeoutException: Connect timed out
2025-09-13 13:43:15,184 [ERROR] AdobePublisher:162 - Exception while opening the connection: java.net.SocketTimeoutException: Connect timed out
2025-09-13 13:43:17,185 [ERROR] AdobePublisher:162 - Exception while opening the connection: java.net.SocketTimeoutException: Connect timed out
2025-09-13 13:43:19,187 [ERROR] AdobePublisher:162 - Exception while opening the connection: java.net.SocketTimeoutException: Connect timed out
2025-09-13 13:43:21,188 [ERROR] AdobePublisher:162 - Exception while opening the connection: java.net.SocketTimeoutException: Connect timed out
2025-09-13 13:43:23,426 [ERROR] AdobePublisher:162 - Exception while opening the connection: java.net.SocketTimeoutException: Connect timed out
2025-09-13 13:43:25,428 [ERROR] AdobePublisher:162 - Exception while opening the connection: java.net.SocketTimeoutException: Connect timed out
2025-09-13 13:43:27,429 [ERROR] AdobePublisher:162 - Exception while opening the connection: java.net.SocketTimeoutException: Connect timed out
2025-09-13 13:43:29,430 [ERROR] AdobePublisher:162 - Exception while opening the connection: java.net.SocketTimeoutException: Connect timed out
2025-09-13 13:43:31,432 [ERROR] AdobePublisher:162 - Exception while opening the connection: java.net.SocketTimeoutException: Connect timed out
2025-09-13 14:02:43,136 [ERROR] AdobePublisher:162 - Exception while opening the connection: java.net.SocketTimeoutException: Connect timed out
2025-09-13 14:02:45,139 [ERROR] AdobePublisher:162 - Exception while opening the connection: java.net.SocketTimeoutException: Connect timed out
2025-09-13 14:02:47,140 [ERROR] AdobePublisher:162 - Exception while opening the connection: java.net.SocketTimeoutException: Connect timed out
2025-09-13 14:02:49,141 [ERROR] AdobePublisher:162 - Exception while opening the connection: java.net.SocketTimeoutException: Connect timed out
2025-09-13 14:02:51,143 [ERROR] AdobePublisher:162 - Exception while opening the connection: java.net.SocketTimeoutException: Connect timed out
2025-09-13 14:02:53,423 [ERROR] AdobePublisher:162 - Exception while opening the connection: java.net.SocketTimeoutException: Connect timed out
2025-09-13 14:02:55,425 [ERROR] AdobePublisher:162 - Exception while opening the connection: java.net.SocketTimeoutException: Connect timed out
2025-09-13 14:02:57,427 [ERROR] AdobePublisher:162 - Exception while opening the connection: java.net.SocketTimeoutException: Connect timed out
2025-09-13 14:02:59,429 [ERROR] AdobePublisher:162 - Exception while opening the connection: java.net.SocketTimeoutException: Connect timed out
2025-09-13 14:03:01,430 [ERROR] AdobePublisher:162 - Exception while opening the connection: java.net.SocketTimeoutException: Connect timed out
2025-09-13 14:06:30,906 [ERROR] AdobePublisher:162 - Exception while opening the connection: java.net.SocketTimeoutException: Connect timed out
2025-09-13 14:06:32,908 [ERROR] AdobePublisher:162 - Exception while opening the connection: java.net.SocketTimeoutException: Connect timed out
2025-09-13 14:06:34,909 [ERROR] AdobePublisher:162 - Exception while opening the connection: java.net.SocketTimeoutException: Connect timed out
2025-09-13 14:06:36,912 [ERROR] AdobePublisher:162 - Exception while opening the connection: java.net.SocketTimeoutException: Connect timed out
2025-09-13 14:06:38,913 [ERROR] AdobePublisher:162 - Exception while opening the connection: java.net.SocketTimeoutException: Connect timed out
2025-09-13 14:06:41,171 [ERROR] AdobePublisher:162 - Exception while opening the connection: java.net.SocketTimeoutException: Connect timed out
2025-09-13 14:06:43,173 [ERROR] AdobePublisher:162 - Exception while opening the connection: java.net.SocketTimeoutException: Connect timed out
2025-09-13 14:06:45,175 [ERROR] AdobePublisher:162 - Exception while opening the connection: java.net.SocketTimeoutException: Connect timed out
2025-09-13 14:06:47,176 [ERROR] AdobePublisher:162 - Exception while opening the connection: java.net.SocketTimeoutException: Connect timed out
2025-09-13 14:06:49,177 [ERROR] AdobePublisher:162 - Exception while opening the connection: java.net.SocketTimeoutException: Connect timed out
2025-09-13 14:47:10,438 [WARN] IP:2250 - I2C_Coeff_DF not found: check if there is a RefParameter without a condition.
2025-09-13 14:47:10,439 [WARN] IP:2250 - Analog_Filter not found: check if there is a RefParameter without a condition.
2025-09-13 14:47:10,441 [WARN] IP:2250 - I2C_Coeff_DF not found: check if there is a RefParameter without a condition.
2025-09-13 14:47:10,441 [WARN] IP:2250 - Analog_Filter not found: check if there is a RefParameter without a condition.
2025-09-13 14:47:10,525 [INFO] NvicIntPanel:101 - NVIC parent = com.st.microxplorer.plugins.ip.nvic.MultiNvicIntPanel[,0,0,0x0,invalid,layout=javax.swing.BoxLayout,alignmentX=0.0,alignmentY=0.0,border=,flags=9,maximumSize=,minimumSize=,preferredSize=]
2025-09-13 14:47:10,607 [WARN] IP:2250 - I2C_Coeff_DF not found: check if there is a RefParameter without a condition.
2025-09-13 14:47:10,607 [WARN] IP:2250 - Analog_Filter not found: check if there is a RefParameter without a condition.
2025-09-13 14:47:10,624 [WARN] IP:2250 - I2C_Coeff_DF not found: check if there is a RefParameter without a condition.
2025-09-13 14:47:10,624 [WARN] IP:2250 - Analog_Filter not found: check if there is a RefParameter without a condition.
2025-09-13 14:47:14,607 [INFO] UtilMem:75 - End SaveConfig() Used Memory: 623928832 Bytes (1073741824)
2025-09-13 14:47:15,420 [INFO] UtilMem:75 - End SaveConfig() Used Memory: 645426688 Bytes (1073741824)
2025-09-13 14:47:20,784 [INFO] UtilMem:75 - End SaveConfig() Used Memory: 707814912 Bytes (1073741824)
2025-09-13 14:47:21,155 [INFO] BlockDiagram:2775 - set Specific Code input for plugin: NVIC
2025-09-13 14:47:21,155 [INFO] BlockDiagram:2775 - set Specific Code input for plugin: SYS
2025-09-13 14:47:21,155 [INFO] BlockDiagram:2775 - set Specific Code input for plugin: GPIO
2025-09-13 14:47:21,155 [INFO] BlockDiagram:2775 - set Specific Code input for plugin: RCC
2025-09-13 14:47:21,155 [INFO] BlockDiagram:2775 - set Specific Code input for plugin: I2C
2025-09-13 14:47:21,156 [INFO] CodeGenerator:892 - code generatio: config db path: G:\ST\STM32CubeIDE_1.19.0\STM32CubeIDE\plugins\com.st.stm32cube.common.mx_6.15.0.202507011659\\db\
2025-09-13 14:47:21,158 [WARN] IP:2250 - I2C_Coeff_DF not found: check if there is a RefParameter without a condition.
2025-09-13 14:47:21,158 [WARN] IP:2250 - Analog_Filter not found: check if there is a RefParameter without a condition.
2025-09-13 14:47:21,239 [INFO] CodeEngine:265 - oldGeneratedFile, G:\ST\workspace\try1\MXTmpFiles\license.tmp_save
2025-09-13 14:47:21,628 [INFO] CodeEngine:289 - Generated code: G:\ST\workspace\try1\MXTmpFiles\license.tmp
2025-09-13 14:47:21,662 [INFO] CodeEngine:265 - oldGeneratedFile, G:\ST\workspace\try1\MXTmpFiles\gpio.tmp_save
2025-09-13 14:47:21,855 [INFO] CodeEngine:289 - Generated code: G:\ST\workspace\try1\MXTmpFiles\gpio.tmp
2025-09-13 14:47:21,921 [INFO] CodeEngine:265 - oldGeneratedFile, G:\ST\workspace\try1\Core\Src\stm32f4xx_it.c_save
2025-09-13 14:47:22,190 [INFO] CodeEngine:289 - Generated code: G:\ST\workspace\try1\Core\Src\stm32f4xx_it.c
2025-09-13 14:47:22,204 [INFO] CodeEngine:265 - oldGeneratedFile, G:\ST\workspace\try1\Core\Inc\stm32f4xx_it.h_save
2025-09-13 14:47:22,293 [INFO] CodeEngine:289 - Generated code: G:\ST\workspace\try1\Core\Inc\stm32f4xx_it.h
2025-09-13 14:47:22,307 [INFO] CodeEngine:265 - oldGeneratedFile, G:\ST\workspace\try1\Core\Src\stm32f4xx_hal_msp.c_save
2025-09-13 14:47:22,442 [INFO] CodeEngine:289 - Generated code: G:\ST\workspace\try1\Core\Src\stm32f4xx_hal_msp.c
2025-09-13 14:47:22,448 [INFO] CodeEngine:265 - oldGeneratedFile, G:\ST\workspace\try1\MXTmpFiles\system.tmp_save
2025-09-13 14:47:22,521 [INFO] CodeEngine:289 - Generated code: G:\ST\workspace\try1\MXTmpFiles\system.tmp
2025-09-13 14:47:22,532 [INFO] CodeEngine:321 - oldGeneratedFile, G:\ST\workspace\try1\Core\Inc\stm32f4xx_hal_conf.h_save
2025-09-13 14:47:22,612 [INFO] CodeEngine:345 - Generated code: G:\ST\workspace\try1\Core\Inc\stm32f4xx_hal_conf.h
2025-09-13 14:47:22,647 [INFO] CodeEngine:265 - oldGeneratedFile, G:\ST\workspace\try1\Core\Inc\main.h_save
2025-09-13 14:47:22,737 [INFO] CodeEngine:289 - Generated code: G:\ST\workspace\try1\Core\Inc\main.h
2025-09-13 14:47:22,742 [INFO] CodeEngine:265 - oldGeneratedFile, G:\ST\workspace\try1\Core\Src\main.c_save
2025-09-13 14:47:22,853 [INFO] CodeEngine:289 - Generated code: G:\ST\workspace\try1\Core\Src\main.c
2025-09-13 14:47:23,290 [INFO] ProjectBuilder:3606 - Time for Copy HAL[1] : 216mS.
2025-09-13 14:47:23,293 [INFO] ProjectBuilder:5216 - Project Generator version: 4.7.0-B52
2025-09-13 14:47:23,379 [INFO] ConfigFileManager:1595 - The Die is : DIE431
2025-09-13 14:47:24,039 [INFO] ProjectBuilder:5496 - Time for Generating toolchain IDE Files: 746mS.
2025-09-13 14:47:24,040 [INFO] ProjectBuilder:3463 - Time for Copy CMSIS : 1mS.
2025-09-13 14:47:24,043 [INFO] ProjectBuilder:3463 - Time for Copy CMSIS : 1mS.
2025-09-13 14:47:42,743 [ERROR] AdobePublisher:162 - Exception while opening the connection: java.net.SocketTimeoutException: Connect timed out
2025-09-13 14:47:44,745 [ERROR] AdobePublisher:162 - Exception while opening the connection: java.net.SocketTimeoutException: Connect timed out
2025-09-13 14:47:46,747 [ERROR] AdobePublisher:162 - Exception while opening the connection: java.net.SocketTimeoutException: Connect timed out
2025-09-13 14:47:48,748 [ERROR] AdobePublisher:162 - Exception while opening the connection: java.net.SocketTimeoutException: Connect timed out
2025-09-13 14:47:50,749 [ERROR] AdobePublisher:162 - Exception while opening the connection: java.net.SocketTimeoutException: Connect timed out
2025-09-13 14:47:53,036 [ERROR] AdobePublisher:162 - Exception while opening the connection: java.net.SocketTimeoutException: Connect timed out
2025-09-13 14:47:55,037 [ERROR] AdobePublisher:162 - Exception while opening the connection: java.net.SocketTimeoutException: Connect timed out
2025-09-13 14:47:57,039 [ERROR] AdobePublisher:162 - Exception while opening the connection: java.net.SocketTimeoutException: Connect timed out
2025-09-13 14:47:59,040 [ERROR] AdobePublisher:162 - Exception while opening the connection: java.net.SocketTimeoutException: Connect timed out
2025-09-13 14:48:01,041 [ERROR] AdobePublisher:162 - Exception while opening the connection: java.net.SocketTimeoutException: Connect timed out
2025-09-13 14:56:26,537 [ERROR] AdobePublisher:162 - Exception while opening the connection: java.net.SocketTimeoutException: Connect timed out
2025-09-13 14:56:28,539 [ERROR] AdobePublisher:162 - Exception while opening the connection: java.net.SocketTimeoutException: Connect timed out
2025-09-13 14:56:30,541 [ERROR] AdobePublisher:162 - Exception while opening the connection: java.net.SocketTimeoutException: Connect timed out
2025-09-13 14:56:32,542 [ERROR] AdobePublisher:162 - Exception while opening the connection: java.net.SocketTimeoutException: Connect timed out
2025-09-13 14:56:34,544 [ERROR] AdobePublisher:162 - Exception while opening the connection: java.net.SocketTimeoutException: Connect timed out
2025-09-13 14:56:35,377 [ERROR] LogOutputStream:75 - [STDERR_REDIRECT] 
2025-09-13 14:56:35,377 [ERROR] LogOutputStream:75 - [STDERR_REDIRECT] 
